customer_id,customer_name,region
1,Customer 00001,Southwest
2,Customer 00002,Midwest
3,Customer 00003,West
4,Customer 00004,Southwest
5,Customer 00005,Northeast
6,Customer 00006,West
7,Customer 00007,Southwest
8,Customer 00008,West
9,Customer 00009,Northeast
10,Customer 00010,Midwest
11,Customer 00011,Southeast
12,Customer 00012,West
13,Customer 00013,Southwest
14,Customer 00014,West
15,Customer 00015,Midwest
16,Customer 00016,Southeast
17,Customer 00017,Midwest
18,Customer 00018,Northeast
19,Customer 00019,West
20,Customer 00020,Southwest
21,Customer 00021,Southwest
22,Customer 00022,Southeast
23,Customer 00023,West
24,Customer 00024,West
25,Customer 00025,Southwest
26,Customer 00026,Southeast
27,Customer 00027,Midwest
28,Customer 00028,Northeast
29,Customer 00029,Northeast
30,Customer 00030,Southwest
31,Customer 00031,Southwest
32,Customer 00032,West
33,Customer 00033,Southeast
34,Customer 00034,Southeast
35,Customer 00035,Midwest
36,Customer 00036,Southeast
37,Customer 00037,Northeast
38,Customer 00038,Midwest
39,Customer 00039,Southeast
40,Customer 00040,Southwest
41,Customer 00041,Midwest
42,Customer 00042,West
43,Customer 00043,Southwest
44,Customer 00044,Southeast
45,Customer 00045,West
46,Customer 00046,West
47,Customer 00047,Southeast
48,Customer 00048,Southeast
49,Customer 00049,Southwest
50,Customer 00050,Northeast
51,Customer 00051,Southeast
52,Customer 00052,Northeast
53,Customer 00053,West
54,Customer 00054,Southwest
55,Customer 00055,Southwest
56,Customer 00056,West
57,Customer 00057,Midwest
58,Customer 00058,Midwest
59,Customer 00059,Northeast
60,Customer 00060,Northeast
61,Customer 00061,Southwest
62,Customer 00062,Midwest
63,Customer 00063,Midwest
64,Customer 00064,Southwest
65,Customer 00065,Southwest
66,Customer 00066,Midwest
67,Customer 00067,Midwest
68,Customer 00068,Southeast
69,Customer 00069,Northeast
70,Customer 00070,Midwest
71,Customer 00071,Southeast
72,Customer 00072,Midwest
73,Customer 00073,West
74,Customer 00074,Southeast
75,Customer 00075,Northeast
76,Customer 00076,Southeast
77,Customer 00077,Southeast
78,Customer 00078,Southwest
79,Customer 00079,Midwest
80,Customer 00080,West
81,Customer 00081,Southwest
82,Customer 00082,Midwest
83,Customer 00083,West
84,Customer 00084,Northeast
85,Customer 00085,Northeast
86,Customer 00086,Northeast
87,Customer 00087,Southwest
88,Customer 00088,Midwest
89,Customer 00089,Northeast
90,Customer 00090,Midwest
91,Customer 00091,Northeast
92,Customer 00092,Southwest
93,Customer 00093,Midwest
94,Customer 00094,Southeast
95,Customer 00095,Southeast
96,Customer 00096,Southwest
97,Customer 00097,Southeast
98,Customer 00098,Northeast
99,Customer 00099,Northeast
100,Customer 00100,West
101,Customer 00101,West
102,Customer 00102,Southwest
103,Customer 00103,Southeast
104,Customer 00104,West
105,Customer 00105,Southwest
106,Customer 00106,Southwest
107,Customer 00107,Midwest
108,Customer 00108,Southeast
109,Customer 00109,Northeast
110,Customer 00110,West
111,Customer 00111,Midwest
112,Customer 00112,Southeast
113,Customer 00113,Southeast
114,Customer 00114,Midwest
115,Customer 00115,Northeast
116,Customer 00116,West
117,Customer 00117,Southwest
118,Customer 00118,Southwest
119,Customer 00119,Midwest
120,Customer 00120,Southwest
121,Customer 00121,Midwest
122,Customer 00122,Southwest
123,Customer 00123,Northeast
124,Customer 00124,Midwest
125,Customer 00125,Northeast
126,Customer 00126,Midwest
127,Customer 00127,Southeast
128,Customer 00128,Northeast
129,Customer 00129,Northeast
130,Customer 00130,Midwest
131,Customer 00131,Northeast
132,Customer 00132,West
133,Customer 00133,Midwest
134,Customer 00134,Southeast
135,Customer 00135,Midwest
136,Customer 00136,Northeast
137,Customer 00137,West
138,Customer 00138,Midwest
139,Customer 00139,West
140,Customer 00140,Northeast
141,Customer 00141,Midwest
142,Customer 00142,Midwest
143,Customer 00143,West
144,Customer 00144,Midwest
145,Customer 00145,Midwest
146,Customer 00146,Southeast
147,Customer 00147,Southeast
148,Customer 00148,Midwest
149,Customer 00149,Midwest
150,Customer 00150,Northeast
151,Customer 00151,West
152,Customer 00152,West
153,Customer 00153,Northeast
154,Customer 00154,Midwest
155,Customer 00155,Northeast
156,Customer 00156,Southwest
157,Customer 00157,Southeast
158,Customer 00158,Southwest
159,Customer 00159,Southwest
160,Customer 00160,Southwest
161,Customer 00161,Northeast
162,Customer 00162,West
163,Customer 00163,Southeast
164,Customer 00164,Northeast
165,Customer 00165,Midwest
166,Customer 00166,Southeast
167,Customer 00167,West
168,Customer 00168,West
169,Customer 00169,Southeast
170,Customer 00170,West
171,Customer 00171,Southeast
172,Customer 00172,Midwest
173,Customer 00173,Southeast
174,Customer 00174,West
175,Customer 00175,Northeast
176,Customer 00176,Northeast
177,Customer 00177,Midwest
178,Customer 00178,West
179,Customer 00179,West
180,Customer 00180,Southwest
181,Customer 00181,West
182,Customer 00182,West
183,Customer 00183,Midwest
184,Customer 00184,Southeast
185,Customer 00185,Southwest
186,Customer 00186,Southwest
187,Customer 00187,Southeast
188,Customer 00188,Northeast
189,Customer 00189,Southwest
190,Customer 00190,Southeast
191,Customer 00191,West
192,Customer 00192,Southeast
193,Customer 00193,Northeast
194,Customer 00194,West
195,Customer 00195,Northeast
196,Customer 00196,Northeast
197,Customer 00197,Midwest
198,Customer 00198,West
199,Customer 00199,Southeast
200,Customer 00200,Southeast
201,Customer 00201,Southwest
202,Customer 00202,West
203,Customer 00203,Midwest
204,Customer 00204,Northeast
205,Customer 00205,Northeast
206,Customer 00206,Southeast
207,Customer 00207,Northeast
208,Customer 00208,Southwest
209,Customer 00209,Northeast
210,Customer 00210,Midwest
211,Customer 00211,Southwest
212,Customer 00212,Midwest
213,Customer 00213,Southeast
214,Customer 00214,West
215,Customer 00215,Southwest
216,Customer 00216,Southwest
217,Customer 00217,Northeast
218,Customer 00218,Northeast
219,Customer 00219,West
220,Customer 00220,Southeast
221,Customer 00221,Southeast
222,Customer 00222,Midwest
223,Customer 00223,Southwest
224,Customer 00224,West
225,Customer 00225,Southeast
226,Customer 00226,West
227,Customer 00227,Northeast
228,Customer 00228,Midwest
229,Customer 00229,Southwest
230,Customer 00230,Northeast
231,Customer 00231,Northeast
232,Customer 00232,Midwest
233,Customer 00233,West
234,Customer 00234,Midwest
235,Customer 00235,West
236,Customer 00236,West
237,Customer 00237,Midwest
238,Customer 00238,West
239,Customer 00239,Northeast
240,Customer 00240,Northeast
241,Customer 00241,West
242,Customer 00242,West
243,Customer 00243,Southeast
244,Customer 00244,Midwest
245,Customer 00245,Southwest
246,Customer 00246,West
247,Customer 00247,Southwest
248,Customer 00248,Midwest
249,Customer 00249,Southeast
250,Customer 00250,Midwest
251,Customer 00251,Southwest
252,Customer 00252,West
253,Customer 00253,Midwest
254,Customer 00254,Southeast
255,Customer 00255,Southeast
256,Customer 00256,Southwest
257,Customer 00257,West
258,Customer 00258,Northeast
259,Customer 00259,Northeast
260,Customer 00260,Midwest
261,Customer 00261,Northeast
262,Customer 00262,West
263,Customer 00263,Southeast
264,Customer 00264,Northeast
265,Customer 00265,West
266,Customer 00266,Northeast
267,Customer 00267,Southeast
268,Customer 00268,Northeast
269,Customer 00269,Northeast
270,Customer 00270,Northeast
271,Customer 00271,Northeast
272,Customer 00272,Northeast
273,Customer 00273,Northeast
274,Customer 00274,Midwest
275,Customer 00275,Southwest
276,Customer 00276,Southeast
277,Customer 00277,Southeast
278,Customer 00278,Midwest
279,Customer 00279,West
280,Customer 00280,West
281,Customer 00281,Northeast
282,Customer 00282,Southeast
283,Customer 00283,Southeast
284,Customer 00284,Southeast
285,Customer 00285,Midwest
286,Customer 00286,Midwest
287,Customer 00287,Northeast
288,Customer 00288,Southeast
289,Customer 00289,Midwest
290,Customer 00290,Northeast
291,Customer 00291,West
292,Customer 00292,Northeast
293,Customer 00293,West
294,Customer 00294,Northeast
295,Customer 00295,West
296,Customer 00296,West
297,Customer 00297,West
298,Customer 00298,West
299,Customer 00299,Southwest
300,Customer 00300,Southwest
301,Customer 00301,Southwest
302,Customer 00302,Northeast
303,Customer 00303,Midwest
304,Customer 00304,Midwest
305,Customer 00305,West
306,Customer 00306,Midwest
307,Customer 00307,Southeast
308,Customer 00308,Southwest
309,Customer 00309,Southeast
310,Customer 00310,Northeast
311,Customer 00311,Midwest
312,Customer 00312,Midwest
313,Customer 00313,Southeast
314,Customer 00314,Southeast
315,Customer 00315,Southeast
316,Customer 00316,Southeast
317,Customer 00317,Southeast
318,Customer 00318,Southwest
319,Customer 00319,Southeast
320,Customer 00320,West
321,Customer 00321,West
322,Customer 00322,Midwest
323,Customer 00323,Southeast
324,Customer 00324,Midwest
325,Customer 00325,West
326,Customer 00326,Southwest
327,Customer 00327,West
328,Customer 00328,Midwest
329,Customer 00329,Southwest
330,Customer 00330,Southeast
331,Customer 00331,Southwest
332,Customer 00332,Southeast
333,Customer 00333,Southwest
334,Customer 00334,West
335,Customer 00335,Northeast
336,Customer 00336,Southwest
337,Customer 00337,Northeast
338,Customer 00338,Southwest
339,Customer 00339,Northeast
340,Customer 00340,West
341,Customer 00341,Northeast
342,Customer 00342,West
343,Customer 00343,West
344,Customer 00344,Midwest
345,Customer 00345,West
346,Customer 00346,West
347,Customer 00347,West
348,Customer 00348,Southeast
349,Customer 00349,Midwest
350,Customer 00350,Northeast
351,Customer 00351,Southwest
352,Customer 00352,Northeast
353,Customer 00353,Midwest
354,Customer 00354,Midwest
355,Customer 00355,Midwest
356,Customer 00356,Midwest
357,Customer 00357,Southwest
358,Customer 00358,West
359,Customer 00359,Midwest
360,Customer 00360,Midwest
361,Customer 00361,West
362,Customer 00362,Northeast
363,Customer 00363,Northeast
364,Customer 00364,Northeast
365,Customer 00365,Southwest
366,Customer 00366,Midwest
367,Customer 00367,Southwest
368,Customer 00368,Southwest
369,Customer 00369,Southeast
370,Customer 00370,West
371,Customer 00371,Southwest
372,Customer 00372,Southeast
373,Customer 00373,Southeast
374,Customer 00374,Southeast
375,Customer 00375,Northeast
376,Customer 00376,Northeast
377,Customer 00377,West
378,Customer 00378,Midwest
379,Customer 00379,Southeast
380,Customer 00380,Southwest
381,Customer 00381,Midwest
382,Customer 00382,West
383,Customer 00383,West
384,Customer 00384,Midwest
385,Customer 00385,Southeast
386,Customer 00386,West
387,Customer 00387,Southwest
388,Customer 00388,West
389,Customer 00389,Northeast
390,Customer 00390,West
391,Customer 00391,Southwest
392,Customer 00392,Northeast
393,Customer 00393,Midwest
394,Customer 00394,Southwest
395,Customer 00395,Northeast
396,Customer 00396,Midwest
397,Customer 00397,West
398,Customer 00398,Southeast
399,Customer 00399,Midwest
400,Customer 00400,Midwest
401,Customer 00401,Southeast
402,Customer 00402,West
403,Customer 00403,West
404,Customer 00404,Northeast
405,Customer 00405,West
406,Customer 00406,West
407,Customer 00407,Southeast
408,Customer 00408,West
409,Customer 00409,Northeast
410,Customer 00410,West
411,Customer 00411,Southwest
412,Customer 00412,Southwest
413,Customer 00413,Northeast
414,Customer 00414,West
415,Customer 00415,Northeast
416,Customer 00416,Southeast
417,Customer 00417,Northeast
418,Customer 00418,Southwest
419,Customer 00419,Southeast
420,Customer 00420,West
421,Customer 00421,Southwest
422,Customer 00422,Northeast
423,Customer 00423,Northeast
424,Customer 00424,Northeast
425,Customer 00425,Southwest
426,Customer 00426,West
427,Customer 00427,Southeast
428,Customer 00428,West
429,Customer 00429,Northeast
430,Customer 00430,West
431,Customer 00431,West
432,Customer 00432,Southwest
433,Customer 00433,Southwest
434,Customer 00434,West
435,Customer 00435,Northeast
436,Customer 00436,Southeast
437,Customer 00437,Northeast
438,Customer 00438,Midwest
439,Customer 00439,Southwest
440,Customer 00440,Southwest
441,Customer 00441,West
442,Customer 00442,Northeast
443,Customer 00443,Southwest
444,Customer 00444,Southeast
445,Customer 00445,Southeast
446,Customer 00446,Southwest
447,Customer 00447,West
448,Customer 00448,Southwest
449,Customer 00449,Northeast
450,Customer 00450,Southwest
451,Customer 00451,Northeast
452,Customer 00452,West
453,Customer 00453,Southwest
454,Customer 00454,Northeast
455,Customer 00455,Northeast
456,Customer 00456,Southeast
457,Customer 00457,West
458,Customer 00458,Midwest
459,Customer 00459,West
460,Customer 00460,Southwest
461,Customer 00461,Midwest
462,Customer 00462,Northeast
463,Customer 00463,West
464,Customer 00464,Southeast
465,Customer 00465,Midwest
466,Customer 00466,Southwest
467,Customer 00467,Southwest
468,Customer 00468,West
469,Customer 00469,Northeast
470,Customer 00470,Midwest
471,Customer 00471,Midwest
472,Customer 00472,Midwest
473,Customer 00473,Northeast
474,Customer 00474,Northeast
475,Customer 00475,Southeast
476,Customer 00476,Southeast
477,Customer 00477,Midwest
478,Customer 00478,Southwest
479,Customer 00479,Southwest
480,Customer 00480,Midwest
481,Customer 00481,Midwest
482,Customer 00482,Southeast
483,Customer 00483,Midwest
484,Customer 00484,Southeast
485,Customer 00485,Northeast
486,Customer 00486,Midwest
487,Customer 00487,Midwest
488,Customer 00488,Southeast
489,Customer 00489,Midwest
490,Customer 00490,Midwest
491,Customer 00491,Southwest
492,Customer 00492,Southwest
493,Customer 00493,Southwest
494,Customer 00494,Southeast
495,Customer 00495,West
496,Customer 00496,Midwest
497,Customer 00497,Midwest
498,Customer 00498,Southwest
499,Customer 00499,Southeast
500,Customer 00500,Midwest
501,Customer 00501,Southwest
502,Customer 00502,West
503,Customer 00503,West
504,Customer 00504,Midwest
505,Customer 00505,Midwest
506,Customer 00506,West
507,Customer 00507,Southeast
508,Customer 00508,West
509,Customer 00509,Midwest
510,Customer 00510,Northeast
511,Customer 00511,Northeast
512,Customer 00512,West
513,Customer 00513,Northeast
514,Customer 00514,Southeast
515,Customer 00515,Southeast
516,Customer 00516,Northeast
517,Customer 00517,Southeast
518,Customer 00518,Southwest
519,Customer 00519,Northeast
520,Customer 00520,West
521,Customer 00521,West
522,Customer 00522,Southeast
523,Customer 00523,Northeast
524,Customer 00524,Southwest
525,Customer 00525,Northeast
526,Customer 00526,Southeast
527,Customer 00527,West
528,Customer 00528,West
529,Customer 00529,Southwest
530,Customer 00530,Southeast
531,Customer 00531,Southwest
532,Customer 00532,Southwest
533,Customer 00533,Southeast
534,Customer 00534,Southwest
535,Customer 00535,Northeast
536,Customer 00536,Southeast
537,Customer 00537,Midwest
538,Customer 00538,Northeast
539,Customer 00539,Northeast
540,Customer 00540,West
541,Customer 00541,West
542,Customer 00542,Midwest
543,Customer 00543,West
544,Customer 00544,West
545,Customer 00545,Northeast
546,Customer 00546,Midwest
547,Customer 00547,Southeast
548,Customer 00548,Northeast
549,Customer 00549,Southwest
550,Customer 00550,Midwest
551,Customer 00551,Midwest
552,Customer 00552,Northeast
553,Customer 00553,Southeast
554,Customer 00554,West
555,Customer 00555,Northeast
556,Customer 00556,Southeast
557,Customer 00557,Southeast
558,Customer 00558,Midwest
559,Customer 00559,Midwest
560,Customer 00560,Midwest
561,Customer 00561,Northeast
562,Customer 00562,Southeast
563,Customer 00563,West
564,Customer 00564,Southwest
565,Customer 00565,Southwest
566,Customer 00566,Southwest
567,Customer 00567,Southwest
568,Customer 00568,Northeast
569,Customer 00569,Southeast
570,Customer 00570,Midwest
571,Customer 00571,Southeast
572,Customer 00572,West
573,Customer 00573,Midwest
574,Customer 00574,Southwest
575,Customer 00575,West
576,Customer 00576,Midwest
577,Customer 00577,West
578,Customer 00578,Midwest
579,Customer 00579,West
580,Customer 00580,Southeast
581,Customer 00581,Midwest
582,Customer 00582,Midwest
583,Customer 00583,Northeast
584,Customer 00584,Southeast
585,Customer 00585,West
586,Customer 00586,Southwest
587,Customer 00587,Northeast
588,Customer 00588,Southeast
589,Customer 00589,Southeast
590,Customer 00590,Northeast
591,Customer 00591,West
592,Customer 00592,Midwest
593,Customer 00593,Southeast
594,Customer 00594,Midwest
595,Customer 00595,Northeast
596,Customer 00596,Southeast
597,Customer 00597,Southwest
598,Customer 00598,Southwest
599,Customer 00599,West
600,Customer 00600,Southwest
601,Customer 00601,Midwest
602,Customer 00602,Southwest
603,Customer 00603,West
604,Customer 00604,Southwest
605,Customer 00605,West
606,Customer 00606,West
607,Customer 00607,West
608,Customer 00608,Northeast
609,Customer 00609,Southwest
610,Customer 00610,Midwest
611,Customer 00611,Midwest
612,Customer 00612,Southwest
613,Customer 00613,West
614,Customer 00614,West
615,Customer 00615,Southeast
616,Customer 00616,Southwest
617,Customer 00617,Southwest
618,Customer 00618,Southeast
619,Customer 00619,Northeast
620,Customer 00620,Northeast
621,Customer 00621,Southwest
622,Customer 00622,Midwest
623,Customer 00623,West
624,Customer 00624,Midwest
625,Customer 00625,West
626,Customer 00626,Midwest
627,Customer 00627,West
628,Customer 00628,Northeast
629,Customer 00629,Midwest
630,Customer 00630,West
631,Customer 00631,West
632,Customer 00632,West
633,Customer 00633,Northeast
634,Customer 00634,Southeast
635,Customer 00635,Northeast
636,Customer 00636,Northeast
637,Customer 00637,Southwest
638,Customer 00638,Southwest
639,Customer 00639,Southwest
640,Customer 00640,West
641,Customer 00641,Southwest
642,Customer 00642,West
643,Customer 00643,Northeast
644,Customer 00644,Southeast
645,Customer 00645,Southwest
646,Customer 00646,West
647,Customer 00647,Northeast
648,Customer 00648,Midwest
649,Customer 00649,Southwest
650,Customer 00650,Northeast
651,Customer 00651,Midwest
652,Customer 00652,West
653,Customer 00653,Southwest
654,Customer 00654,Southeast
655,Customer 00655,West
656,Customer 00656,Southeast
657,Customer 00657,West
658,Customer 00658,Southeast
659,Customer 00659,Midwest
660,Customer 00660,Southeast
661,Customer 00661,Southeast
662,Customer 00662,West
663,Customer 00663,Southeast
664,Customer 00664,Northeast
665,Customer 00665,Southeast
666,Customer 00666,Southwest
667,Customer 00667,West
668,Customer 00668,West
669,Customer 00669,Southeast
670,Customer 00670,Midwest
671,Customer 00671,Northeast
672,Customer 00672,Midwest
673,Customer 00673,West
674,Customer 00674,Southwest
675,Customer 00675,Midwest
676,Customer 00676,Southeast
677,Customer 00677,West
678,Customer 00678,Midwest
679,Customer 00679,Northeast
680,Customer 00680,Southeast
681,Customer 00681,Northeast
682,Customer 00682,Southeast
683,Customer 00683,Northeast
684,Customer 00684,Midwest
685,Customer 00685,Southwest
686,Customer 00686,Southeast
687,Customer 00687,Midwest
688,Customer 00688,West
689,Customer 00689,Southwest
690,Customer 00690,Midwest
691,Customer 00691,Southeast
692,Customer 00692,West
693,Customer 00693,Southeast
694,Customer 00694,Southeast
695,Customer 00695,West
696,Customer 00696,Midwest
697,Customer 00697,Southwest
698,Customer 00698,Midwest
699,Customer 00699,Southwest
700,Customer 00700,Southeast
701,Customer 00701,Southeast
702,Customer 00702,Southeast
703,Customer 00703,Northeast
704,Customer 00704,West
705,Customer 00705,Southeast
706,Customer 00706,Midwest
707,Customer 00707,West
708,Customer 00708,West
709,Customer 00709,Midwest
710,Customer 00710,Midwest
711,Customer 00711,West
712,Customer 00712,Southwest
713,Customer 00713,West
714,Customer 00714,West
715,Customer 00715,West
716,Customer 00716,Southeast
717,Customer 00717,Midwest
718,Customer 00718,Northeast
719,Customer 00719,Southwest
720,Customer 00720,West
721,Customer 00721,Midwest
722,Customer 00722,Midwest
723,Customer 00723,Northeast
724,Customer 00724,West
725,Customer 00725,Northeast
726,Customer 00726,Northeast
727,Customer 00727,Southeast
728,Customer 00728,Northeast
729,Customer 00729,Midwest
730,Customer 00730,Midwest
731,Customer 00731,Southeast
732,Customer 00732,Northeast
733,Customer 00733,Northeast
734,Customer 00734,Southeast
735,Customer 00735,Northeast
736,Customer 00736,Southwest
737,Customer 00737,Southeast
738,Customer 00738,Southeast
739,Customer 00739,Southeast
740,Customer 00740,Midwest
741,Customer 00741,Northeast
742,Customer 00742,Northeast
743,Customer 00743,West
744,Customer 00744,Northeast
745,Customer 00745,Midwest
746,Customer 00746,Midwest
747,Customer 00747,Southeast
748,Customer 00748,Midwest
749,Customer 00749,West
750,Customer 00750,West
751,Customer 00751,Southeast
752,Customer 00752,Southeast
753,Customer 00753,Southeast
754,Customer 00754,Midwest
755,Customer 00755,Southwest
756,Customer 00756,Southeast
757,Customer 00757,Southeast
758,Customer 00758,West
759,Customer 00759,Northeast
760,Customer 00760,Midwest
761,Customer 00761,Southwest
762,Customer 00762,Northeast
763,Customer 00763,Northeast
764,Customer 00764,Northeast
765,Customer 00765,West
766,Customer 00766,Northeast
767,Customer 00767,Southeast
768,Customer 00768,Northeast
769,Customer 00769,Northeast
770,Customer 00770,Southwest
771,Customer 00771,Southeast
772,Customer 00772,Midwest
773,Customer 00773,Midwest
774,Customer 00774,West
775,Customer 00775,Northeast
776,Customer 00776,West
777,Customer 00777,Southwest
778,Customer 00778,Northeast
779,Customer 00779,Southwest
780,Customer 00780,West
781,Customer 00781,Southeast
782,Customer 00782,West
783,Customer 00783,Midwest
784,Customer 00784,Southwest
785,Customer 00785,West
786,Customer 00786,Southeast
787,Customer 00787,West
788,Customer 00788,Southeast
789,Customer 00789,West
790,Customer 00790,Southwest
791,Customer 00791,Southeast
792,Customer 00792,Midwest
793,Customer 00793,Southeast
794,Customer 00794,Northeast
795,Customer 00795,Northeast
796,Customer 00796,Southeast
797,Customer 00797,Northeast
798,Customer 00798,Northeast
799,Customer 00799,Southwest
800,Customer 00800,Southwest
801,Customer 00801,Southwest
802,Customer 00802,Southeast
803,Customer 00803,West
804,Customer 00804,Midwest
805,Customer 00805,Northeast
806,Customer 00806,Northeast
807,Customer 00807,Southwest
808,Customer 00808,Northeast
809,Customer 00809,Midwest
810,Customer 00810,West
811,Customer 00811,Northeast
812,Customer 00812,Northeast
813,Customer 00813,West
814,Customer 00814,Midwest
815,Customer 00815,Northeast
816,Customer 00816,West
817,Customer 00817,West
818,Customer 00818,Midwest
819,Customer 00819,Southwest
820,Customer 00820,Southeast
821,Customer 00821,Northeast
822,Customer 00822,Midwest
823,Customer 00823,Southeast
824,Customer 00824,Southwest
825,Customer 00825,West
826,Customer 00826,Northeast
827,Customer 00827,Midwest
828,Customer 00828,Southeast
829,Customer 00829,West
830,Customer 00830,Southeast
831,Customer 00831,Southwest
832,Customer 00832,Midwest
833,Customer 00833,Southeast
834,Customer 00834,Southwest
835,Customer 00835,Southwest
836,Customer 00836,Midwest
837,Customer 00837,Southwest
838,Customer 00838,West
839,Customer 00839,Midwest
840,Customer 00840,Midwest
841,Customer 00841,Northeast
842,Customer 00842,West
843,Customer 00843,Midwest
844,Customer 00844,Midwest
845,Customer 00845,Northeast
846,Customer 00846,West
847,Customer 00847,Southeast
848,Customer 00848,Southwest
849,Customer 00849,Northeast
850,Customer 00850,West
851,Customer 00851,Northeast
852,Customer 00852,Southeast
853,Customer 00853,West
854,Customer 00854,West
855,Customer 00855,Southeast
856,Customer 00856,Midwest
857,Customer 00857,Southwest
858,Customer 00858,West
859,Customer 00859,Southeast
860,Customer 00860,Midwest
861,Customer 00861,Southwest
862,Customer 00862,Southwest
863,Customer 00863,West
864,Customer 00864,Midwest
865,Customer 00865,Northeast
866,Customer 00866,West
867,Customer 00867,West
868,Customer 00868,West
869,Customer 00869,Northeast
870,Customer 00870,Southeast
871,Customer 00871,Southwest
872,Customer 00872,Northeast
873,Customer 00873,West
874,Customer 00874,Southeast
875,Customer 00875,Southwest
876,Customer 00876,West
877,Customer 00877,Southeast
878,Customer 00878,Southeast
879,Customer 00879,Southwest
880,Customer 00880,Midwest
881,Customer 00881,Midwest
882,Customer 00882,Southwest
883,Customer 00883,West
884,Customer 00884,Midwest
885,Customer 00885,Southeast
886,Customer 00886,Southeast
887,Customer 00887,Southeast
888,Customer 00888,Northeast
889,Customer 00889,Northeast
890,Customer 00890,Southwest
891,Customer 00891,Southeast
892,Customer 00892,West
893,Customer 00893,Southeast
894,Customer 00894,Northeast
895,Customer 00895,Southwest
896,Customer 00896,West
897,Customer 00897,Southeast
898,Customer 00898,Southeast
899,Customer 00899,Southeast
900,Customer 00900,Midwest
901,Customer 00901,Midwest
902,Customer 00902,Southeast
903,Customer 00903,Northeast
904,Customer 00904,Midwest
905,Customer 00905,West
906,Customer 00906,Southwest
907,Customer 00907,Midwest
908,Customer 00908,Northeast
909,Customer 00909,Southeast
910,Customer 00910,Southeast
911,Customer 00911,Southwest
912,Customer 00912,West
913,Customer 00913,West
914,Customer 00914,West
915,Customer 00915,West
916,Customer 00916,West
917,Customer 00917,Northeast
918,Customer 00918,Northeast
919,Customer 00919,Southeast
920,Customer 00920,Midwest
921,Customer 00921,Northeast
922,Customer 00922,West
923,Customer 00923,Southwest
924,Customer 00924,Midwest
925,Customer 00925,Northeast
926,Customer 00926,Southeast
927,Customer 00927,Northeast
928,Customer 00928,West
929,Customer 00929,Midwest
930,Customer 00930,Southwest
931,Customer 00931,Southeast
932,Customer 00932,Southeast
933,Customer 00933,Midwest
934,Customer 00934,Southwest
935,Customer 00935,Southwest
936,Customer 00936,Southeast
937,Customer 00937,West
938,Customer 00938,Northeast
939,Customer 00939,West
940,Customer 00940,Northeast
941,Customer 00941,Southeast
942,Customer 00942,West
943,Customer 00943,Northeast
944,Customer 00944,Midwest
945,Customer 00945,Midwest
946,Customer 00946,Southeast
947,Customer 00947,Southwest
948,Customer 00948,West
949,Customer 00949,West
950,Customer 00950,Southeast
951,Customer 00951,Midwest
952,Customer 00952,Southeast
953,Customer 00953,Southeast
954,Customer 00954,Northeast
955,Customer 00955,West
956,Customer 00956,West
957,Customer 00957,Southwest
958,Customer 00958,Midwest
959,Customer 00959,Midwest
960,Customer 00960,Midwest
961,Customer 00961,Midwest
962,Customer 00962,Midwest
963,Customer 00963,Northeast
964,Customer 00964,Northeast
965,Customer 00965,West
966,Customer 00966,Midwest
967,Customer 00967,West
968,Customer 00968,Northeast
969,Customer 00969,Midwest
970,Customer 00970,Southeast
971,Customer 00971,Southeast
972,Customer 00972,Northeast
973,Customer 00973,Northeast
974,Customer 00974,West
975,Customer 00975,Southeast
976,Customer 00976,Southwest
977,Customer 00977,Midwest
978,Customer 00978,Midwest
979,Customer 00979,Midwest
980,Customer 00980,Southeast
981,Customer 00981,West
982,Customer 00982,West
983,Customer 00983,Southwest
984,Customer 00984,Midwest
985,Customer 00985,Northeast
986,Customer 00986,West
987,Customer 00987,Southeast
988,Customer 00988,Northeast
989,Customer 00989,Southeast
990,Customer 00990,West
991,Customer 00991,Southwest
992,Customer 00992,Southwest
993,Customer 00993,West
994,Customer 00994,Southeast
995,Customer 00995,West
996,Customer 00996,Midwest
997,Customer 00997,Southwest
998,Customer 00998,Northeast
999,Customer 00999,West
1000,Customer 01000,Southeast
1001,Customer 01001,Northeast
1002,Customer 01002,Midwest
1003,Customer 01003,Northeast
1004,Customer 01004,Northeast
1005,Customer 01005,Southwest
1006,Customer 01006,Southeast
1007,Customer 01007,West
1008,Customer 01008,Southeast
1009,Customer 01009,Southwest
1010,Customer 01010,Midwest
1011,Customer 01011,Southwest
1012,Customer 01012,Midwest
1013,Customer 01013,Midwest
1014,Customer 01014,West
1015,Customer 01015,Southeast
1016,Customer 01016,Northeast
1017,Customer 01017,Southwest
1018,Customer 01018,West
1019,Customer 01019,Northeast
1020,Customer 01020,Midwest
1021,Customer 01021,West
1022,Customer 01022,Southwest
1023,Customer 01023,West
1024,Customer 01024,Midwest
1025,Customer 01025,Southwest
1026,Customer 01026,Southeast
1027,Customer 01027,West
1028,Customer 01028,Southeast
1029,Customer 01029,Southwest
1030,Customer 01030,Midwest
1031,Customer 01031,Midwest
1032,Customer 01032,Southwest
1033,Customer 01033,Midwest
1034,Customer 01034,West
1035,Customer 01035,Midwest
1036,Customer 01036,Southwest
1037,Customer 01037,Southeast
1038,Customer 01038,Midwest
1039,Customer 01039,Midwest
1040,Customer 01040,Northeast
1041,Customer 01041,Northeast
1042,Customer 01042,Southwest
1043,Customer 01043,Southwest
1044,Customer 01044,Southwest
1045,Customer 01045,Northeast
1046,Customer 01046,Southeast
1047,Customer 01047,Southeast
1048,Customer 01048,Southwest
1049,Customer 01049,West
1050,Customer 01050,Southeast
1051,Customer 01051,Southwest
1052,Customer 01052,Northeast
1053,Customer 01053,Southeast
1054,Customer 01054,Northeast
1055,Customer 01055,Southeast
1056,Customer 01056,Southwest
1057,Customer 01057,West
1058,Customer 01058,Southeast
1059,Customer 01059,Midwest
1060,Customer 01060,Southwest
1061,Customer 01061,West
1062,Customer 01062,Southwest
1063,Customer 01063,Southeast
1064,Customer 01064,Southwest
1065,Customer 01065,Southeast
1066,Customer 01066,West
1067,Customer 01067,Southeast
1068,Customer 01068,Southwest
1069,Customer 01069,Northeast
1070,Customer 01070,Midwest
1071,Customer 01071,West
1072,Customer 01072,Southwest
1073,Customer 01073,Midwest
1074,Customer 01074,West
1075,Customer 01075,West
1076,Customer 01076,Southeast
1077,Customer 01077,Midwest
1078,Customer 01078,Midwest
1079,Customer 01079,Southwest
1080,Customer 01080,Southeast
1081,Customer 01081,Southeast
1082,Customer 01082,West
1083,Customer 01083,West
1084,Customer 01084,West
1085,Customer 01085,West
1086,Customer 01086,Southwest
1087,Customer 01087,Southwest
1088,Customer 01088,Southwest
1089,Customer 01089,Midwest
1090,Customer 01090,Midwest
1091,Customer 01091,Southeast
1092,Customer 01092,Southwest
1093,Customer 01093,Southeast
1094,Customer 01094,Southeast
1095,Customer 01095,Midwest
1096,Customer 01096,Midwest
1097,Customer 01097,Southeast
1098,Customer 01098,West
1099,Customer 01099,West
1100,Customer 01100,Northeast
1101,Customer 01101,Northeast
1102,Customer 01102,Southeast
1103,Customer 01103,West
1104,Customer 01104,West
1105,Customer 01105,Northeast
1106,Customer 01106,Southwest
1107,Customer 01107,Northeast
1108,Customer 01108,Southeast
1109,Customer 01109,West
1110,Customer 01110,Southeast
1111,Customer 01111,Northeast
1112,Customer 01112,Midwest
1113,Customer 01113,Southwest
1114,Customer 01114,West
1115,Customer 01115,West
1116,Customer 01116,Northeast
1117,Customer 01117,Northeast
1118,Customer 01118,West
1119,Customer 01119,Southeast
1120,Customer 01120,West
1121,Customer 01121,Southwest
1122,Customer 01122,Northeast
1123,Customer 01123,West
1124,Customer 01124,Northeast
1125,Customer 01125,Midwest
1126,Customer 01126,Midwest
1127,Customer 01127,Midwest
1128,Customer 01128,Southwest
1129,Customer 01129,Southwest
1130,Customer 01130,West
1131,Customer 01131,West
1132,Customer 01132,Midwest
1133,Customer 01133,Northeast
1134,Customer 01134,Southwest
1135,Customer 01135,West
1136,Customer 01136,Southeast
1137,Customer 01137,Midwest
1138,Customer 01138,Midwest
1139,Customer 01139,Northeast
1140,Customer 01140,Southwest
1141,Customer 01141,Southeast
1142,Customer 01142,West
1143,Customer 01143,West
1144,Customer 01144,West
1145,Customer 01145,Midwest
1146,Customer 01146,Southeast
1147,Customer 01147,Southwest
1148,Customer 01148,West
1149,Customer 01149,Midwest
1150,Customer 01150,West
1151,Customer 01151,Northeast
1152,Customer 01152,West
1153,Customer 01153,Northeast
1154,Customer 01154,Northeast
1155,Customer 01155,Midwest
1156,Customer 01156,Northeast
1157,Customer 01157,Northeast
1158,Customer 01158,Northeast
1159,Customer 01159,Midwest
1160,Customer 01160,Southwest
1161,Customer 01161,Northeast
1162,Customer 01162,Southwest
1163,Customer 01163,West
1164,Customer 01164,Northeast
1165,Customer 01165,Northeast
1166,Customer 01166,West
1167,Customer 01167,West
1168,Customer 01168,Midwest
1169,Customer 01169,West
1170,Customer 01170,Northeast
1171,Customer 01171,Southeast
1172,Customer 01172,Southwest
1173,Customer 01173,Southeast
1174,Customer 01174,Southwest
1175,Customer 01175,Midwest
1176,Customer 01176,Southwest
1177,Customer 01177,Midwest
1178,Customer 01178,Southeast
1179,Customer 01179,Southeast
1180,Customer 01180,Southeast
1181,Customer 01181,Southwest
1182,Customer 01182,Northeast
1183,Customer 01183,Northeast
1184,Customer 01184,Northeast
1185,Customer 01185,Northeast
1186,Customer 01186,West
1187,Customer 01187,Southeast
1188,Customer 01188,West
1189,Customer 01189,Northeast
1190,Customer 01190,Southwest
1191,Customer 01191,Midwest
1192,Customer 01192,Southeast
1193,Customer 01193,West
1194,Customer 01194,West
1195,Customer 01195,West
1196,Customer 01196,Southeast
1197,Customer 01197,Southeast
1198,Customer 01198,Southwest
1199,Customer 01199,Southeast
1200,Customer 01200,Southwest
1201,Customer 01201,Midwest
1202,Customer 01202,Midwest
1203,Customer 01203,West
1204,Customer 01204,Southwest
1205,Customer 01205,Northeast
1206,Customer 01206,Northeast
1207,Customer 01207,Southwest
1208,Customer 01208,Midwest
1209,Customer 01209,Southeast
1210,Customer 01210,Midwest
1211,Customer 01211,Southwest
1212,Customer 01212,West
1213,Customer 01213,Midwest
1214,Customer 01214,Southeast
1215,Customer 01215,Southeast
1216,Customer 01216,Midwest
1217,Customer 01217,Southeast
1218,Customer 01218,Midwest
1219,Customer 01219,Southwest
1220,Customer 01220,Northeast
1221,Customer 01221,Northeast
1222,Customer 01222,Southeast
1223,Customer 01223,West
1224,Customer 01224,Southwest
1225,Customer 01225,Northeast
1226,Customer 01226,West
1227,Customer 01227,Midwest
1228,Customer 01228,Midwest
1229,Customer 01229,West
1230,Customer 01230,Northeast
1231,Customer 01231,Southeast
1232,Customer 01232,Midwest
1233,Customer 01233,Southeast
1234,Customer 01234,Southwest
1235,Customer 01235,Southeast
1236,Customer 01236,Northeast
1237,Customer 01237,Southeast
1238,Customer 01238,Midwest
1239,Customer 01239,Northeast
1240,Customer 01240,Northeast
1241,Customer 01241,West
1242,Customer 01242,Southeast
1243,Customer 01243,Southeast
1244,Customer 01244,Northeast
1245,Customer 01245,Southeast
1246,Customer 01246,Southeast
1247,Customer 01247,Southwest
1248,Customer 01248,Southeast
1249,Customer 01249,West
1250,Customer 01250,West
1251,Customer 01251,Northeast
1252,Customer 01252,Northeast
1253,Customer 01253,Northeast
1254,Customer 01254,Southwest
1255,Customer 01255,Northeast
1256,Customer 01256,West
1257,Customer 01257,Southwest
1258,Customer 01258,West
1259,Customer 01259,Midwest
1260,Customer 01260,West
1261,Customer 01261,Northeast
1262,Customer 01262,Midwest
1263,Customer 01263,Southeast
1264,Customer 01264,West
1265,Customer 01265,Midwest
1266,Customer 01266,West
1267,Customer 01267,Northeast
1268,Customer 01268,West
1269,Customer 01269,Midwest
1270,Customer 01270,Midwest
1271,Customer 01271,West
1272,Customer 01272,Southeast
1273,Customer 01273,Southeast
1274,Customer 01274,Midwest
1275,Customer 01275,Northeast
1276,Customer 01276,Southeast
1277,Customer 01277,Southeast
1278,Customer 01278,Northeast
1279,Customer 01279,West
1280,Customer 01280,Midwest
1281,Customer 01281,Southeast
1282,Customer 01282,Midwest
1283,Customer 01283,Midwest
1284,Customer 01284,Southwest
1285,Customer 01285,West
1286,Customer 01286,West
1287,Customer 01287,Southeast
1288,Customer 01288,Southeast
1289,Customer 01289,Midwest
1290,Customer 01290,Midwest
1291,Customer 01291,Midwest
1292,Customer 01292,Southwest
1293,Customer 01293,Midwest
1294,Customer 01294,Southeast
1295,Customer 01295,Southeast
1296,Customer 01296,Southeast
1297,Customer 01297,Northeast
1298,Customer 01298,Northeast
1299,Customer 01299,Southwest
1300,Customer 01300,Southeast
1301,Customer 01301,Southeast
1302,Customer 01302,Midwest
1303,Customer 01303,Southwest
1304,Customer 01304,Southeast
1305,Customer 01305,West
1306,Customer 01306,West
1307,Customer 01307,Midwest
1308,Customer 01308,Southwest
1309,Customer 01309,Northeast
1310,Customer 01310,West
1311,Customer 01311,Southeast
1312,Customer 01312,West
1313,Customer 01313,Midwest
1314,Customer 01314,Northeast
1315,Customer 01315,Northeast
1316,Customer 01316,Southwest
1317,Customer 01317,Midwest
1318,Customer 01318,Northeast
1319,Customer 01319,Southwest
1320,Customer 01320,West
1321,Customer 01321,Midwest
1322,Customer 01322,Midwest
1323,Customer 01323,Northeast
1324,Customer 01324,West
1325,Customer 01325,Southeast
1326,Customer 01326,West
1327,Customer 01327,Southeast
1328,Customer 01328,Midwest
1329,Customer 01329,Southeast
1330,Customer 01330,Northeast
1331,Customer 01331,Southwest
1332,Customer 01332,Midwest
1333,Customer 01333,Midwest
1334,Customer 01334,West
1335,Customer 01335,West
1336,Customer 01336,West
1337,Customer 01337,Southeast
1338,Customer 01338,Midwest
1339,Customer 01339,West
1340,Customer 01340,Southeast
1341,Customer 01341,Northeast
1342,Customer 01342,West
1343,Customer 01343,Midwest
1344,Customer 01344,Midwest
1345,Customer 01345,West
1346,Customer 01346,Southwest
1347,Customer 01347,Midwest
1348,Customer 01348,Southeast
1349,Customer 01349,Midwest
1350,Customer 01350,Northeast
1351,Customer 01351,West
1352,Customer 01352,West
1353,Customer 01353,Southeast
1354,Customer 01354,Southeast
1355,Customer 01355,West
1356,Customer 01356,Northeast
1357,Customer 01357,Midwest
1358,Customer 01358,Midwest
1359,Customer 01359,Southwest
1360,Customer 01360,Northeast
1361,Customer 01361,Southwest
1362,Customer 01362,Southeast
1363,Customer 01363,Southwest
1364,Customer 01364,Northeast
1365,Customer 01365,Midwest
1366,Customer 01366,Midwest
1367,Customer 01367,Southeast
1368,Customer 01368,Northeast
1369,Customer 01369,Southeast
1370,Customer 01370,Southeast
1371,Customer 01371,Northeast
1372,Customer 01372,West
1373,Customer 01373,Midwest
1374,Customer 01374,West
1375,Customer 01375,West
1376,Customer 01376,Northeast
1377,Customer 01377,Southwest
1378,Customer 01378,West
1379,Customer 01379,Southwest
1380,Customer 01380,Midwest
1381,Customer 01381,Midwest
1382,Customer 01382,Northeast
1383,Customer 01383,Midwest
1384,Customer 01384,West
1385,Customer 01385,West
1386,Customer 01386,Northeast
1387,Customer 01387,Southwest
1388,Customer 01388,Southeast
1389,Customer 01389,West
1390,Customer 01390,Northeast
1391,Customer 01391,West
1392,Customer 01392,West
1393,Customer 01393,Northeast
1394,Customer 01394,Northeast
1395,Customer 01395,West
1396,Customer 01396,Northeast
1397,Customer 01397,Midwest
1398,Customer 01398,West
1399,Customer 01399,Midwest
1400,Customer 01400,Southeast
1401,Customer 01401,Midwest
1402,Customer 01402,Northeast
1403,Customer 01403,West
1404,Customer 01404,Southeast
1405,Customer 01405,Southeast
1406,Customer 01406,Southeast
1407,Customer 01407,West
1408,Customer 01408,Northeast
1409,Customer 01409,West
1410,Customer 01410,Southwest
1411,Customer 01411,West
1412,Customer 01412,West
1413,Customer 01413,West
1414,Customer 01414,West
1415,Customer 01415,Northeast
1416,Customer 01416,West
1417,Customer 01417,Midwest
1418,Customer 01418,Midwest
1419,Customer 01419,West
1420,Customer 01420,West
1421,Customer 01421,Southwest
1422,Customer 01422,Midwest
1423,Customer 01423,Midwest
1424,Customer 01424,Southeast
1425,Customer 01425,Southeast
1426,Customer 01426,Southeast
1427,Customer 01427,Northeast
1428,Customer 01428,Northeast
1429,Customer 01429,Southwest
1430,Customer 01430,Midwest
1431,Customer 01431,West
1432,Customer 01432,Southwest
1433,Customer 01433,Northeast
1434,Customer 01434,Northeast
1435,Customer 01435,Southeast
1436,Customer 01436,West
1437,Customer 01437,Southeast
1438,Customer 01438,Midwest
1439,Customer 01439,West
1440,Customer 01440,West
1441,Customer 01441,Southeast
1442,Customer 01442,Northeast
1443,Customer 01443,Northeast
1444,Customer 01444,Northeast
1445,Customer 01445,Southeast
1446,Customer 01446,Midwest
1447,Customer 01447,West
1448,Customer 01448,Midwest
1449,Customer 01449,Southwest
1450,Customer 01450,Southeast
1451,Customer 01451,West
1452,Customer 01452,Southwest
1453,Customer 01453,West
1454,Customer 01454,West
1455,Customer 01455,Southeast
1456,Customer 01456,Northeast
1457,Customer 01457,Southeast
1458,Customer 01458,Midwest
1459,Customer 01459,West
1460,Customer 01460,Southeast
1461,Customer 01461,Southwest
1462,Customer 01462,Midwest
1463,Customer 01463,Southeast
1464,Customer 01464,Southeast
1465,Customer 01465,Southwest
1466,Customer 01466,Southwest
1467,Customer 01467,Midwest
1468,Customer 01468,Southeast
1469,Customer 01469,Southwest
1470,Customer 01470,Northeast
1471,Customer 01471,West
1472,Customer 01472,Southeast
1473,Customer 01473,Northeast
1474,Customer 01474,Midwest
1475,Customer 01475,Midwest
1476,Customer 01476,Midwest
1477,Customer 01477,Midwest
1478,Customer 01478,West
1479,Customer 01479,Midwest
1480,Customer 01480,Midwest
1481,Customer 01481,Midwest
1482,Customer 01482,Northeast
1483,Customer 01483,Midwest
1484,Customer 01484,Southeast
1485,Customer 01485,Southwest
1486,Customer 01486,Northeast
1487,Customer 01487,West
1488,Customer 01488,Midwest
1489,Customer 01489,West
1490,Customer 01490,Midwest
1491,Customer 01491,Northeast
1492,Customer 01492,West
1493,Customer 01493,Southwest
1494,Customer 01494,West
1495,Customer 01495,Midwest
1496,Customer 01496,Southwest
1497,Customer 01497,West
1498,Customer 01498,Southwest
1499,Customer 01499,Southeast
1500,Customer 01500,Southwest
1501,Customer 01501,Southwest
1502,Customer 01502,West
1503,Customer 01503,Southeast
1504,Customer 01504,Midwest
1505,Customer 01505,West
1506,Customer 01506,Midwest
1507,Customer 01507,Southwest
1508,Customer 01508,Midwest
1509,Customer 01509,Southeast
1510,Customer 01510,Southwest
1511,Customer 01511,Northeast
1512,Customer 01512,Southeast
1513,Customer 01513,Southwest
1514,Customer 01514,Southwest
1515,Customer 01515,West
1516,Customer 01516,Southeast
1517,Customer 01517,Northeast
1518,Customer 01518,West
1519,Customer 01519,Northeast
1520,Customer 01520,Southeast
1521,Customer 01521,Southeast
1522,Customer 01522,Midwest
1523,Customer 01523,West
1524,Customer 01524,Southwest
1525,Customer 01525,Southwest
1526,Customer 01526,Northeast
1527,Customer 01527,Southeast
1528,Customer 01528,Midwest
1529,Customer 01529,Northeast
1530,Customer 01530,Southeast
1531,Customer 01531,Southeast
1532,Customer 01532,Northeast
1533,Customer 01533,Midwest
1534,Customer 01534,Southwest
1535,Customer 01535,Northeast
1536,Customer 01536,Midwest
1537,Customer 01537,West
1538,Customer 01538,Southwest
1539,Customer 01539,West
1540,Customer 01540,Midwest
1541,Customer 01541,West
1542,Customer 01542,Southeast
1543,Customer 01543,Southeast
1544,Customer 01544,Northeast
1545,Customer 01545,Midwest
1546,Customer 01546,Southeast
1547,Customer 01547,Southeast
1548,Customer 01548,Southwest
1549,Customer 01549,Southeast
1550,Customer 01550,Southeast
1551,Customer 01551,Northeast
1552,Customer 01552,Midwest
1553,Customer 01553,Southeast
1554,Customer 01554,Southeast
1555,Customer 01555,Southeast
1556,Customer 01556,Southwest
1557,Customer 01557,West
1558,Customer 01558,Midwest
1559,Customer 01559,Southwest
1560,Customer 01560,West
1561,Customer 01561,West
1562,Customer 01562,Southwest
1563,Customer 01563,West
1564,Customer 01564,West
1565,Customer 01565,West
1566,Customer 01566,Midwest
1567,Customer 01567,Northeast
1568,Customer 01568,Northeast
1569,Customer 01569,Midwest
1570,Customer 01570,Midwest
1571,Customer 01571,Midwest
1572,Customer 01572,Midwest
1573,Customer 01573,Midwest
1574,Customer 01574,West
1575,Customer 01575,Northeast
1576,Customer 01576,Southeast
1577,Customer 01577,West
1578,Customer 01578,West
1579,Customer 01579,West
1580,Customer 01580,West
1581,Customer 01581,West
1582,Customer 01582,Southeast
1583,Customer 01583,Midwest
1584,Customer 01584,Southeast
1585,Customer 01585,Southwest
1586,Customer 01586,West
1587,Customer 01587,Southeast
1588,Customer 01588,Midwest
1589,Customer 01589,Southeast
1590,Customer 01590,Northeast
1591,Customer 01591,Southeast
1592,Customer 01592,Northeast
1593,Customer 01593,West
1594,Customer 01594,Midwest
1595,Customer 01595,West
1596,Customer 01596,Southwest
1597,Customer 01597,Southeast
1598,Customer 01598,Northeast
1599,Customer 01599,West
1600,Customer 01600,Southeast
1601,Customer 01601,West
1602,Customer 01602,Northeast
1603,Customer 01603,Southwest
1604,Customer 01604,West
1605,Customer 01605,Southeast
1606,Customer 01606,Southeast
1607,Customer 01607,West
1608,Customer 01608,Southeast
1609,Customer 01609,Midwest
1610,Customer 01610,Midwest
1611,Customer 01611,Southeast
1612,Customer 01612,Southwest
1613,Customer 01613,Southwest
1614,Customer 01614,Southeast
1615,Customer 01615,West
1616,Customer 01616,Southeast
1617,Customer 01617,Northeast
1618,Customer 01618,Midwest
1619,Customer 01619,West
1620,Customer 01620,Northeast
1621,Customer 01621,Southeast
1622,Customer 01622,Midwest
1623,Customer 01623,West
1624,Customer 01624,Northeast
1625,Customer 01625,Southeast
1626,Customer 01626,Southwest
1627,Customer 01627,Southeast
1628,Customer 01628,Southeast
1629,Customer 01629,Southeast
1630,Customer 01630,Midwest
1631,Customer 01631,Midwest
1632,Customer 01632,West
1633,Customer 01633,Southwest
1634,Customer 01634,Southwest
1635,Customer 01635,West
1636,Customer 01636,Midwest
1637,Customer 01637,Midwest
1638,Customer 01638,West
1639,Customer 01639,Southeast
1640,Customer 01640,Southwest
1641,Customer 01641,Southwest
1642,Customer 01642,Northeast
1643,Customer 01643,Midwest
1644,Customer 01644,Southeast
1645,Customer 01645,Southeast
1646,Customer 01646,Midwest
1647,Customer 01647,Southeast
1648,Customer 01648,West
1649,Customer 01649,West
1650,Customer 01650,West
1651,Customer 01651,Southeast
1652,Customer 01652,Southeast
1653,Customer 01653,Southeast
1654,Customer 01654,Northeast
1655,Customer 01655,West
1656,Customer 01656,Midwest
1657,Customer 01657,Southeast
1658,Customer 01658,West
1659,Customer 01659,Southeast
1660,Customer 01660,Northeast
1661,Customer 01661,Northeast
1662,Customer 01662,Southwest
1663,Customer 01663,West
1664,Customer 01664,Southeast
1665,Customer 01665,West
1666,Customer 01666,West
1667,Customer 01667,West
1668,Customer 01668,Southeast
1669,Customer 01669,Northeast
1670,Customer 01670,West
1671,Customer 01671,Southeast
1672,Customer 01672,Southwest
1673,Customer 01673,Southwest
1674,Customer 01674,Northeast
1675,Customer 01675,West
1676,Customer 01676,West
1677,Customer 01677,Southwest
1678,Customer 01678,Midwest
1679,Customer 01679,West
1680,Customer 01680,Midwest
1681,Customer 01681,Southwest
1682,Customer 01682,West
1683,Customer 01683,Southwest
1684,Customer 01684,Southeast
1685,Customer 01685,Northeast
1686,Customer 01686,Southeast
1687,Customer 01687,Midwest
1688,Customer 01688,Midwest
1689,Customer 01689,Midwest
1690,Customer 01690,Southeast
1691,Customer 01691,West
1692,Customer 01692,West
1693,Customer 01693,Southeast
1694,Customer 01694,Southwest
1695,Customer 01695,Southwest
1696,Customer 01696,Midwest
1697,Customer 01697,Southeast
1698,Customer 01698,West
1699,Customer 01699,West
1700,Customer 01700,Southwest
1701,Customer 01701,West
1702,Customer 01702,West
1703,Customer 01703,Southeast
1704,Customer 01704,Southwest
1705,Customer 01705,Midwest
1706,Customer 01706,West
1707,Customer 01707,Northeast
1708,Customer 01708,Midwest
1709,Customer 01709,West
1710,Customer 01710,Southeast
1711,Customer 01711,West
1712,Customer 01712,Southeast
1713,Customer 01713,West
1714,Customer 01714,West
1715,Customer 01715,Southeast
1716,Customer 01716,Southwest
1717,Customer 01717,Southeast
1718,Customer 01718,Southwest
1719,Customer 01719,Southwest
1720,Customer 01720,West
1721,Customer 01721,Northeast
1722,Customer 01722,Southeast
1723,Customer 01723,Southwest
1724,Customer 01724,Midwest
1725,Customer 01725,Midwest
1726,Customer 01726,Northeast
1727,Customer 01727,Southeast
1728,Customer 01728,West
1729,Customer 01729,Northeast
1730,Customer 01730,Southeast
1731,Customer 01731,West
1732,Customer 01732,Northeast
1733,Customer 01733,Southwest
1734,Customer 01734,Southeast
1735,Customer 01735,West
1736,Customer 01736,Southwest
1737,Customer 01737,West
1738,Customer 01738,Southeast
1739,Customer 01739,Midwest
1740,Customer 01740,Southwest
1741,Customer 01741,Southeast
1742,Customer 01742,Southeast
1743,Customer 01743,Northeast
1744,Customer 01744,West
1745,Customer 01745,Southwest
1746,Customer 01746,Southwest
1747,Customer 01747,Southwest
1748,Customer 01748,Midwest
1749,Customer 01749,Midwest
1750,Customer 01750,Midwest
1751,Customer 01751,Southwest
1752,Customer 01752,Southeast
1753,Customer 01753,West
1754,Customer 01754,West
1755,Customer 01755,Southeast
1756,Customer 01756,Midwest
1757,Customer 01757,Northeast
1758,Customer 01758,West
1759,Customer 01759,West
1760,Customer 01760,West
1761,Customer 01761,Southeast
1762,Customer 01762,Northeast
1763,Customer 01763,Southeast
1764,Customer 01764,Northeast
1765,Customer 01765,Northeast
1766,Customer 01766,Northeast
1767,Customer 01767,West
1768,Customer 01768,Northeast
1769,Customer 01769,Northeast
1770,Customer 01770,West
1771,Customer 01771,Midwest
1772,Customer 01772,Southwest
1773,Customer 01773,Southwest
1774,Customer 01774,West
1775,Customer 01775,Southwest
1776,Customer 01776,Midwest
1777,Customer 01777,Southwest
1778,Customer 01778,Midwest
1779,Customer 01779,Southeast
1780,Customer 01780,Midwest
1781,Customer 01781,Northeast
1782,Customer 01782,West
1783,Customer 01783,Southeast
1784,Customer 01784,Northeast
1785,Customer 01785,Southeast
1786,Customer 01786,West
1787,Customer 01787,Southeast
1788,Customer 01788,Southwest
1789,Customer 01789,West
1790,Customer 01790,Northeast
1791,Customer 01791,Southwest
1792,Customer 01792,Southeast
1793,Customer 01793,Southeast
1794,Customer 01794,Southwest
1795,Customer 01795,West
1796,Customer 01796,Southeast
1797,Customer 01797,Midwest
1798,Customer 01798,Southeast
1799,Customer 01799,Midwest
1800,Customer 01800,Southwest
1801,Customer 01801,Southwest
1802,Customer 01802,Southwest
1803,Customer 01803,Northeast
1804,Customer 01804,Southwest
1805,Customer 01805,Southwest
1806,Customer 01806,Southwest
1807,Customer 01807,Northeast
1808,Customer 01808,Midwest
1809,Customer 01809,Midwest
1810,Customer 01810,Northeast
1811,Customer 01811,Southeast
1812,Customer 01812,Midwest
1813,Customer 01813,Southwest
1814,Customer 01814,Southeast
1815,Customer 01815,West
1816,Customer 01816,Midwest
1817,Customer 01817,Southwest
1818,Customer 01818,Midwest
1819,Customer 01819,Midwest
1820,Customer 01820,Southwest
1821,Customer 01821,West
1822,Customer 01822,Midwest
1823,Customer 01823,Midwest
1824,Customer 01824,Southwest
1825,Customer 01825,Southwest
1826,Customer 01826,Northeast
1827,Customer 01827,Midwest
1828,Customer 01828,Midwest
1829,Customer 01829,West
1830,Customer 01830,Midwest
1831,Customer 01831,Midwest
1832,Customer 01832,West
1833,Customer 01833,Midwest
1834,Customer 01834,Southeast
1835,Customer 01835,Southeast
1836,Customer 01836,Northeast
1837,Customer 01837,Northeast
1838,Customer 01838,Midwest
1839,Customer 01839,Southwest
1840,Customer 01840,Southwest
1841,Customer 01841,Northeast
1842,Customer 01842,Midwest
1843,Customer 01843,Northeast
1844,Customer 01844,West
1845,Customer 01845,Northeast
1846,Customer 01846,Southwest
1847,Customer 01847,Southeast
1848,Customer 01848,Southwest
1849,Customer 01849,Midwest
1850,Customer 01850,Southwest
1851,Customer 01851,Southeast
1852,Customer 01852,West
1853,Customer 01853,Midwest
1854,Customer 01854,Southwest
1855,Customer 01855,West
1856,Customer 01856,West
1857,Customer 01857,Southeast
1858,Customer 01858,Southeast
1859,Customer 01859,Southeast
1860,Customer 01860,Southeast
1861,Customer 01861,Midwest
1862,Customer 01862,West
1863,Customer 01863,West
1864,Customer 01864,Midwest
1865,Customer 01865,Southwest
1866,Customer 01866,West
1867,Customer 01867,West
1868,Customer 01868,Southeast
1869,Customer 01869,Midwest
1870,Customer 01870,West
1871,Customer 01871,Southeast
1872,Customer 01872,Midwest
1873,Customer 01873,West
1874,Customer 01874,West
1875,Customer 01875,West
1876,Customer 01876,West
1877,Customer 01877,Southeast
1878,Customer 01878,Southeast
1879,Customer 01879,Midwest
1880,Customer 01880,Midwest
1881,Customer 01881,Midwest
1882,Customer 01882,Southwest
1883,Customer 01883,Midwest
1884,Customer 01884,Southwest
1885,Customer 01885,Southeast
1886,Customer 01886,Southeast
1887,Customer 01887,Northeast
1888,Customer 01888,Southeast
1889,Customer 01889,West
1890,Customer 01890,Midwest
1891,Customer 01891,Southeast
1892,Customer 01892,Southwest
1893,Customer 01893,Midwest
1894,Customer 01894,Northeast
1895,Customer 01895,Southeast
1896,Customer 01896,Northeast
1897,Customer 01897,Southwest
1898,Customer 01898,Southeast
1899,Customer 01899,Northeast
1900,Customer 01900,Northeast
1901,Customer 01901,Midwest
1902,Customer 01902,Northeast
1903,Customer 01903,West
1904,Customer 01904,Northeast
1905,Customer 01905,Southwest
1906,Customer 01906,Midwest
1907,Customer 01907,Midwest
1908,Customer 01908,Northeast
1909,Customer 01909,West
1910,Customer 01910,West
1911,Customer 01911,Northeast
1912,Customer 01912,Northeast
1913,Customer 01913,West
1914,Customer 01914,Midwest
1915,Customer 01915,Northeast
1916,Customer 01916,Southeast
1917,Customer 01917,Southwest
1918,Customer 01918,Southwest
1919,Customer 01919,Midwest
1920,Customer 01920,West
1921,Customer 01921,Midwest
1922,Customer 01922,Southeast
1923,Customer 01923,Midwest
1924,Customer 01924,Southeast
1925,Customer 01925,Southeast
1926,Customer 01926,Northeast
1927,Customer 01927,Southeast
1928,Customer 01928,Southwest
1929,Customer 01929,Northeast
1930,Customer 01930,Midwest
1931,Customer 01931,Southwest
1932,Customer 01932,Southwest
1933,Customer 01933,Southwest
1934,Customer 01934,West
1935,Customer 01935,Southwest
1936,Customer 01936,Northeast
1937,Customer 01937,Midwest
1938,Customer 01938,Southwest
1939,Customer 01939,Southeast
1940,Customer 01940,Northeast
1941,Customer 01941,Southeast
1942,Customer 01942,Midwest
1943,Customer 01943,Midwest
1944,Customer 01944,Northeast
1945,Customer 01945,West
1946,Customer 01946,West
1947,Customer 01947,Southeast
1948,Customer 01948,West
1949,Customer 01949,Northeast
1950,Customer 01950,West
1951,Customer 01951,West
1952,Customer 01952,Northeast
1953,Customer 01953,Southwest
1954,Customer 01954,West
1955,Customer 01955,West
1956,Customer 01956,West
1957,Customer 01957,Midwest
1958,Customer 01958,Northeast
1959,Customer 01959,West
1960,Customer 01960,Southwest
1961,Customer 01961,Southwest
1962,Customer 01962,Midwest
1963,Customer 01963,Midwest
1964,Customer 01964,Northeast
1965,Customer 01965,Southwest
1966,Customer 01966,Northeast
1967,Customer 01967,Southwest
1968,Customer 01968,West
1969,Customer 01969,Midwest
1970,Customer 01970,Midwest
1971,Customer 01971,Southeast
1972,Customer 01972,West
1973,Customer 01973,Southwest
1974,Customer 01974,Southeast
1975,Customer 01975,Northeast
1976,Customer 01976,Southeast
1977,Customer 01977,Midwest
1978,Customer 01978,West
1979,Customer 01979,Southwest
1980,Customer 01980,Southeast
1981,Customer 01981,West
1982,Customer 01982,Southeast
1983,Customer 01983,West
1984,Customer 01984,Southeast
1985,Customer 01985,Southwest
1986,Customer 01986,West
1987,Customer 01987,Southeast
1988,Customer 01988,Southwest
1989,Customer 01989,West
1990,Customer 01990,Northeast
1991,Customer 01991,Northeast
1992,Customer 01992,Southwest
1993,Customer 01993,Southeast
1994,Customer 01994,Northeast
1995,Customer 01995,Midwest
1996,Customer 01996,Southwest
1997,Customer 01997,Southeast
1998,Customer 01998,Southeast
1999,Customer 01999,West
2000,Customer 02000,Midwest
2001,Customer 02001,West
2002,Customer 02002,Midwest
2003,Customer 02003,West
2004,Customer 02004,Southwest
2005,Customer 02005,Northeast
2006,Customer 02006,West
2007,Customer 02007,Midwest
2008,Customer 02008,Northeast
2009,Customer 02009,Northeast
2010,Customer 02010,Southwest
2011,Customer 02011,Northeast
2012,Customer 02012,Southeast
2013,Customer 02013,Northeast
2014,Customer 02014,Midwest
2015,Customer 02015,Midwest
2016,Customer 02016,Midwest
2017,Customer 02017,Southeast
2018,Customer 02018,Northeast
2019,Customer 02019,Southwest
2020,Customer 02020,Southeast
2021,Customer 02021,Southwest
2022,Customer 02022,Northeast
2023,Customer 02023,Northeast
2024,Customer 02024,Southeast
2025,Customer 02025,Midwest
2026,Customer 02026,Southeast
2027,Customer 02027,West
2028,Customer 02028,Southeast
2029,Customer 02029,Midwest
2030,Customer 02030,Midwest
2031,Customer 02031,Northeast
2032,Customer 02032,Midwest
2033,Customer 02033,Southeast
2034,Customer 02034,Midwest
2035,Customer 02035,Northeast
2036,Customer 02036,West
2037,Customer 02037,West
2038,Customer 02038,Northeast
2039,Customer 02039,Southwest
2040,Customer 02040,Southwest
2041,Customer 02041,Southeast
2042,Customer 02042,West
2043,Customer 02043,Southwest
2044,Customer 02044,West
2045,Customer 02045,West
2046,Customer 02046,Northeast
2047,Customer 02047,Midwest
2048,Customer 02048,Midwest
2049,Customer 02049,Northeast
2050,Customer 02050,Southeast
2051,Customer 02051,West
2052,Customer 02052,Northeast
2053,Customer 02053,Midwest
2054,Customer 02054,West
2055,Customer 02055,Southeast
2056,Customer 02056,Midwest
2057,Customer 02057,West
2058,Customer 02058,Midwest
2059,Customer 02059,Northeast
2060,Customer 02060,Northeast
2061,Customer 02061,West
2062,Customer 02062,Southeast
2063,Customer 02063,Midwest
2064,Customer 02064,Northeast
2065,Customer 02065,Midwest
2066,Customer 02066,West
2067,Customer 02067,Midwest
2068,Customer 02068,West
2069,Customer 02069,Southeast
2070,Customer 02070,Midwest
2071,Customer 02071,West
2072,Customer 02072,Midwest
2073,Customer 02073,Southeast
2074,Customer 02074,West
2075,Customer 02075,Southeast
2076,Customer 02076,Midwest
2077,Customer 02077,West
2078,Customer 02078,Southeast
2079,Customer 02079,Southeast
2080,Customer 02080,Northeast
2081,Customer 02081,Southeast
2082,Customer 02082,Southeast
2083,Customer 02083,Southwest
2084,Customer 02084,Southeast
2085,Customer 02085,Southwest
2086,Customer 02086,Southeast
2087,Customer 02087,Southeast
2088,Customer 02088,Southeast
2089,Customer 02089,Southwest
2090,Customer 02090,Midwest
2091,Customer 02091,Southeast
2092,Customer 02092,West
2093,Customer 02093,Midwest
2094,Customer 02094,Southeast
2095,Customer 02095,West
2096,Customer 02096,Southeast
2097,Customer 02097,Northeast
2098,Customer 02098,Midwest
2099,Customer 02099,Northeast
2100,Customer 02100,Southeast
2101,Customer 02101,Southwest
2102,Customer 02102,Northeast
2103,Customer 02103,West
2104,Customer 02104,West
2105,Customer 02105,Southwest
2106,Customer 02106,Southwest
2107,Customer 02107,Southwest
2108,Customer 02108,West
2109,Customer 02109,Southeast
2110,Customer 02110,Northeast
2111,Customer 02111,Midwest
2112,Customer 02112,Midwest
2113,Customer 02113,Northeast
2114,Customer 02114,Southwest
2115,Customer 02115,Northeast
2116,Customer 02116,West
2117,Customer 02117,Southeast
2118,Customer 02118,Northeast
2119,Customer 02119,Northeast
2120,Customer 02120,Southeast
2121,Customer 02121,Southeast
2122,Customer 02122,Northeast
2123,Customer 02123,Southeast
2124,Customer 02124,Southeast
2125,Customer 02125,Southeast
2126,Customer 02126,Southeast
2127,Customer 02127,Southeast
2128,Customer 02128,Southeast
2129,Customer 02129,Northeast
2130,Customer 02130,Northeast
2131,Customer 02131,Southeast
2132,Customer 02132,Southwest
2133,Customer 02133,West
2134,Customer 02134,West
2135,Customer 02135,Midwest
2136,Customer 02136,Midwest
2137,Customer 02137,Southeast
2138,Customer 02138,Southwest
2139,Customer 02139,Southwest
2140,Customer 02140,West
2141,Customer 02141,West
2142,Customer 02142,Midwest
2143,Customer 02143,Southwest
2144,Customer 02144,West
2145,Customer 02145,Southeast
2146,Customer 02146,West
2147,Customer 02147,Northeast
2148,Customer 02148,West
2149,Customer 02149,Southwest
2150,Customer 02150,Northeast
2151,Customer 02151,Southwest
2152,Customer 02152,Northeast
2153,Customer 02153,Southwest
2154,Customer 02154,West
2155,Customer 02155,Southwest
2156,Customer 02156,West
2157,Customer 02157,Northeast
2158,Customer 02158,Southeast
2159,Customer 02159,Midwest
2160,Customer 02160,Northeast
2161,Customer 02161,Midwest
2162,Customer 02162,Southeast
2163,Customer 02163,Southeast
2164,Customer 02164,Midwest
2165,Customer 02165,West
2166,Customer 02166,Southeast
2167,Customer 02167,West
2168,Customer 02168,Midwest
2169,Customer 02169,Southeast
2170,Customer 02170,Midwest
2171,Customer 02171,Midwest
2172,Customer 02172,Southeast
2173,Customer 02173,Midwest
2174,Customer 02174,Northeast
2175,Customer 02175,Southeast
2176,Customer 02176,Midwest
2177,Customer 02177,Midwest
2178,Customer 02178,West
2179,Customer 02179,Southeast
2180,Customer 02180,West
2181,Customer 02181,West
2182,Customer 02182,West
2183,Customer 02183,West
2184,Customer 02184,Northeast
2185,Customer 02185,Midwest
2186,Customer 02186,Northeast
2187,Customer 02187,West
2188,Customer 02188,Midwest
2189,Customer 02189,Southeast
2190,Customer 02190,West
2191,Customer 02191,Northeast
2192,Customer 02192,Midwest
2193,Customer 02193,Southwest
2194,Customer 02194,Northeast
2195,Customer 02195,Midwest
2196,Customer 02196,West
2197,Customer 02197,Northeast
2198,Customer 02198,Midwest
2199,Customer 02199,Southeast
2200,Customer 02200,Southwest
2201,Customer 02201,Northeast
2202,Customer 02202,West
2203,Customer 02203,West
2204,Customer 02204,Southeast
2205,Customer 02205,Southeast
2206,Customer 02206,Midwest
2207,Customer 02207,Southwest
2208,Customer 02208,Midwest
2209,Customer 02209,Northeast
2210,Customer 02210,Northeast
2211,Customer 02211,West
2212,Customer 02212,Midwest
2213,Customer 02213,West
2214,Customer 02214,Midwest
2215,Customer 02215,West
2216,Customer 02216,Northeast
2217,Customer 02217,Northeast
2218,Customer 02218,West
2219,Customer 02219,West
2220,Customer 02220,Southeast
2221,Customer 02221,Southeast
2222,Customer 02222,Midwest
2223,Customer 02223,Midwest
2224,Customer 02224,Southeast
2225,Customer 02225,West
2226,Customer 02226,Southeast
2227,Customer 02227,Southwest
2228,Customer 02228,Northeast
2229,Customer 02229,Northeast
2230,Customer 02230,Southwest
2231,Customer 02231,Southeast
2232,Customer 02232,Southwest
2233,Customer 02233,Northeast
2234,Customer 02234,West
2235,Customer 02235,Southwest
2236,Customer 02236,West
2237,Customer 02237,Northeast
2238,Customer 02238,Southeast
2239,Customer 02239,Southeast
2240,Customer 02240,Midwest
2241,Customer 02241,Southeast
2242,Customer 02242,Northeast
2243,Customer 02243,Southeast
2244,Customer 02244,Southeast
2245,Customer 02245,Southeast
2246,Customer 02246,Southeast
2247,Customer 02247,Southeast
2248,Customer 02248,Southwest
2249,Customer 02249,Southeast
2250,Customer 02250,Southeast
2251,Customer 02251,Midwest
2252,Customer 02252,Southwest
2253,Customer 02253,Southeast
2254,Customer 02254,Midwest
2255,Customer 02255,West
2256,Customer 02256,Midwest
2257,Customer 02257,West
2258,Customer 02258,West
2259,Customer 02259,Northeast
2260,Customer 02260,Midwest
2261,Customer 02261,Southwest
2262,Customer 02262,West
2263,Customer 02263,Midwest
2264,Customer 02264,Northeast
2265,Customer 02265,Midwest
2266,Customer 02266,Northeast
2267,Customer 02267,Southwest
2268,Customer 02268,Midwest
2269,Customer 02269,Southwest
2270,Customer 02270,West
2271,Customer 02271,Southwest
2272,Customer 02272,Southwest
2273,Customer 02273,Southwest
2274,Customer 02274,West
2275,Customer 02275,West
2276,Customer 02276,Northeast
2277,Customer 02277,Midwest
2278,Customer 02278,Southeast
2279,Customer 02279,West
2280,Customer 02280,Southwest
2281,Customer 02281,Midwest
2282,Customer 02282,Southeast
2283,Customer 02283,Southeast
2284,Customer 02284,Southwest
2285,Customer 02285,Southeast
2286,Customer 02286,Northeast
2287,Customer 02287,West
2288,Customer 02288,Southwest
2289,Customer 02289,Southeast
2290,Customer 02290,Southeast
2291,Customer 02291,West
2292,Customer 02292,Southwest
2293,Customer 02293,Southwest
2294,Customer 02294,Southeast
2295,Customer 02295,Southeast
2296,Customer 02296,Northeast
2297,Customer 02297,Southwest
2298,Customer 02298,Northeast
2299,Customer 02299,Northeast
2300,Customer 02300,Southwest
2301,Customer 02301,West
2302,Customer 02302,Southwest
2303,Customer 02303,Midwest
2304,Customer 02304,Midwest
2305,Customer 02305,Midwest
2306,Customer 02306,Southeast
2307,Customer 02307,Midwest
2308,Customer 02308,Midwest
2309,Customer 02309,Midwest
2310,Customer 02310,West
2311,Customer 02311,West
2312,Customer 02312,Northeast
2313,Customer 02313,Southeast
2314,Customer 02314,Southeast
2315,Customer 02315,Southeast
2316,Customer 02316,Southeast
2317,Customer 02317,Northeast
2318,Customer 02318,Southwest
2319,Customer 02319,Midwest
2320,Customer 02320,West
2321,Customer 02321,Northeast
2322,Customer 02322,Northeast
2323,Customer 02323,Midwest
2324,Customer 02324,Northeast
2325,Customer 02325,Southeast
2326,Customer 02326,West
2327,Customer 02327,Southeast
2328,Customer 02328,Southeast
2329,Customer 02329,Midwest
2330,Customer 02330,Midwest
2331,Customer 02331,Midwest
2332,Customer 02332,Southeast
2333,Customer 02333,West
2334,Customer 02334,Northeast
2335,Customer 02335,Midwest
2336,Customer 02336,Southwest
2337,Customer 02337,West
2338,Customer 02338,Southeast
2339,Customer 02339,Midwest
2340,Customer 02340,Northeast
2341,Customer 02341,Northeast
2342,Customer 02342,Northeast
2343,Customer 02343,Southwest
2344,Customer 02344,Southeast
2345,Customer 02345,Southwest
2346,Customer 02346,Northeast
2347,Customer 02347,West
2348,Customer 02348,West
2349,Customer 02349,Northeast
2350,Customer 02350,Northeast
2351,Customer 02351,Northeast
2352,Customer 02352,West
2353,Customer 02353,Southeast
2354,Customer 02354,Midwest
2355,Customer 02355,Midwest
2356,Customer 02356,West
2357,Customer 02357,Midwest
2358,Customer 02358,Midwest
2359,Customer 02359,West
2360,Customer 02360,Northeast
2361,Customer 02361,West
2362,Customer 02362,Northeast
2363,Customer 02363,Midwest
2364,Customer 02364,West
2365,Customer 02365,Southwest
2366,Customer 02366,Southwest
2367,Customer 02367,Southeast
2368,Customer 02368,Midwest
2369,Customer 02369,Southeast
2370,Customer 02370,Midwest
2371,Customer 02371,Midwest
2372,Customer 02372,Southeast
2373,Customer 02373,Southeast
2374,Customer 02374,Southeast
2375,Customer 02375,Southeast
2376,Customer 02376,Northeast
2377,Customer 02377,West
2378,Customer 02378,Southwest
2379,Customer 02379,Northeast
2380,Customer 02380,Southwest
2381,Customer 02381,West
2382,Customer 02382,Southeast
2383,Customer 02383,Northeast
2384,Customer 02384,Northeast
2385,Customer 02385,Northeast
2386,Customer 02386,Southwest
2387,Customer 02387,West
2388,Customer 02388,Northeast
2389,Customer 02389,Southwest
2390,Customer 02390,Northeast
2391,Customer 02391,Midwest
2392,Customer 02392,Southwest
2393,Customer 02393,Southeast
2394,Customer 02394,Northeast
2395,Customer 02395,Midwest
2396,Customer 02396,West
2397,Customer 02397,Southeast
2398,Customer 02398,Southeast
2399,Customer 02399,Northeast
2400,Customer 02400,Midwest
2401,Customer 02401,Midwest
2402,Customer 02402,West
2403,Customer 02403,Southwest
2404,Customer 02404,West
2405,Customer 02405,West
2406,Customer 02406,Southeast
2407,Customer 02407,Midwest
2408,Customer 02408,Southeast
2409,Customer 02409,Southeast
2410,Customer 02410,West
2411,Customer 02411,Southwest
2412,Customer 02412,West
2413,Customer 02413,Midwest
2414,Customer 02414,Midwest
2415,Customer 02415,Midwest
2416,Customer 02416,Northeast
2417,Customer 02417,Southeast
2418,Customer 02418,Midwest
2419,Customer 02419,Northeast
2420,Customer 02420,West
2421,Customer 02421,Northeast
2422,Customer 02422,Southeast
2423,Customer 02423,Southwest
2424,Customer 02424,Northeast
2425,Customer 02425,West
2426,Customer 02426,Southwest
2427,Customer 02427,Northeast
2428,Customer 02428,Southwest
2429,Customer 02429,Southwest
2430,Customer 02430,Southwest
2431,Customer 02431,West
2432,Customer 02432,Southwest
2433,Customer 02433,Midwest
2434,Customer 02434,Southeast
2435,Customer 02435,Southwest
2436,Customer 02436,West
2437,Customer 02437,Midwest
2438,Customer 02438,Southwest
2439,Customer 02439,Midwest
2440,Customer 02440,Southwest
2441,Customer 02441,West
2442,Customer 02442,Northeast
2443,Customer 02443,Southeast
2444,Customer 02444,Midwest
2445,Customer 02445,Midwest
2446,Customer 02446,Midwest
2447,Customer 02447,Northeast
2448,Customer 02448,Midwest
2449,Customer 02449,Midwest
2450,Customer 02450,Midwest
2451,Customer 02451,Southwest
2452,Customer 02452,Southwest
2453,Customer 02453,Southwest
2454,Customer 02454,West
2455,Customer 02455,Southwest
2456,Customer 02456,Midwest
2457,Customer 02457,Southwest
2458,Customer 02458,Northeast
2459,Customer 02459,Southeast
2460,Customer 02460,Midwest
2461,Customer 02461,West
2462,Customer 02462,Southwest
2463,Customer 02463,Northeast
2464,Customer 02464,Midwest
2465,Customer 02465,Southeast
2466,Customer 02466,Southwest
2467,Customer 02467,West
2468,Customer 02468,Midwest
2469,Customer 02469,Midwest
2470,Customer 02470,Southeast
2471,Customer 02471,Midwest
2472,Customer 02472,West
2473,Customer 02473,Southwest
2474,Customer 02474,Midwest
2475,Customer 02475,Southeast
2476,Customer 02476,Northeast
2477,Customer 02477,Northeast
2478,Customer 02478,Southeast
2479,Customer 02479,Southeast
2480,Customer 02480,West
2481,Customer 02481,Midwest
2482,Customer 02482,Southeast
2483,Customer 02483,Northeast
2484,Customer 02484,Southeast
2485,Customer 02485,West
2486,Customer 02486,Southeast
2487,Customer 02487,Southwest
2488,Customer 02488,West
2489,Customer 02489,Northeast
2490,Customer 02490,Southwest
2491,Customer 02491,West
2492,Customer 02492,Midwest
2493,Customer 02493,Northeast
2494,Customer 02494,West
2495,Customer 02495,West
2496,Customer 02496,Midwest
2497,Customer 02497,Midwest
2498,Customer 02498,Southeast
2499,Customer 02499,West
2500,Customer 02500,Midwest
2501,Customer 02501,Northeast
2502,Customer 02502,Southwest
2503,Customer 02503,West
2504,Customer 02504,West
2505,Customer 02505,Southeast
2506,Customer 02506,Northeast
2507,Customer 02507,West
2508,Customer 02508,West
2509,Customer 02509,Midwest
2510,Customer 02510,Southwest
2511,Customer 02511,Midwest
2512,Customer 02512,Midwest
2513,Customer 02513,Northeast
2514,Customer 02514,Northeast
2515,Customer 02515,Southeast
2516,Customer 02516,West
2517,Customer 02517,Northeast
2518,Customer 02518,Southeast
2519,Customer 02519,Midwest
2520,Customer 02520,Southeast
2521,Customer 02521,Northeast
2522,Customer 02522,Midwest
2523,Customer 02523,Southeast
2524,Customer 02524,Southwest
2525,Customer 02525,West
2526,Customer 02526,Northeast
2527,Customer 02527,West
2528,Customer 02528,West
2529,Customer 02529,West
2530,Customer 02530,Southwest
2531,Customer 02531,Southwest
2532,Customer 02532,Southwest
2533,Customer 02533,Southwest
2534,Customer 02534,Northeast
2535,Customer 02535,West
2536,Customer 02536,Midwest
2537,Customer 02537,West
2538,Customer 02538,Southeast
2539,Customer 02539,Northeast
2540,Customer 02540,Midwest
2541,Customer 02541,Midwest
2542,Customer 02542,Midwest
2543,Customer 02543,Southeast
2544,Customer 02544,Southeast
2545,Customer 02545,Midwest
2546,Customer 02546,Southeast
2547,Customer 02547,West
2548,Customer 02548,Northeast
2549,Customer 02549,Southeast
2550,Customer 02550,Southeast
2551,Customer 02551,Midwest
2552,Customer 02552,Midwest
2553,Customer 02553,Southwest
2554,Customer 02554,West
2555,Customer 02555,Southeast
2556,Customer 02556,Southwest
2557,Customer 02557,Northeast
2558,Customer 02558,Southeast
2559,Customer 02559,Midwest
2560,Customer 02560,Northeast
2561,Customer 02561,Southwest
2562,Customer 02562,Southwest
2563,Customer 02563,Southwest
2564,Customer 02564,Midwest
2565,Customer 02565,Southwest
2566,Customer 02566,Southeast
2567,Customer 02567,Northeast
2568,Customer 02568,Northeast
2569,Customer 02569,Southwest
2570,Customer 02570,West
2571,Customer 02571,Northeast
2572,Customer 02572,Midwest
2573,Customer 02573,Southwest
2574,Customer 02574,West
2575,Customer 02575,Midwest
2576,Customer 02576,Southwest
2577,Customer 02577,Southwest
2578,Customer 02578,West
2579,Customer 02579,Northeast
2580,Customer 02580,West
2581,Customer 02581,Northeast
2582,Customer 02582,West
2583,Customer 02583,Northeast
2584,Customer 02584,Southeast
2585,Customer 02585,Northeast
2586,Customer 02586,Midwest
2587,Customer 02587,Southeast
2588,Customer 02588,Northeast
2589,Customer 02589,Midwest
2590,Customer 02590,Midwest
2591,Customer 02591,Southwest
2592,Customer 02592,West
2593,Customer 02593,Southwest
2594,Customer 02594,Northeast
2595,Customer 02595,Southeast
2596,Customer 02596,West
2597,Customer 02597,Northeast
2598,Customer 02598,Midwest
2599,Customer 02599,West
2600,Customer 02600,West
2601,Customer 02601,Midwest
2602,Customer 02602,Southwest
2603,Customer 02603,Midwest
2604,Customer 02604,Southwest
2605,Customer 02605,Northeast
2606,Customer 02606,Northeast
2607,Customer 02607,Southwest
2608,Customer 02608,Southeast
2609,Customer 02609,Southwest
2610,Customer 02610,Southeast
2611,Customer 02611,West
2612,Customer 02612,West
2613,Customer 02613,Midwest
2614,Customer 02614,Southwest
2615,Customer 02615,Southeast
2616,Customer 02616,Midwest
2617,Customer 02617,Southeast
2618,Customer 02618,West
2619,Customer 02619,West
2620,Customer 02620,West
2621,Customer 02621,West
2622,Customer 02622,West
2623,Customer 02623,Southeast
2624,Customer 02624,West
2625,Customer 02625,Midwest
2626,Customer 02626,Midwest
2627,Customer 02627,Midwest
2628,Customer 02628,Southeast
2629,Customer 02629,Southeast
2630,Customer 02630,Southeast
2631,Customer 02631,Northeast
2632,Customer 02632,Midwest
2633,Customer 02633,West
2634,Customer 02634,Southwest
2635,Customer 02635,Midwest
2636,Customer 02636,Midwest
2637,Customer 02637,Midwest
2638,Customer 02638,Southeast
2639,Customer 02639,West
2640,Customer 02640,Southeast
2641,Customer 02641,Southwest
2642,Customer 02642,Southwest
2643,Customer 02643,Midwest
2644,Customer 02644,West
2645,Customer 02645,Southeast
2646,Customer 02646,West
2647,Customer 02647,Southwest
2648,Customer 02648,West
2649,Customer 02649,Southwest
2650,Customer 02650,West
2651,Customer 02651,West
2652,Customer 02652,Midwest
2653,Customer 02653,West
2654,Customer 02654,Southwest
2655,Customer 02655,Midwest
2656,Customer 02656,West
2657,Customer 02657,Southeast
2658,Customer 02658,Midwest
2659,Customer 02659,Northeast
2660,Customer 02660,Southeast
2661,Customer 02661,West
2662,Customer 02662,Southeast
2663,Customer 02663,Southeast
2664,Customer 02664,Southeast
2665,Customer 02665,Midwest
2666,Customer 02666,West
2667,Customer 02667,West
2668,Customer 02668,Northeast
2669,Customer 02669,Midwest
2670,Customer 02670,Midwest
2671,Customer 02671,Southwest
2672,Customer 02672,Midwest
2673,Customer 02673,Southeast
2674,Customer 02674,Midwest
2675,Customer 02675,Midwest
2676,Customer 02676,Midwest
2677,Customer 02677,Midwest
2678,Customer 02678,West
2679,Customer 02679,Southwest
2680,Customer 02680,Southeast
2681,Customer 02681,West
2682,Customer 02682,West
2683,Customer 02683,Northeast
2684,Customer 02684,Midwest
2685,Customer 02685,Southeast
2686,Customer 02686,Southwest
2687,Customer 02687,Southeast
2688,Customer 02688,Southwest
2689,Customer 02689,Southeast
2690,Customer 02690,Midwest
2691,Customer 02691,West
2692,Customer 02692,Southeast
2693,Customer 02693,West
2694,Customer 02694,West
2695,Customer 02695,West
2696,Customer 02696,Northeast
2697,Customer 02697,West
2698,Customer 02698,Northeast
2699,Customer 02699,Southeast
2700,Customer 02700,West
2701,Customer 02701,Southwest
2702,Customer 02702,Midwest
2703,Customer 02703,Southeast
2704,Customer 02704,West
2705,Customer 02705,Southwest
2706,Customer 02706,Midwest
2707,Customer 02707,West
2708,Customer 02708,Southeast
2709,Customer 02709,Northeast
2710,Customer 02710,Southwest
2711,Customer 02711,West
2712,Customer 02712,Southeast
2713,Customer 02713,Southeast
2714,Customer 02714,Northeast
2715,Customer 02715,West
2716,Customer 02716,Southeast
2717,Customer 02717,Midwest
2718,Customer 02718,West
2719,Customer 02719,Northeast
2720,Customer 02720,Midwest
2721,Customer 02721,Midwest
2722,Customer 02722,West
2723,Customer 02723,Southeast
2724,Customer 02724,Midwest
2725,Customer 02725,Northeast
2726,Customer 02726,Southwest
2727,Customer 02727,West
2728,Customer 02728,Northeast
2729,Customer 02729,Southeast
2730,Customer 02730,West
2731,Customer 02731,Northeast
2732,Customer 02732,Southeast
2733,Customer 02733,Midwest
2734,Customer 02734,Southeast
2735,Customer 02735,Southeast
2736,Customer 02736,Midwest
2737,Customer 02737,Southeast
2738,Customer 02738,Midwest
2739,Customer 02739,Southwest
2740,Customer 02740,Midwest
2741,Customer 02741,Northeast
2742,Customer 02742,West
2743,Customer 02743,Northeast
2744,Customer 02744,Southwest
2745,Customer 02745,Southeast
2746,Customer 02746,West
2747,Customer 02747,Southeast
2748,Customer 02748,Southeast
2749,Customer 02749,Midwest
2750,Customer 02750,Northeast
2751,Customer 02751,Southeast
2752,Customer 02752,Southwest
2753,Customer 02753,West
2754,Customer 02754,Northeast
2755,Customer 02755,West
2756,Customer 02756,West
2757,Customer 02757,West
2758,Customer 02758,Southwest
2759,Customer 02759,Southwest
2760,Customer 02760,Midwest
2761,Customer 02761,Southwest
2762,Customer 02762,West
2763,Customer 02763,Northeast
2764,Customer 02764,Southeast
2765,Customer 02765,Northeast
2766,Customer 02766,West
2767,Customer 02767,Midwest
2768,Customer 02768,Southwest
2769,Customer 02769,West
2770,Customer 02770,West
2771,Customer 02771,Northeast
2772,Customer 02772,West
2773,Customer 02773,West
2774,Customer 02774,Northeast
2775,Customer 02775,Southwest
2776,Customer 02776,Southeast
2777,Customer 02777,Southwest
2778,Customer 02778,Midwest
2779,Customer 02779,Southeast
2780,Customer 02780,Northeast
2781,Customer 02781,Northeast
2782,Customer 02782,Northeast
2783,Customer 02783,Southwest
2784,Customer 02784,Southeast
2785,Customer 02785,Southeast
2786,Customer 02786,Southwest
2787,Customer 02787,Southwest
2788,Customer 02788,Midwest
2789,Customer 02789,West
2790,Customer 02790,Southeast
2791,Customer 02791,West
2792,Customer 02792,Northeast
2793,Customer 02793,Southwest
2794,Customer 02794,West
2795,Customer 02795,West
2796,Customer 02796,Midwest
2797,Customer 02797,Southwest
2798,Customer 02798,Southeast
2799,Customer 02799,Southwest
2800,Customer 02800,Southwest
2801,Customer 02801,West
2802,Customer 02802,Midwest
2803,Customer 02803,Northeast
2804,Customer 02804,Midwest
2805,Customer 02805,Northeast
2806,Customer 02806,Southeast
2807,Customer 02807,Southeast
2808,Customer 02808,Southwest
2809,Customer 02809,Southeast
2810,Customer 02810,Northeast
2811,Customer 02811,Northeast
2812,Customer 02812,West
2813,Customer 02813,Southwest
2814,Customer 02814,Northeast
2815,Customer 02815,Northeast
2816,Customer 02816,Midwest
2817,Customer 02817,Southeast
2818,Customer 02818,Midwest
2819,Customer 02819,Midwest
2820,Customer 02820,West
2821,Customer 02821,Southeast
2822,Customer 02822,Southwest
2823,Customer 02823,Northeast
2824,Customer 02824,West
2825,Customer 02825,West
2826,Customer 02826,Southwest
2827,Customer 02827,Midwest
2828,Customer 02828,Southeast
2829,Customer 02829,West
2830,Customer 02830,Southwest
2831,Customer 02831,Southeast
2832,Customer 02832,Midwest
2833,Customer 02833,Midwest
2834,Customer 02834,West
2835,Customer 02835,Southwest
2836,Customer 02836,Southwest
2837,Customer 02837,Southwest
2838,Customer 02838,Southeast
2839,Customer 02839,Southeast
2840,Customer 02840,Northeast
2841,Customer 02841,West
2842,Customer 02842,Midwest
2843,Customer 02843,Midwest
2844,Customer 02844,Southeast
2845,Customer 02845,Southeast
2846,Customer 02846,Midwest
2847,Customer 02847,Southeast
2848,Customer 02848,Northeast
2849,Customer 02849,Southwest
2850,Customer 02850,Southeast
2851,Customer 02851,Southeast
2852,Customer 02852,Midwest
2853,Customer 02853,West
2854,Customer 02854,Southeast
2855,Customer 02855,Southwest
2856,Customer 02856,West
2857,Customer 02857,Southwest
2858,Customer 02858,Midwest
2859,Customer 02859,Southwest
2860,Customer 02860,Midwest
2861,Customer 02861,Midwest
2862,Customer 02862,Midwest
2863,Customer 02863,Southeast
2864,Customer 02864,Northeast
2865,Customer 02865,Midwest
2866,Customer 02866,Northeast
2867,Customer 02867,Midwest
2868,Customer 02868,Midwest
2869,Customer 02869,West
2870,Customer 02870,Northeast
2871,Customer 02871,Southwest
2872,Customer 02872,Midwest
2873,Customer 02873,Northeast
2874,Customer 02874,Southeast
2875,Customer 02875,Northeast
2876,Customer 02876,Southeast
2877,Customer 02877,Southeast
2878,Customer 02878,Midwest
2879,Customer 02879,Midwest
2880,Customer 02880,Northeast
2881,Customer 02881,Northeast
2882,Customer 02882,Northeast
2883,Customer 02883,Midwest
2884,Customer 02884,Southeast
2885,Customer 02885,Midwest
2886,Customer 02886,Southeast
2887,Customer 02887,Northeast
2888,Customer 02888,West
2889,Customer 02889,Northeast
2890,Customer 02890,Northeast
2891,Customer 02891,Northeast
2892,Customer 02892,West
2893,Customer 02893,Southwest
2894,Customer 02894,Southwest
2895,Customer 02895,West
2896,Customer 02896,Northeast
2897,Customer 02897,West
2898,Customer 02898,Southeast
2899,Customer 02899,Southwest
2900,Customer 02900,Midwest
2901,Customer 02901,Southeast
2902,Customer 02902,West
2903,Customer 02903,Northeast
2904,Customer 02904,West
2905,Customer 02905,Southeast
2906,Customer 02906,Southwest
2907,Customer 02907,West
2908,Customer 02908,Northeast
2909,Customer 02909,West
2910,Customer 02910,Midwest
2911,Customer 02911,Southwest
2912,Customer 02912,Northeast
2913,Customer 02913,Midwest
2914,Customer 02914,Southwest
2915,Customer 02915,Midwest
2916,Customer 02916,Northeast
2917,Customer 02917,Southeast
2918,Customer 02918,West
2919,Customer 02919,Northeast
2920,Customer 02920,Southwest
2921,Customer 02921,West
2922,Customer 02922,Northeast
2923,Customer 02923,Northeast
2924,Customer 02924,Southwest
2925,Customer 02925,Northeast
2926,Customer 02926,Midwest
2927,Customer 02927,Southwest
2928,Customer 02928,Midwest
2929,Customer 02929,Southeast
2930,Customer 02930,Southwest
2931,Customer 02931,Midwest
2932,Customer 02932,Southeast
2933,Customer 02933,Midwest
2934,Customer 02934,West
2935,Customer 02935,Southwest
2936,Customer 02936,Midwest
2937,Customer 02937,Southeast
2938,Customer 02938,Northeast
2939,Customer 02939,Southeast
2940,Customer 02940,Northeast
2941,Customer 02941,West
2942,Customer 02942,Southeast
2943,Customer 02943,West
2944,Customer 02944,Northeast
2945,Customer 02945,Southeast
2946,Customer 02946,Midwest
2947,Customer 02947,Southeast
2948,Customer 02948,West
2949,Customer 02949,West
2950,Customer 02950,West
2951,Customer 02951,Northeast
2952,Customer 02952,Southwest
2953,Customer 02953,Northeast
2954,Customer 02954,West
2955,Customer 02955,Midwest
2956,Customer 02956,Southeast
2957,Customer 02957,Northeast
2958,Customer 02958,Northeast
2959,Customer 02959,Southeast
2960,Customer 02960,West
2961,Customer 02961,West
2962,Customer 02962,West
2963,Customer 02963,Northeast
2964,Customer 02964,Midwest
2965,Customer 02965,Southeast
2966,Customer 02966,Midwest
2967,Customer 02967,Southeast
2968,Customer 02968,Southeast
2969,Customer 02969,Midwest
2970,Customer 02970,Southeast
2971,Customer 02971,Midwest
2972,Customer 02972,Southwest
2973,Customer 02973,Northeast
2974,Customer 02974,West
2975,Customer 02975,Midwest
2976,Customer 02976,West
2977,Customer 02977,Southwest
2978,Customer 02978,Southwest
2979,Customer 02979,Southwest
2980,Customer 02980,West
2981,Customer 02981,Southwest
2982,Customer 02982,Southeast
2983,Customer 02983,Northeast
2984,Customer 02984,Southwest
2985,Customer 02985,Northeast
2986,Customer 02986,Southeast
2987,Customer 02987,Northeast
2988,Customer 02988,Midwest
2989,Customer 02989,Northeast
2990,Customer 02990,Southwest
2991,Customer 02991,West
2992,Customer 02992,West
2993,Customer 02993,Southeast
2994,Customer 02994,Midwest
2995,Customer 02995,Midwest
2996,Customer 02996,Midwest
2997,Customer 02997,Southwest
2998,Customer 02998,Southeast
2999,Customer 02999,West
3000,Customer 03000,Northeast
3001,Customer 03001,West
3002,Customer 03002,Midwest
3003,Customer 03003,Southeast
3004,Customer 03004,Southwest
3005,Customer 03005,Northeast
3006,Customer 03006,Southwest
3007,Customer 03007,Midwest
3008,Customer 03008,Northeast
3009,Customer 03009,Northeast
3010,Customer 03010,Southwest
3011,Customer 03011,Southeast
3012,Customer 03012,West
3013,Customer 03013,Southwest
3014,Customer 03014,Southwest
3015,Customer 03015,Southeast
3016,Customer 03016,Southwest
3017,Customer 03017,West
3018,Customer 03018,Northeast
3019,Customer 03019,Southeast
3020,Customer 03020,Southeast
3021,Customer 03021,Southeast
3022,Customer 03022,Southwest
3023,Customer 03023,Midwest
3024,Customer 03024,Midwest
3025,Customer 03025,Southeast
3026,Customer 03026,Northeast
3027,Customer 03027,Southeast
3028,Customer 03028,West
3029,Customer 03029,Southwest
3030,Customer 03030,Southeast
3031,Customer 03031,West
3032,Customer 03032,Northeast
3033,Customer 03033,Southeast
3034,Customer 03034,Southeast
3035,Customer 03035,West
3036,Customer 03036,Southwest
3037,Customer 03037,Southwest
3038,Customer 03038,Northeast
3039,Customer 03039,Southeast
3040,Customer 03040,Southwest
3041,Customer 03041,Southeast
3042,Customer 03042,West
3043,Customer 03043,Southwest
3044,Customer 03044,Midwest
3045,Customer 03045,Southwest
3046,Customer 03046,West
3047,Customer 03047,Midwest
3048,Customer 03048,Southwest
3049,Customer 03049,West
3050,Customer 03050,Southeast
3051,Customer 03051,West
3052,Customer 03052,Northeast
3053,Customer 03053,Southwest
3054,Customer 03054,West
3055,Customer 03055,Southwest
3056,Customer 03056,Midwest
3057,Customer 03057,Southwest
3058,Customer 03058,Northeast
3059,Customer 03059,Southeast
3060,Customer 03060,Southeast
3061,Customer 03061,Midwest
3062,Customer 03062,Midwest
3063,Customer 03063,Southeast
3064,Customer 03064,West
3065,Customer 03065,Southeast
3066,Customer 03066,Midwest
3067,Customer 03067,Midwest
3068,Customer 03068,Southeast
3069,Customer 03069,Southwest
3070,Customer 03070,Midwest
3071,Customer 03071,Northeast
3072,Customer 03072,West
3073,Customer 03073,West
3074,Customer 03074,Southwest
3075,Customer 03075,West
3076,Customer 03076,West
3077,Customer 03077,Southeast
3078,Customer 03078,Southwest
3079,Customer 03079,Southwest
3080,Customer 03080,Southeast
3081,Customer 03081,Southeast
3082,Customer 03082,Northeast
3083,Customer 03083,Southwest
3084,Customer 03084,West
3085,Customer 03085,Southwest
3086,Customer 03086,Southeast
3087,Customer 03087,Southeast
3088,Customer 03088,Midwest
3089,Customer 03089,Midwest
3090,Customer 03090,West
3091,Customer 03091,West
3092,Customer 03092,West
3093,Customer 03093,West
3094,Customer 03094,West
3095,Customer 03095,Midwest
3096,Customer 03096,Northeast
3097,Customer 03097,Northeast
3098,Customer 03098,Southeast
3099,Customer 03099,Southeast
3100,Customer 03100,Northeast
3101,Customer 03101,West
3102,Customer 03102,Southeast
3103,Customer 03103,West
3104,Customer 03104,Southwest
3105,Customer 03105,Southwest
3106,Customer 03106,Southwest
3107,Customer 03107,Southeast
3108,Customer 03108,Southwest
3109,Customer 03109,Southeast
3110,Customer 03110,West
3111,Customer 03111,Southeast
3112,Customer 03112,Southeast
3113,Customer 03113,Southwest
3114,Customer 03114,Southwest
3115,Customer 03115,Midwest
3116,Customer 03116,Southwest
3117,Customer 03117,Northeast
3118,Customer 03118,Southwest
3119,Customer 03119,Southeast
3120,Customer 03120,Southeast
3121,Customer 03121,Northeast
3122,Customer 03122,Southeast
3123,Customer 03123,Southeast
3124,Customer 03124,Midwest
3125,Customer 03125,Southeast
3126,Customer 03126,Southeast
3127,Customer 03127,Midwest
3128,Customer 03128,Northeast
3129,Customer 03129,Southwest
3130,Customer 03130,West
3131,Customer 03131,Midwest
3132,Customer 03132,West
3133,Customer 03133,Northeast
3134,Customer 03134,Northeast
3135,Customer 03135,Southwest
3136,Customer 03136,Southwest
3137,Customer 03137,West
3138,Customer 03138,Northeast
3139,Customer 03139,Southwest
3140,Customer 03140,Southeast
3141,Customer 03141,Southeast
3142,Customer 03142,Northeast
3143,Customer 03143,West
3144,Customer 03144,Northeast
3145,Customer 03145,West
3146,Customer 03146,Southwest
3147,Customer 03147,Southwest
3148,Customer 03148,Southwest
3149,Customer 03149,West
3150,Customer 03150,Southeast
3151,Customer 03151,Northeast
3152,Customer 03152,Midwest
3153,Customer 03153,Southeast
3154,Customer 03154,Northeast
3155,Customer 03155,Southeast
3156,Customer 03156,Southeast
3157,Customer 03157,Northeast
3158,Customer 03158,Northeast
3159,Customer 03159,West
3160,Customer 03160,Southeast
3161,Customer 03161,West
3162,Customer 03162,West
3163,Customer 03163,Northeast
3164,Customer 03164,Southwest
3165,Customer 03165,Southwest
3166,Customer 03166,Southwest
3167,Customer 03167,Northeast
3168,Customer 03168,Southeast
3169,Customer 03169,Northeast
3170,Customer 03170,Southwest
3171,Customer 03171,West
3172,Customer 03172,Southwest
3173,Customer 03173,Southwest
3174,Customer 03174,West
3175,Customer 03175,Southwest
3176,Customer 03176,Northeast
3177,Customer 03177,West
3178,Customer 03178,Southeast
3179,Customer 03179,Northeast
3180,Customer 03180,Midwest
3181,Customer 03181,West
3182,Customer 03182,Southeast
3183,Customer 03183,Midwest
3184,Customer 03184,Northeast
3185,Customer 03185,Northeast
3186,Customer 03186,Northeast
3187,Customer 03187,Southwest
3188,Customer 03188,West
3189,Customer 03189,Northeast
3190,Customer 03190,Southeast
3191,Customer 03191,Southeast
3192,Customer 03192,Northeast
3193,Customer 03193,Midwest
3194,Customer 03194,Southwest
3195,Customer 03195,Southwest
3196,Customer 03196,Southeast
3197,Customer 03197,Midwest
3198,Customer 03198,Northeast
3199,Customer 03199,Northeast
3200,Customer 03200,West
3201,Customer 03201,Southwest
3202,Customer 03202,West
3203,Customer 03203,West
3204,Customer 03204,Southwest
3205,Customer 03205,West
3206,Customer 03206,Midwest
3207,Customer 03207,Northeast
3208,Customer 03208,Northeast
3209,Customer 03209,Northeast
3210,Customer 03210,Northeast
3211,Customer 03211,Southeast
3212,Customer 03212,Southwest
3213,Customer 03213,West
3214,Customer 03214,Midwest
3215,Customer 03215,Northeast
3216,Customer 03216,Southwest
3217,Customer 03217,Southeast
3218,Customer 03218,Northeast
3219,Customer 03219,Southeast
3220,Customer 03220,Southeast
3221,Customer 03221,Southeast
3222,Customer 03222,West
3223,Customer 03223,Southwest
3224,Customer 03224,Southwest
3225,Customer 03225,Northeast
3226,Customer 03226,West
3227,Customer 03227,Southwest
3228,Customer 03228,Southeast
3229,Customer 03229,Southwest
3230,Customer 03230,Midwest
3231,Customer 03231,Midwest
3232,Customer 03232,Northeast
3233,Customer 03233,Midwest
3234,Customer 03234,Northeast
3235,Customer 03235,Northeast
3236,Customer 03236,Northeast
3237,Customer 03237,West
3238,Customer 03238,Southeast
3239,Customer 03239,Southeast
3240,Customer 03240,Southeast
3241,Customer 03241,West
3242,Customer 03242,Midwest
3243,Customer 03243,West
3244,Customer 03244,Southeast
3245,Customer 03245,Northeast
3246,Customer 03246,Midwest
3247,Customer 03247,Southeast
3248,Customer 03248,West
3249,Customer 03249,West
3250,Customer 03250,Midwest
3251,Customer 03251,West
3252,Customer 03252,Midwest
3253,Customer 03253,Southeast
3254,Customer 03254,Midwest
3255,Customer 03255,Northeast
3256,Customer 03256,West
3257,Customer 03257,Northeast
3258,Customer 03258,Southeast
3259,Customer 03259,Midwest
3260,Customer 03260,Northeast
3261,Customer 03261,Northeast
3262,Customer 03262,Southwest
3263,Customer 03263,Northeast
3264,Customer 03264,Midwest
3265,Customer 03265,Southeast
3266,Customer 03266,Southeast
3267,Customer 03267,Southeast
3268,Customer 03268,Southwest
3269,Customer 03269,West
3270,Customer 03270,Northeast
3271,Customer 03271,West
3272,Customer 03272,Midwest
3273,Customer 03273,Southwest
3274,Customer 03274,Southwest
3275,Customer 03275,Southwest
3276,Customer 03276,West
3277,Customer 03277,Midwest
3278,Customer 03278,Midwest
3279,Customer 03279,Southeast
3280,Customer 03280,Northeast
3281,Customer 03281,Southwest
3282,Customer 03282,Northeast
3283,Customer 03283,Southeast
3284,Customer 03284,Northeast
3285,Customer 03285,Southeast
3286,Customer 03286,Southwest
3287,Customer 03287,Southwest
3288,Customer 03288,Midwest
3289,Customer 03289,Northeast
3290,Customer 03290,Midwest
3291,Customer 03291,Southeast
3292,Customer 03292,Southwest
3293,Customer 03293,Midwest
3294,Customer 03294,Midwest
3295,Customer 03295,Midwest
3296,Customer 03296,West
3297,Customer 03297,Southwest
3298,Customer 03298,Midwest
3299,Customer 03299,Midwest
3300,Customer 03300,Northeast
3301,Customer 03301,West
3302,Customer 03302,Southeast
3303,Customer 03303,Southeast
3304,Customer 03304,West
3305,Customer 03305,Southwest
3306,Customer 03306,Northeast
3307,Customer 03307,Northeast
3308,Customer 03308,Northeast
3309,Customer 03309,Midwest
3310,Customer 03310,Northeast
3311,Customer 03311,West
3312,Customer 03312,West
3313,Customer 03313,Midwest
3314,Customer 03314,Southwest
3315,Customer 03315,Southeast
3316,Customer 03316,Northeast
3317,Customer 03317,Southwest
3318,Customer 03318,Northeast
3319,Customer 03319,Northeast
3320,Customer 03320,Southeast
3321,Customer 03321,Northeast
3322,Customer 03322,Midwest
3323,Customer 03323,Southwest
3324,Customer 03324,West
3325,Customer 03325,Southwest
3326,Customer 03326,West
3327,Customer 03327,Midwest
3328,Customer 03328,West
3329,Customer 03329,Midwest
3330,Customer 03330,Southeast
3331,Customer 03331,West
3332,Customer 03332,Southeast
3333,Customer 03333,Northeast
3334,Customer 03334,Southeast
3335,Customer 03335,Southeast
3336,Customer 03336,Southeast
3337,Customer 03337,Midwest
3338,Customer 03338,West
3339,Customer 03339,Southeast
3340,Customer 03340,Midwest
3341,Customer 03341,Southeast
3342,Customer 03342,West
3343,Customer 03343,Northeast
3344,Customer 03344,Northeast
3345,Customer 03345,Midwest
3346,Customer 03346,Southwest
3347,Customer 03347,West
3348,Customer 03348,Midwest
3349,Customer 03349,Southwest
3350,Customer 03350,Southeast
3351,Customer 03351,Northeast
3352,Customer 03352,Northeast
3353,Customer 03353,Northeast
3354,Customer 03354,Southeast
3355,Customer 03355,Midwest
3356,Customer 03356,Southeast
3357,Customer 03357,Midwest
3358,Customer 03358,Midwest
3359,Customer 03359,Southwest
3360,Customer 03360,Southwest
3361,Customer 03361,Southeast
3362,Customer 03362,Southeast
3363,Customer 03363,Midwest
3364,Customer 03364,Midwest
3365,Customer 03365,Southeast
3366,Customer 03366,Southeast
3367,Customer 03367,Southwest
3368,Customer 03368,Southwest
3369,Customer 03369,Northeast
3370,Customer 03370,Midwest
3371,Customer 03371,West
3372,Customer 03372,Northeast
3373,Customer 03373,West
3374,Customer 03374,Northeast
3375,Customer 03375,Midwest
3376,Customer 03376,Midwest
3377,Customer 03377,Northeast
3378,Customer 03378,West
3379,Customer 03379,Midwest
3380,Customer 03380,West
3381,Customer 03381,Southeast
3382,Customer 03382,West
3383,Customer 03383,West
3384,Customer 03384,Midwest
3385,Customer 03385,Southeast
3386,Customer 03386,Southwest
3387,Customer 03387,Midwest
3388,Customer 03388,West
3389,Customer 03389,Midwest
3390,Customer 03390,Southeast
3391,Customer 03391,Northeast
3392,Customer 03392,Southwest
3393,Customer 03393,West
3394,Customer 03394,Northeast
3395,Customer 03395,Southwest
3396,Customer 03396,West
3397,Customer 03397,Northeast
3398,Customer 03398,Northeast
3399,Customer 03399,Southwest
3400,Customer 03400,Southwest
3401,Customer 03401,Northeast
3402,Customer 03402,West
3403,Customer 03403,Midwest
3404,Customer 03404,West
3405,Customer 03405,West
3406,Customer 03406,West
3407,Customer 03407,Midwest
3408,Customer 03408,Southeast
3409,Customer 03409,Midwest
3410,Customer 03410,Northeast
3411,Customer 03411,Southwest
3412,Customer 03412,Northeast
3413,Customer 03413,Midwest
3414,Customer 03414,Northeast
3415,Customer 03415,Southeast
3416,Customer 03416,Southeast
3417,Customer 03417,Southwest
3418,Customer 03418,West
3419,Customer 03419,Northeast
3420,Customer 03420,West
3421,Customer 03421,West
3422,Customer 03422,Southeast
3423,Customer 03423,Southwest
3424,Customer 03424,Midwest
3425,Customer 03425,Northeast
3426,Customer 03426,Midwest
3427,Customer 03427,Northeast
3428,Customer 03428,West
3429,Customer 03429,West
3430,Customer 03430,West
3431,Customer 03431,Midwest
3432,Customer 03432,Midwest
3433,Customer 03433,West
3434,Customer 03434,Southeast
3435,Customer 03435,Northeast
3436,Customer 03436,Midwest
3437,Customer 03437,Southeast
3438,Customer 03438,Southeast
3439,Customer 03439,Northeast
3440,Customer 03440,Midwest
3441,Customer 03441,Southeast
3442,Customer 03442,Southeast
3443,Customer 03443,Northeast
3444,Customer 03444,Southeast
3445,Customer 03445,West
3446,Customer 03446,Southeast
3447,Customer 03447,Southwest
3448,Customer 03448,Southwest
3449,Customer 03449,Southeast
3450,Customer 03450,West
3451,Customer 03451,Southwest
3452,Customer 03452,Midwest
3453,Customer 03453,Northeast
3454,Customer 03454,Northeast
3455,Customer 03455,West
3456,Customer 03456,West
3457,Customer 03457,West
3458,Customer 03458,West
3459,Customer 03459,Northeast
3460,Customer 03460,West
3461,Customer 03461,Midwest
3462,Customer 03462,West
3463,Customer 03463,Northeast
3464,Customer 03464,Southeast
3465,Customer 03465,Southwest
3466,Customer 03466,West
3467,Customer 03467,Southwest
3468,Customer 03468,Southeast
3469,Customer 03469,Southeast
3470,Customer 03470,West
3471,Customer 03471,Midwest
3472,Customer 03472,Midwest
3473,Customer 03473,Midwest
3474,Customer 03474,Midwest
3475,Customer 03475,Midwest
3476,Customer 03476,Midwest
3477,Customer 03477,West
3478,Customer 03478,West
3479,Customer 03479,West
3480,Customer 03480,Midwest
3481,Customer 03481,Midwest
3482,Customer 03482,Southwest
3483,Customer 03483,West
3484,Customer 03484,Midwest
3485,Customer 03485,Southwest
3486,Customer 03486,Southwest
3487,Customer 03487,Southwest
3488,Customer 03488,Southwest
3489,Customer 03489,Southeast
3490,Customer 03490,Midwest
3491,Customer 03491,Midwest
3492,Customer 03492,Northeast
3493,Customer 03493,West
3494,Customer 03494,Southwest
3495,Customer 03495,Northeast
3496,Customer 03496,West
3497,Customer 03497,Southwest
3498,Customer 03498,Southwest
3499,Customer 03499,Southeast
3500,Customer 03500,West
3501,Customer 03501,Midwest
3502,Customer 03502,Midwest
3503,Customer 03503,Northeast
3504,Customer 03504,Southwest
3505,Customer 03505,Southwest
3506,Customer 03506,Midwest
3507,Customer 03507,Midwest
3508,Customer 03508,West
3509,Customer 03509,Southwest
3510,Customer 03510,Southeast
3511,Customer 03511,West
3512,Customer 03512,Southwest
3513,Customer 03513,West
3514,Customer 03514,West
3515,Customer 03515,West
3516,Customer 03516,Southwest
3517,Customer 03517,Southwest
3518,Customer 03518,Northeast
3519,Customer 03519,Midwest
3520,Customer 03520,Southwest
3521,Customer 03521,Midwest
3522,Customer 03522,West
3523,Customer 03523,Northeast
3524,Customer 03524,Southeast
3525,Customer 03525,Midwest
3526,Customer 03526,Midwest
3527,Customer 03527,Northeast
3528,Customer 03528,Northeast
3529,Customer 03529,West
3530,Customer 03530,Midwest
3531,Customer 03531,Northeast
3532,Customer 03532,Northeast
3533,Customer 03533,Midwest
3534,Customer 03534,Northeast
3535,Customer 03535,Southwest
3536,Customer 03536,West
3537,Customer 03537,Southeast
3538,Customer 03538,Midwest
3539,Customer 03539,Northeast
3540,Customer 03540,Southeast
3541,Customer 03541,West
3542,Customer 03542,Midwest
3543,Customer 03543,West
3544,Customer 03544,Southeast
3545,Customer 03545,Southeast
3546,Customer 03546,Midwest
3547,Customer 03547,Midwest
3548,Customer 03548,West
3549,Customer 03549,Northeast
3550,Customer 03550,West
3551,Customer 03551,West
3552,Customer 03552,Midwest
3553,Customer 03553,Southeast
3554,Customer 03554,Midwest
3555,Customer 03555,Southeast
3556,Customer 03556,West
3557,Customer 03557,Midwest
3558,Customer 03558,West
3559,Customer 03559,Southwest
3560,Customer 03560,Midwest
3561,Customer 03561,Southwest
3562,Customer 03562,Midwest
3563,Customer 03563,West
3564,Customer 03564,Southeast
3565,Customer 03565,West
3566,Customer 03566,West
3567,Customer 03567,West
3568,Customer 03568,Midwest
3569,Customer 03569,West
3570,Customer 03570,Southeast
3571,Customer 03571,Southwest
3572,Customer 03572,Northeast
3573,Customer 03573,Southeast
3574,Customer 03574,Midwest
3575,Customer 03575,Southeast
3576,Customer 03576,Southeast
3577,Customer 03577,West
3578,Customer 03578,Southeast
3579,Customer 03579,Southwest
3580,Customer 03580,Northeast
3581,Customer 03581,Southwest
3582,Customer 03582,West
3583,Customer 03583,Midwest
3584,Customer 03584,Southwest
3585,Customer 03585,West
3586,Customer 03586,West
3587,Customer 03587,Southeast
3588,Customer 03588,Midwest
3589,Customer 03589,Southwest
3590,Customer 03590,Southeast
3591,Customer 03591,West
3592,Customer 03592,Southeast
3593,Customer 03593,West
3594,Customer 03594,Northeast
3595,Customer 03595,Northeast
3596,Customer 03596,West
3597,Customer 03597,West
3598,Customer 03598,West
3599,Customer 03599,West
3600,Customer 03600,Midwest
3601,Customer 03601,Southeast
3602,Customer 03602,Northeast
3603,Customer 03603,Midwest
3604,Customer 03604,Southeast
3605,Customer 03605,West
3606,Customer 03606,Northeast
3607,Customer 03607,Northeast
3608,Customer 03608,Southeast
3609,Customer 03609,Southeast
3610,Customer 03610,Southeast
3611,Customer 03611,Southwest
3612,Customer 03612,Southeast
3613,Customer 03613,Southwest
3614,Customer 03614,West
3615,Customer 03615,Southwest
3616,Customer 03616,Southwest
3617,Customer 03617,Southeast
3618,Customer 03618,Northeast
3619,Customer 03619,Southeast
3620,Customer 03620,West
3621,Customer 03621,Southwest
3622,Customer 03622,Southeast
3623,Customer 03623,Midwest
3624,Customer 03624,West
3625,Customer 03625,Southwest
3626,Customer 03626,Midwest
3627,Customer 03627,West
3628,Customer 03628,Southwest
3629,Customer 03629,Southwest
3630,Customer 03630,Southeast
3631,Customer 03631,Northeast
3632,Customer 03632,West
3633,Customer 03633,Midwest
3634,Customer 03634,Midwest
3635,Customer 03635,Midwest
3636,Customer 03636,Northeast
3637,Customer 03637,West
3638,Customer 03638,Southeast
3639,Customer 03639,West
3640,Customer 03640,Midwest
3641,Customer 03641,Southeast
3642,Customer 03642,Northeast
3643,Customer 03643,West
3644,Customer 03644,Northeast
3645,Customer 03645,Northeast
3646,Customer 03646,Southwest
3647,Customer 03647,Southeast
3648,Customer 03648,Southeast
3649,Customer 03649,Southeast
3650,Customer 03650,West
3651,Customer 03651,Southeast
3652,Customer 03652,Southeast
3653,Customer 03653,Southeast
3654,Customer 03654,Southeast
3655,Customer 03655,Southeast
3656,Customer 03656,Northeast
3657,Customer 03657,Northeast
3658,Customer 03658,Midwest
3659,Customer 03659,West
3660,Customer 03660,Northeast
3661,Customer 03661,Southeast
3662,Customer 03662,West
3663,Customer 03663,West
3664,Customer 03664,Southwest
3665,Customer 03665,Southeast
3666,Customer 03666,Midwest
3667,Customer 03667,Southeast
3668,Customer 03668,Northeast
3669,Customer 03669,Southeast
3670,Customer 03670,Midwest
3671,Customer 03671,Southeast
3672,Customer 03672,Southwest
3673,Customer 03673,Southeast
3674,Customer 03674,Southeast
3675,Customer 03675,West
3676,Customer 03676,West
3677,Customer 03677,Southeast
3678,Customer 03678,Midwest
3679,Customer 03679,Southeast
3680,Customer 03680,Northeast
3681,Customer 03681,Southwest
3682,Customer 03682,Northeast
3683,Customer 03683,Midwest
3684,Customer 03684,Midwest
3685,Customer 03685,Southeast
3686,Customer 03686,Northeast
3687,Customer 03687,Southeast
3688,Customer 03688,West
3689,Customer 03689,Southwest
3690,Customer 03690,Southeast
3691,Customer 03691,Northeast
3692,Customer 03692,Southwest
3693,Customer 03693,Northeast
3694,Customer 03694,Midwest
3695,Customer 03695,Southwest
3696,Customer 03696,Midwest
3697,Customer 03697,Southeast
3698,Customer 03698,Northeast
3699,Customer 03699,Northeast
3700,Customer 03700,Midwest
3701,Customer 03701,West
3702,Customer 03702,Southeast
3703,Customer 03703,Midwest
3704,Customer 03704,Southwest
3705,Customer 03705,Northeast
3706,Customer 03706,Northeast
3707,Customer 03707,Southeast
3708,Customer 03708,Southwest
3709,Customer 03709,Midwest
3710,Customer 03710,Southwest
3711,Customer 03711,West
3712,Customer 03712,Southwest
3713,Customer 03713,West
3714,Customer 03714,Southwest
3715,Customer 03715,West
3716,Customer 03716,West
3717,Customer 03717,Southwest
3718,Customer 03718,West
3719,Customer 03719,West
3720,Customer 03720,Midwest
3721,Customer 03721,Southwest
3722,Customer 03722,Midwest
3723,Customer 03723,West
3724,Customer 03724,Midwest
3725,Customer 03725,West
3726,Customer 03726,West
3727,Customer 03727,West
3728,Customer 03728,Southeast
3729,Customer 03729,Southwest
3730,Customer 03730,Southwest
3731,Customer 03731,West
3732,Customer 03732,West
3733,Customer 03733,Midwest
3734,Customer 03734,Midwest
3735,Customer 03735,Northeast
3736,Customer 03736,West
3737,Customer 03737,Southeast
3738,Customer 03738,Southwest
3739,Customer 03739,West
3740,Customer 03740,Midwest
3741,Customer 03741,Southeast
3742,Customer 03742,Southeast
3743,Customer 03743,West
3744,Customer 03744,Midwest
3745,Customer 03745,Northeast
3746,Customer 03746,Southwest
3747,Customer 03747,Southeast
3748,Customer 03748,West
3749,Customer 03749,Southeast
3750,Customer 03750,Southeast
3751,Customer 03751,Northeast
3752,Customer 03752,Midwest
3753,Customer 03753,Midwest
3754,Customer 03754,Southwest
3755,Customer 03755,Midwest
3756,Customer 03756,Southeast
3757,Customer 03757,Southeast
3758,Customer 03758,Southeast
3759,Customer 03759,West
3760,Customer 03760,Northeast
3761,Customer 03761,West
3762,Customer 03762,Southeast
3763,Customer 03763,Northeast
3764,Customer 03764,Southeast
3765,Customer 03765,Northeast
3766,Customer 03766,West
3767,Customer 03767,Midwest
3768,Customer 03768,Southeast
3769,Customer 03769,Southwest
3770,Customer 03770,Southwest
3771,Customer 03771,West
3772,Customer 03772,West
3773,Customer 03773,Southwest
3774,Customer 03774,West
3775,Customer 03775,West
3776,Customer 03776,Midwest
3777,Customer 03777,Southwest
3778,Customer 03778,Northeast
3779,Customer 03779,Southwest
3780,Customer 03780,West
3781,Customer 03781,Northeast
3782,Customer 03782,West
3783,Customer 03783,West
3784,Customer 03784,Southeast
3785,Customer 03785,Midwest
3786,Customer 03786,West
3787,Customer 03787,West
3788,Customer 03788,Northeast
3789,Customer 03789,Southeast
3790,Customer 03790,Southwest
3791,Customer 03791,Southeast
3792,Customer 03792,Southeast
3793,Customer 03793,Northeast
3794,Customer 03794,Northeast
3795,Customer 03795,Midwest
3796,Customer 03796,Southwest
3797,Customer 03797,Southwest
3798,Customer 03798,Southwest
3799,Customer 03799,Midwest
3800,Customer 03800,Southeast
3801,Customer 03801,Northeast
3802,Customer 03802,Southeast
3803,Customer 03803,Southeast
3804,Customer 03804,Northeast
3805,Customer 03805,Northeast
3806,Customer 03806,Northeast
3807,Customer 03807,Southwest
3808,Customer 03808,Southwest
3809,Customer 03809,West
3810,Customer 03810,West
3811,Customer 03811,Midwest
3812,Customer 03812,Northeast
3813,Customer 03813,Midwest
3814,Customer 03814,Northeast
3815,Customer 03815,Midwest
3816,Customer 03816,Southeast
3817,Customer 03817,Midwest
3818,Customer 03818,Southeast
3819,Customer 03819,Southwest
3820,Customer 03820,West
3821,Customer 03821,Southwest
3822,Customer 03822,Southwest
3823,Customer 03823,Midwest
3824,Customer 03824,Northeast
3825,Customer 03825,Southwest
3826,Customer 03826,Midwest
3827,Customer 03827,Southeast
3828,Customer 03828,Southeast
3829,Customer 03829,West
3830,Customer 03830,Southwest
3831,Customer 03831,Midwest
3832,Customer 03832,Southwest
3833,Customer 03833,Midwest
3834,Customer 03834,Midwest
3835,Customer 03835,Southeast
3836,Customer 03836,Midwest
3837,Customer 03837,Southwest
3838,Customer 03838,Northeast
3839,Customer 03839,West
3840,Customer 03840,Southeast
3841,Customer 03841,Southwest
3842,Customer 03842,Southwest
3843,Customer 03843,Southwest
3844,Customer 03844,Southwest
3845,Customer 03845,West
3846,Customer 03846,Midwest
3847,Customer 03847,Southwest
3848,Customer 03848,Southwest
3849,Customer 03849,Southeast
3850,Customer 03850,Southeast
3851,Customer 03851,Midwest
3852,Customer 03852,Southeast
3853,Customer 03853,Southeast
3854,Customer 03854,Southeast
3855,Customer 03855,Southwest
3856,Customer 03856,Southeast
3857,Customer 03857,West
3858,Customer 03858,Midwest
3859,Customer 03859,Southwest
3860,Customer 03860,Northeast
3861,Customer 03861,Midwest
3862,Customer 03862,Northeast
3863,Customer 03863,Southwest
3864,Customer 03864,Southeast
3865,Customer 03865,West
3866,Customer 03866,Southeast
3867,Customer 03867,Midwest
3868,Customer 03868,Southeast
3869,Customer 03869,Southwest
3870,Customer 03870,Midwest
3871,Customer 03871,Southeast
3872,Customer 03872,Southeast
3873,Customer 03873,Northeast
3874,Customer 03874,Northeast
3875,Customer 03875,West
3876,Customer 03876,Midwest
3877,Customer 03877,Northeast
3878,Customer 03878,West
3879,Customer 03879,Northeast
3880,Customer 03880,Midwest
3881,Customer 03881,Southwest
3882,Customer 03882,West
3883,Customer 03883,Southwest
3884,Customer 03884,Midwest
3885,Customer 03885,West
3886,Customer 03886,Northeast
3887,Customer 03887,West
3888,Customer 03888,West
3889,Customer 03889,West
3890,Customer 03890,Southeast
3891,Customer 03891,Northeast
3892,Customer 03892,Southwest
3893,Customer 03893,Midwest
3894,Customer 03894,Midwest
3895,Customer 03895,West
3896,Customer 03896,Southwest
3897,Customer 03897,Southeast
3898,Customer 03898,Midwest
3899,Customer 03899,Northeast
3900,Customer 03900,Southeast
3901,Customer 03901,Northeast
3902,Customer 03902,West
3903,Customer 03903,Southwest
3904,Customer 03904,Midwest
3905,Customer 03905,Southeast
3906,Customer 03906,Southwest
3907,Customer 03907,West
3908,Customer 03908,West
3909,Customer 03909,Midwest
3910,Customer 03910,West
3911,Customer 03911,Midwest
3912,Customer 03912,Midwest
3913,Customer 03913,West
3914,Customer 03914,Southeast
3915,Customer 03915,Southeast
3916,Customer 03916,Southeast
3917,Customer 03917,Midwest
3918,Customer 03918,Midwest
3919,Customer 03919,Southwest
3920,Customer 03920,Midwest
3921,Customer 03921,Southeast
3922,Customer 03922,West
3923,Customer 03923,Southeast
3924,Customer 03924,West
3925,Customer 03925,Southeast
3926,Customer 03926,Midwest
3927,Customer 03927,Midwest
3928,Customer 03928,West
3929,Customer 03929,Northeast
3930,Customer 03930,West
3931,Customer 03931,Midwest
3932,Customer 03932,Midwest
3933,Customer 03933,Midwest
3934,Customer 03934,Northeast
3935,Customer 03935,Midwest
3936,Customer 03936,Southeast
3937,Customer 03937,Southeast
3938,Customer 03938,Southwest
3939,Customer 03939,Midwest
3940,Customer 03940,Northeast
3941,Customer 03941,Northeast
3942,Customer 03942,Southeast
3943,Customer 03943,Southeast
3944,Customer 03944,Southwest
3945,Customer 03945,Northeast
3946,Customer 03946,West
3947,Customer 03947,Southeast
3948,Customer 03948,Northeast
3949,Customer 03949,West
3950,Customer 03950,Southeast
3951,Customer 03951,Midwest
3952,Customer 03952,West
3953,Customer 03953,West
3954,Customer 03954,Southwest
3955,Customer 03955,Northeast
3956,Customer 03956,Midwest
3957,Customer 03957,West
3958,Customer 03958,West
3959,Customer 03959,Northeast
3960,Customer 03960,Southeast
3961,Customer 03961,Southeast
3962,Customer 03962,Northeast
3963,Customer 03963,Southwest
3964,Customer 03964,Southeast
3965,Customer 03965,Southeast
3966,Customer 03966,Northeast
3967,Customer 03967,Midwest
3968,Customer 03968,Northeast
3969,Customer 03969,Midwest
3970,Customer 03970,Northeast
3971,Customer 03971,West
3972,Customer 03972,Northeast
3973,Customer 03973,Midwest
3974,Customer 03974,Southeast
3975,Customer 03975,Northeast
3976,Customer 03976,Southeast
3977,Customer 03977,Northeast
3978,Customer 03978,Northeast
3979,Customer 03979,Midwest
3980,Customer 03980,Southwest
3981,Customer 03981,Northeast
3982,Customer 03982,Midwest
3983,Customer 03983,Midwest
3984,Customer 03984,Southeast
3985,Customer 03985,Southeast
3986,Customer 03986,Northeast
3987,Customer 03987,Southeast
3988,Customer 03988,Midwest
3989,Customer 03989,West
3990,Customer 03990,West
3991,Customer 03991,West
3992,Customer 03992,Midwest
3993,Customer 03993,Northeast
3994,Customer 03994,Southeast
3995,Customer 03995,Southeast
3996,Customer 03996,Northeast
3997,Customer 03997,Northeast
3998,Customer 03998,Midwest
3999,Customer 03999,Southeast
4000,Customer 04000,Southeast
4001,Customer 04001,Southwest
4002,Customer 04002,Southeast
4003,Customer 04003,West
4004,Customer 04004,Southeast
4005,Customer 04005,Midwest
4006,Customer 04006,Southeast
4007,Customer 04007,Midwest
4008,Customer 04008,Northeast
4009,Customer 04009,Northeast
4010,Customer 04010,Southwest
4011,Customer 04011,Southeast
4012,Customer 04012,Northeast
4013,Customer 04013,West
4014,Customer 04014,Northeast
4015,Customer 04015,Midwest
4016,Customer 04016,Midwest
4017,Customer 04017,Southeast
4018,Customer 04018,Midwest
4019,Customer 04019,Northeast
4020,Customer 04020,Southwest
4021,Customer 04021,Southeast
4022,Customer 04022,Southeast
4023,Customer 04023,Southeast
4024,Customer 04024,West
4025,Customer 04025,West
4026,Customer 04026,West
4027,Customer 04027,Southwest
4028,Customer 04028,Southwest
4029,Customer 04029,Midwest
4030,Customer 04030,West
4031,Customer 04031,Midwest
4032,Customer 04032,Southeast
4033,Customer 04033,Southwest
4034,Customer 04034,Midwest
4035,Customer 04035,Northeast
4036,Customer 04036,Southeast
4037,Customer 04037,Southeast
4038,Customer 04038,West
4039,Customer 04039,Southeast
4040,Customer 04040,West
4041,Customer 04041,Midwest
4042,Customer 04042,Southwest
4043,Customer 04043,Northeast
4044,Customer 04044,West
4045,Customer 04045,Midwest
4046,Customer 04046,Southeast
4047,Customer 04047,Southeast
4048,Customer 04048,Southeast
4049,Customer 04049,Southeast
4050,Customer 04050,Southwest
4051,Customer 04051,West
4052,Customer 04052,Southwest
4053,Customer 04053,Midwest
4054,Customer 04054,Midwest
4055,Customer 04055,West
4056,Customer 04056,West
4057,Customer 04057,Southeast
4058,Customer 04058,West
4059,Customer 04059,Southeast
4060,Customer 04060,West
4061,Customer 04061,West
4062,Customer 04062,Southwest
4063,Customer 04063,Northeast
4064,Customer 04064,Midwest
4065,Customer 04065,Northeast
4066,Customer 04066,West
4067,Customer 04067,Southeast
4068,Customer 04068,Southwest
4069,Customer 04069,West
4070,Customer 04070,Southeast
4071,Customer 04071,Southeast
4072,Customer 04072,Southwest
4073,Customer 04073,Midwest
4074,Customer 04074,Northeast
4075,Customer 04075,Northeast
4076,Customer 04076,Midwest
4077,Customer 04077,Southwest
4078,Customer 04078,Midwest
4079,Customer 04079,Northeast
4080,Customer 04080,Midwest
4081,Customer 04081,Southeast
4082,Customer 04082,Southeast
4083,Customer 04083,Southwest
4084,Customer 04084,Southeast
4085,Customer 04085,Midwest
4086,Customer 04086,West
4087,Customer 04087,Midwest
4088,Customer 04088,Southwest
4089,Customer 04089,Northeast
4090,Customer 04090,Northeast
4091,Customer 04091,Northeast
4092,Customer 04092,Southwest
4093,Customer 04093,West
4094,Customer 04094,Southeast
4095,Customer 04095,Southeast
4096,Customer 04096,Southeast
4097,Customer 04097,Midwest
4098,Customer 04098,Southwest
4099,Customer 04099,Southwest
4100,Customer 04100,West
4101,Customer 04101,Southeast
4102,Customer 04102,Southwest
4103,Customer 04103,Midwest
4104,Customer 04104,Southeast
4105,Customer 04105,West
4106,Customer 04106,Northeast
4107,Customer 04107,Southwest
4108,Customer 04108,Southwest
4109,Customer 04109,West
4110,Customer 04110,Midwest
4111,Customer 04111,Southeast
4112,Customer 04112,West
4113,Customer 04113,Southwest
4114,Customer 04114,Midwest
4115,Customer 04115,Southwest
4116,Customer 04116,Southeast
4117,Customer 04117,Midwest
4118,Customer 04118,West
4119,Customer 04119,Southeast
4120,Customer 04120,Midwest
4121,Customer 04121,West
4122,Customer 04122,West
4123,Customer 04123,West
4124,Customer 04124,Southeast
4125,Customer 04125,West
4126,Customer 04126,Northeast
4127,Customer 04127,Midwest
4128,Customer 04128,Midwest
4129,Customer 04129,West
4130,Customer 04130,West
4131,Customer 04131,Southwest
4132,Customer 04132,Southwest
4133,Customer 04133,Midwest
4134,Customer 04134,Midwest
4135,Customer 04135,Midwest
4136,Customer 04136,Northeast
4137,Customer 04137,Midwest
4138,Customer 04138,West
4139,Customer 04139,Southwest
4140,Customer 04140,West
4141,Customer 04141,Southeast
4142,Customer 04142,Midwest
4143,Customer 04143,Northeast
4144,Customer 04144,Southeast
4145,Customer 04145,Midwest
4146,Customer 04146,Southeast
4147,Customer 04147,Northeast
4148,Customer 04148,Southwest
4149,Customer 04149,Midwest
4150,Customer 04150,Midwest
4151,Customer 04151,Southeast
4152,Customer 04152,Midwest
4153,Customer 04153,Midwest
4154,Customer 04154,Midwest
4155,Customer 04155,Midwest
4156,Customer 04156,Northeast
4157,Customer 04157,West
4158,Customer 04158,Northeast
4159,Customer 04159,Midwest
4160,Customer 04160,Southeast
4161,Customer 04161,Midwest
4162,Customer 04162,Southeast
4163,Customer 04163,West
4164,Customer 04164,Southeast
4165,Customer 04165,Southwest
4166,Customer 04166,Southeast
4167,Customer 04167,Northeast
4168,Customer 04168,Midwest
4169,Customer 04169,Midwest
4170,Customer 04170,Midwest
4171,Customer 04171,West
4172,Customer 04172,Southwest
4173,Customer 04173,West
4174,Customer 04174,Southeast
4175,Customer 04175,West
4176,Customer 04176,Midwest
4177,Customer 04177,Southwest
4178,Customer 04178,West
4179,Customer 04179,Southwest
4180,Customer 04180,West
4181,Customer 04181,Southwest
4182,Customer 04182,Northeast
4183,Customer 04183,Southwest
4184,Customer 04184,Midwest
4185,Customer 04185,West
4186,Customer 04186,West
4187,Customer 04187,Northeast
4188,Customer 04188,Northeast
4189,Customer 04189,Northeast
4190,Customer 04190,Midwest
4191,Customer 04191,Northeast
4192,Customer 04192,Southwest
4193,Customer 04193,Midwest
4194,Customer 04194,West
4195,Customer 04195,Southeast
4196,Customer 04196,Midwest
4197,Customer 04197,Northeast
4198,Customer 04198,West
4199,Customer 04199,Northeast
4200,Customer 04200,Northeast
4201,Customer 04201,Southeast
4202,Customer 04202,West
4203,Customer 04203,Northeast
4204,Customer 04204,Southwest
4205,Customer 04205,Southwest
4206,Customer 04206,Southwest
4207,Customer 04207,Southeast
4208,Customer 04208,Northeast
4209,Customer 04209,Midwest
4210,Customer 04210,Southeast
4211,Customer 04211,Southwest
4212,Customer 04212,Southeast
4213,Customer 04213,Midwest
4214,Customer 04214,Northeast
4215,Customer 04215,Midwest
4216,Customer 04216,Southeast
4217,Customer 04217,Southwest
4218,Customer 04218,Northeast
4219,Customer 04219,West
4220,Customer 04220,Southwest
4221,Customer 04221,Southeast
4222,Customer 04222,Northeast
4223,Customer 04223,Southeast
4224,Customer 04224,Northeast
4225,Customer 04225,Southeast
4226,Customer 04226,West
4227,Customer 04227,Southwest
4228,Customer 04228,Northeast
4229,Customer 04229,Midwest
4230,Customer 04230,Southeast
4231,Customer 04231,West
4232,Customer 04232,Northeast
4233,Customer 04233,Southwest
4234,Customer 04234,Southwest
4235,Customer 04235,Northeast
4236,Customer 04236,Northeast
4237,Customer 04237,Southeast
4238,Customer 04238,West
4239,Customer 04239,Midwest
4240,Customer 04240,Southwest
4241,Customer 04241,West
4242,Customer 04242,West
4243,Customer 04243,Midwest
4244,Customer 04244,Midwest
4245,Customer 04245,Southwest
4246,Customer 04246,Southeast
4247,Customer 04247,West
4248,Customer 04248,Northeast
4249,Customer 04249,Southeast
4250,Customer 04250,West
4251,Customer 04251,Southeast
4252,Customer 04252,Northeast
4253,Customer 04253,Southeast
4254,Customer 04254,Midwest
4255,Customer 04255,West
4256,Customer 04256,Northeast
4257,Customer 04257,Northeast
4258,Customer 04258,Midwest
4259,Customer 04259,West
4260,Customer 04260,Southeast
4261,Customer 04261,West
4262,Customer 04262,West
4263,Customer 04263,Southeast
4264,Customer 04264,West
4265,Customer 04265,Southwest
4266,Customer 04266,Midwest
4267,Customer 04267,Midwest
4268,Customer 04268,West
4269,Customer 04269,West
4270,Customer 04270,Southwest
4271,Customer 04271,West
4272,Customer 04272,Midwest
4273,Customer 04273,West
4274,Customer 04274,West
4275,Customer 04275,Southeast
4276,Customer 04276,Northeast
4277,Customer 04277,Midwest
4278,Customer 04278,West
4279,Customer 04279,Southeast
4280,Customer 04280,Southwest
4281,Customer 04281,Northeast
4282,Customer 04282,Southeast
4283,Customer 04283,Southwest
4284,Customer 04284,Northeast
4285,Customer 04285,West
4286,Customer 04286,Northeast
4287,Customer 04287,West
4288,Customer 04288,Southeast
4289,Customer 04289,West
4290,Customer 04290,Southwest
4291,Customer 04291,Northeast
4292,Customer 04292,Northeast
4293,Customer 04293,Northeast
4294,Customer 04294,Midwest
4295,Customer 04295,West
4296,Customer 04296,Midwest
4297,Customer 04297,Midwest
4298,Customer 04298,Midwest
4299,Customer 04299,Midwest
4300,Customer 04300,Southwest
4301,Customer 04301,Midwest
4302,Customer 04302,Southwest
4303,Customer 04303,West
4304,Customer 04304,Southeast
4305,Customer 04305,Northeast
4306,Customer 04306,Northeast
4307,Customer 04307,Midwest
4308,Customer 04308,Southeast
4309,Customer 04309,West
4310,Customer 04310,Southwest
4311,Customer 04311,Midwest
4312,Customer 04312,West
4313,Customer 04313,Southeast
4314,Customer 04314,West
4315,Customer 04315,Northeast
4316,Customer 04316,Southwest
4317,Customer 04317,West
4318,Customer 04318,West
4319,Customer 04319,West
4320,Customer 04320,Southeast
4321,Customer 04321,West
4322,Customer 04322,Midwest
4323,Customer 04323,Southwest
4324,Customer 04324,Northeast
4325,Customer 04325,Southeast
4326,Customer 04326,Midwest
4327,Customer 04327,Northeast
4328,Customer 04328,Southwest
4329,Customer 04329,West
4330,Customer 04330,West
4331,Customer 04331,Northeast
4332,Customer 04332,West
4333,Customer 04333,Northeast
4334,Customer 04334,Midwest
4335,Customer 04335,West
4336,Customer 04336,Northeast
4337,Customer 04337,Northeast
4338,Customer 04338,Northeast
4339,Customer 04339,Midwest
4340,Customer 04340,West
4341,Customer 04341,Northeast
4342,Customer 04342,Northeast
4343,Customer 04343,Midwest
4344,Customer 04344,Southeast
4345,Customer 04345,Southwest
4346,Customer 04346,West
4347,Customer 04347,Southwest
4348,Customer 04348,West
4349,Customer 04349,Midwest
4350,Customer 04350,West
4351,Customer 04351,Southeast
4352,Customer 04352,Northeast
4353,Customer 04353,Southwest
4354,Customer 04354,Northeast
4355,Customer 04355,West
4356,Customer 04356,Southwest
4357,Customer 04357,West
4358,Customer 04358,Southeast
4359,Customer 04359,Midwest
4360,Customer 04360,Southwest
4361,Customer 04361,Southeast
4362,Customer 04362,Midwest
4363,Customer 04363,Southwest
4364,Customer 04364,West
4365,Customer 04365,Southwest
4366,Customer 04366,Northeast
4367,Customer 04367,Midwest
4368,Customer 04368,Midwest
4369,Customer 04369,Northeast
4370,Customer 04370,Midwest
4371,Customer 04371,Southeast
4372,Customer 04372,Northeast
4373,Customer 04373,Midwest
4374,Customer 04374,Northeast
4375,Customer 04375,Midwest
4376,Customer 04376,Northeast
4377,Customer 04377,Southwest
4378,Customer 04378,Southeast
4379,Customer 04379,West
4380,Customer 04380,Northeast
4381,Customer 04381,Midwest
4382,Customer 04382,Southeast
4383,Customer 04383,Southeast
4384,Customer 04384,Midwest
4385,Customer 04385,West
4386,Customer 04386,West
4387,Customer 04387,Southeast
4388,Customer 04388,Northeast
4389,Customer 04389,Southwest
4390,Customer 04390,Midwest
4391,Customer 04391,Southeast
4392,Customer 04392,Southwest
4393,Customer 04393,Midwest
4394,Customer 04394,Southwest
4395,Customer 04395,Southeast
4396,Customer 04396,Midwest
4397,Customer 04397,Southeast
4398,Customer 04398,Southwest
4399,Customer 04399,Northeast
4400,Customer 04400,Southwest
4401,Customer 04401,West
4402,Customer 04402,Southwest
4403,Customer 04403,Northeast
4404,Customer 04404,Southeast
4405,Customer 04405,Midwest
4406,Customer 04406,Midwest
4407,Customer 04407,West
4408,Customer 04408,Southeast
4409,Customer 04409,West
4410,Customer 04410,Northeast
4411,Customer 04411,Southeast
4412,Customer 04412,Northeast
4413,Customer 04413,Southwest
4414,Customer 04414,Northeast
4415,Customer 04415,Southeast
4416,Customer 04416,Southwest
4417,Customer 04417,Midwest
4418,Customer 04418,Northeast
4419,Customer 04419,Northeast
4420,Customer 04420,Midwest
4421,Customer 04421,Southeast
4422,Customer 04422,Southeast
4423,Customer 04423,Southwest
4424,Customer 04424,Southeast
4425,Customer 04425,Midwest
4426,Customer 04426,Southeast
4427,Customer 04427,Southeast
4428,Customer 04428,Northeast
4429,Customer 04429,Southeast
4430,Customer 04430,Northeast
4431,Customer 04431,Southeast
4432,Customer 04432,West
4433,Customer 04433,West
4434,Customer 04434,Southeast
4435,Customer 04435,Midwest
4436,Customer 04436,Midwest
4437,Customer 04437,West
4438,Customer 04438,Southeast
4439,Customer 04439,Southeast
4440,Customer 04440,Southeast
4441,Customer 04441,Northeast
4442,Customer 04442,Southeast
4443,Customer 04443,West
4444,Customer 04444,West
4445,Customer 04445,Northeast
4446,Customer 04446,Midwest
4447,Customer 04447,Southeast
4448,Customer 04448,Midwest
4449,Customer 04449,Midwest
4450,Customer 04450,Northeast
4451,Customer 04451,West
4452,Customer 04452,West
4453,Customer 04453,Southwest
4454,Customer 04454,Southwest
4455,Customer 04455,Midwest
4456,Customer 04456,Southeast
4457,Customer 04457,Northeast
4458,Customer 04458,Midwest
4459,Customer 04459,Northeast
4460,Customer 04460,West
4461,Customer 04461,Midwest
4462,Customer 04462,Midwest
4463,Customer 04463,Southeast
4464,Customer 04464,West
4465,Customer 04465,Northeast
4466,Customer 04466,Northeast
4467,Customer 04467,Northeast
4468,Customer 04468,Southwest
4469,Customer 04469,West
4470,Customer 04470,Southeast
4471,Customer 04471,West
4472,Customer 04472,Southeast
4473,Customer 04473,Southwest
4474,Customer 04474,Northeast
4475,Customer 04475,Midwest
4476,Customer 04476,Southwest
4477,Customer 04477,Midwest
4478,Customer 04478,Southeast
4479,Customer 04479,West
4480,Customer 04480,West
4481,Customer 04481,Midwest
4482,Customer 04482,Southwest
4483,Customer 04483,West
4484,Customer 04484,Southeast
4485,Customer 04485,West
4486,Customer 04486,Southeast
4487,Customer 04487,Southwest
4488,Customer 04488,Northeast
4489,Customer 04489,Southeast
4490,Customer 04490,Midwest
4491,Customer 04491,Midwest
4492,Customer 04492,West
4493,Customer 04493,West
4494,Customer 04494,Northeast
4495,Customer 04495,Southeast
4496,Customer 04496,Southeast
4497,Customer 04497,Midwest
4498,Customer 04498,Midwest
4499,Customer 04499,West
4500,Customer 04500,Southwest
4501,Customer 04501,Northeast
4502,Customer 04502,Midwest
4503,Customer 04503,Southwest
4504,Customer 04504,Midwest
4505,Customer 04505,Northeast
4506,Customer 04506,Southeast
4507,Customer 04507,Midwest
4508,Customer 04508,Southeast
4509,Customer 04509,Southwest
4510,Customer 04510,Southeast
4511,Customer 04511,Midwest
4512,Customer 04512,Midwest
4513,Customer 04513,West
4514,Customer 04514,Northeast
4515,Customer 04515,Northeast
4516,Customer 04516,Southeast
4517,Customer 04517,Midwest
4518,Customer 04518,Southeast
4519,Customer 04519,Southwest
4520,Customer 04520,Southeast
4521,Customer 04521,Northeast
4522,Customer 04522,Midwest
4523,Customer 04523,Southwest
4524,Customer 04524,West
4525,Customer 04525,Southwest
4526,Customer 04526,Midwest
4527,Customer 04527,Southwest
4528,Customer 04528,Southwest
4529,Customer 04529,Southeast
4530,Customer 04530,Midwest
4531,Customer 04531,Southwest
4532,Customer 04532,Southeast
4533,Customer 04533,Southwest
4534,Customer 04534,Midwest
4535,Customer 04535,Midwest
4536,Customer 04536,Northeast
4537,Customer 04537,Southwest
4538,Customer 04538,West
4539,Customer 04539,Northeast
4540,Customer 04540,Southeast
4541,Customer 04541,Northeast
4542,Customer 04542,Northeast
4543,Customer 04543,West
4544,Customer 04544,Midwest
4545,Customer 04545,Southeast
4546,Customer 04546,Southeast
4547,Customer 04547,West
4548,Customer 04548,Southeast
4549,Customer 04549,Southwest
4550,Customer 04550,Southeast
4551,Customer 04551,Northeast
4552,Customer 04552,Southwest
4553,Customer 04553,Northeast
4554,Customer 04554,Southwest
4555,Customer 04555,Southeast
4556,Customer 04556,Southwest
4557,Customer 04557,Southwest
4558,Customer 04558,Southwest
4559,Customer 04559,Northeast
4560,Customer 04560,Southwest
4561,Customer 04561,West
4562,Customer 04562,Southeast
4563,Customer 04563,Southeast
4564,Customer 04564,West
4565,Customer 04565,Northeast
4566,Customer 04566,Southwest
4567,Customer 04567,Southwest
4568,Customer 04568,Northeast
4569,Customer 04569,Midwest
4570,Customer 04570,Midwest
4571,Customer 04571,Southeast
4572,Customer 04572,West
4573,Customer 04573,Northeast
4574,Customer 04574,Southeast
4575,Customer 04575,West
4576,Customer 04576,Southeast
4577,Customer 04577,West
4578,Customer 04578,Northeast
4579,Customer 04579,Midwest
4580,Customer 04580,Northeast
4581,Customer 04581,Southwest
4582,Customer 04582,West
4583,Customer 04583,West
4584,Customer 04584,West
4585,Customer 04585,Southwest
4586,Customer 04586,Southwest
4587,Customer 04587,Midwest
4588,Customer 04588,West
4589,Customer 04589,Southwest
4590,Customer 04590,West
4591,Customer 04591,Southeast
4592,Customer 04592,Midwest
4593,Customer 04593,Southwest
4594,Customer 04594,Southeast
4595,Customer 04595,Southeast
4596,Customer 04596,West
4597,Customer 04597,Midwest
4598,Customer 04598,Southeast
4599,Customer 04599,Southeast
4600,Customer 04600,Southeast
4601,Customer 04601,Southwest
4602,Customer 04602,West
4603,Customer 04603,West
4604,Customer 04604,Southwest
4605,Customer 04605,Southwest
4606,Customer 04606,Southeast
4607,Customer 04607,West
4608,Customer 04608,Southeast
4609,Customer 04609,Northeast
4610,Customer 04610,West
4611,Customer 04611,West
4612,Customer 04612,Southeast
4613,Customer 04613,Southwest
4614,Customer 04614,Midwest
4615,Customer 04615,Southeast
4616,Customer 04616,Southeast
4617,Customer 04617,Northeast
4618,Customer 04618,Midwest
4619,Customer 04619,Midwest
4620,Customer 04620,Midwest
4621,Customer 04621,Southeast
4622,Customer 04622,West
4623,Customer 04623,Southwest
4624,Customer 04624,West
4625,Customer 04625,Northeast
4626,Customer 04626,Southwest
4627,Customer 04627,West
4628,Customer 04628,Southeast
4629,Customer 04629,Southeast
4630,Customer 04630,Southeast
4631,Customer 04631,Southeast
4632,Customer 04632,Midwest
4633,Customer 04633,Southeast
4634,Customer 04634,Southeast
4635,Customer 04635,Southwest
4636,Customer 04636,Northeast
4637,Customer 04637,Southeast
4638,Customer 04638,Southwest
4639,Customer 04639,Northeast
4640,Customer 04640,Southeast
4641,Customer 04641,Southeast
4642,Customer 04642,Northeast
4643,Customer 04643,Midwest
4644,Customer 04644,Northeast
4645,Customer 04645,Southeast
4646,Customer 04646,West
4647,Customer 04647,West
4648,Customer 04648,Southeast
4649,Customer 04649,Southeast
4650,Customer 04650,Midwest
4651,Customer 04651,West
4652,Customer 04652,West
4653,Customer 04653,Northeast
4654,Customer 04654,Northeast
4655,Customer 04655,Midwest
4656,Customer 04656,West
4657,Customer 04657,West
4658,Customer 04658,Northeast
4659,Customer 04659,Midwest
4660,Customer 04660,Northeast
4661,Customer 04661,Southwest
4662,Customer 04662,West
4663,Customer 04663,Midwest
4664,Customer 04664,Northeast
4665,Customer 04665,Midwest
4666,Customer 04666,Midwest
4667,Customer 04667,West
4668,Customer 04668,Southeast
4669,Customer 04669,West
4670,Customer 04670,Southeast
4671,Customer 04671,Northeast
4672,Customer 04672,Southeast
4673,Customer 04673,Northeast
4674,Customer 04674,Southeast
4675,Customer 04675,Southwest
4676,Customer 04676,Northeast
4677,Customer 04677,Northeast
4678,Customer 04678,Northeast
4679,Customer 04679,Northeast
4680,Customer 04680,West
4681,Customer 04681,West
4682,Customer 04682,Northeast
4683,Customer 04683,Southwest
4684,Customer 04684,Southwest
4685,Customer 04685,West
4686,Customer 04686,Southeast
4687,Customer 04687,Southeast
4688,Customer 04688,Midwest
4689,Customer 04689,West
4690,Customer 04690,Southwest
4691,Customer 04691,Midwest
4692,Customer 04692,Southeast
4693,Customer 04693,Southwest
4694,Customer 04694,West
4695,Customer 04695,Southeast
4696,Customer 04696,Southwest
4697,Customer 04697,Midwest
4698,Customer 04698,Midwest
4699,Customer 04699,Midwest
4700,Customer 04700,Southwest
4701,Customer 04701,West
4702,Customer 04702,Midwest
4703,Customer 04703,Southeast
4704,Customer 04704,Southeast
4705,Customer 04705,Northeast
4706,Customer 04706,Southeast
4707,Customer 04707,Northeast
4708,Customer 04708,Midwest
4709,Customer 04709,Northeast
4710,Customer 04710,Southeast
4711,Customer 04711,West
4712,Customer 04712,Southeast
4713,Customer 04713,Southwest
4714,Customer 04714,West
4715,Customer 04715,Midwest
4716,Customer 04716,Southeast
4717,Customer 04717,Southeast
4718,Customer 04718,Midwest
4719,Customer 04719,Midwest
4720,Customer 04720,Northeast
4721,Customer 04721,Midwest
4722,Customer 04722,Midwest
4723,Customer 04723,Southeast
4724,Customer 04724,Southwest
4725,Customer 04725,Northeast
4726,Customer 04726,Southeast
4727,Customer 04727,West
4728,Customer 04728,Southeast
4729,Customer 04729,Southwest
4730,Customer 04730,Midwest
4731,Customer 04731,Southeast
4732,Customer 04732,West
4733,Customer 04733,Southeast
4734,Customer 04734,Southeast
4735,Customer 04735,West
4736,Customer 04736,Southwest
4737,Customer 04737,Southwest
4738,Customer 04738,Northeast
4739,Customer 04739,Northeast
4740,Customer 04740,Southwest
4741,Customer 04741,Southeast
4742,Customer 04742,Southeast
4743,Customer 04743,Southwest
4744,Customer 04744,Southeast
4745,Customer 04745,Northeast
4746,Customer 04746,Northeast
4747,Customer 04747,Midwest
4748,Customer 04748,Southwest
4749,Customer 04749,West
4750,Customer 04750,Northeast
4751,Customer 04751,Southeast
4752,Customer 04752,Midwest
4753,Customer 04753,Southeast
4754,Customer 04754,Midwest
4755,Customer 04755,West
4756,Customer 04756,Midwest
4757,Customer 04757,Midwest
4758,Customer 04758,West
4759,Customer 04759,Northeast
4760,Customer 04760,West
4761,Customer 04761,Midwest
4762,Customer 04762,Midwest
4763,Customer 04763,West
4764,Customer 04764,Midwest
4765,Customer 04765,Midwest
4766,Customer 04766,Southeast
4767,Customer 04767,Southwest
4768,Customer 04768,Midwest
4769,Customer 04769,Southeast
4770,Customer 04770,Southwest
4771,Customer 04771,Southwest
4772,Customer 04772,Southeast
4773,Customer 04773,Northeast
4774,Customer 04774,Midwest
4775,Customer 04775,Northeast
4776,Customer 04776,Northeast
4777,Customer 04777,Midwest
4778,Customer 04778,Northeast
4779,Customer 04779,Southeast
4780,Customer 04780,Southwest
4781,Customer 04781,Southeast
4782,Customer 04782,West
4783,Customer 04783,West
4784,Customer 04784,Midwest
4785,Customer 04785,West
4786,Customer 04786,West
4787,Customer 04787,Southeast
4788,Customer 04788,Southwest
4789,Customer 04789,Northeast
4790,Customer 04790,Southwest
4791,Customer 04791,Midwest
4792,Customer 04792,Northeast
4793,Customer 04793,Southeast
4794,Customer 04794,West
4795,Customer 04795,Southeast
4796,Customer 04796,Southeast
4797,Customer 04797,Southeast
4798,Customer 04798,Midwest
4799,Customer 04799,West
4800,Customer 04800,Southwest
4801,Customer 04801,Midwest
4802,Customer 04802,Southeast
4803,Customer 04803,Northeast
4804,Customer 04804,Midwest
4805,Customer 04805,West
4806,Customer 04806,Southwest
4807,Customer 04807,Midwest
4808,Customer 04808,Midwest
4809,Customer 04809,Midwest
4810,Customer 04810,Midwest
4811,Customer 04811,Midwest
4812,Customer 04812,Southwest
4813,Customer 04813,Midwest
4814,Customer 04814,West
4815,Customer 04815,Midwest
4816,Customer 04816,Northeast
4817,Customer 04817,Southeast
4818,Customer 04818,Midwest
4819,Customer 04819,Midwest
4820,Customer 04820,Midwest
4821,Customer 04821,Southwest
4822,Customer 04822,Southeast
4823,Customer 04823,Southwest
4824,Customer 04824,Southwest
4825,Customer 04825,Midwest
4826,Customer 04826,Midwest
4827,Customer 04827,Northeast
4828,Customer 04828,Midwest
4829,Customer 04829,West
4830,Customer 04830,West
4831,Customer 04831,Midwest
4832,Customer 04832,Southeast
4833,Customer 04833,Southwest
4834,Customer 04834,Southwest
4835,Customer 04835,Southeast
4836,Customer 04836,West
4837,Customer 04837,Northeast
4838,Customer 04838,Northeast
4839,Customer 04839,Northeast
4840,Customer 04840,Northeast
4841,Customer 04841,West
4842,Customer 04842,Midwest
4843,Customer 04843,Southeast
4844,Customer 04844,Midwest
4845,Customer 04845,Southeast
4846,Customer 04846,Southeast
4847,Customer 04847,Northeast
4848,Customer 04848,Southwest
4849,Customer 04849,Northeast
4850,Customer 04850,Southwest
4851,Customer 04851,Southeast
4852,Customer 04852,Southwest
4853,Customer 04853,West
4854,Customer 04854,Northeast
4855,Customer 04855,Northeast
4856,Customer 04856,West
4857,Customer 04857,Midwest
4858,Customer 04858,Southwest
4859,Customer 04859,Northeast
4860,Customer 04860,Southeast
4861,Customer 04861,Midwest
4862,Customer 04862,West
4863,Customer 04863,Southeast
4864,Customer 04864,Southwest
4865,Customer 04865,Southwest
4866,Customer 04866,Northeast
4867,Customer 04867,Southeast
4868,Customer 04868,Southeast
4869,Customer 04869,Midwest
4870,Customer 04870,Southwest
4871,Customer 04871,Midwest
4872,Customer 04872,Southeast
4873,Customer 04873,Southwest
4874,Customer 04874,Midwest
4875,Customer 04875,Midwest
4876,Customer 04876,Midwest
4877,Customer 04877,Southeast
4878,Customer 04878,Southwest
4879,Customer 04879,Southeast
4880,Customer 04880,Southeast
4881,Customer 04881,Northeast
4882,Customer 04882,Midwest
4883,Customer 04883,Southwest
4884,Customer 04884,Southeast
4885,Customer 04885,West
4886,Customer 04886,West
4887,Customer 04887,Northeast
4888,Customer 04888,Southwest
4889,Customer 04889,Southeast
4890,Customer 04890,West
4891,Customer 04891,Southeast
4892,Customer 04892,Southeast
4893,Customer 04893,Midwest
4894,Customer 04894,Southeast
4895,Customer 04895,Southwest
4896,Customer 04896,Midwest
4897,Customer 04897,Southeast
4898,Customer 04898,Midwest
4899,Customer 04899,West
4900,Customer 04900,West
4901,Customer 04901,Midwest
4902,Customer 04902,Southeast
4903,Customer 04903,Northeast
4904,Customer 04904,West
4905,Customer 04905,Southwest
4906,Customer 04906,Midwest
4907,Customer 04907,West
4908,Customer 04908,Northeast
4909,Customer 04909,Southwest
4910,Customer 04910,Southeast
4911,Customer 04911,Northeast
4912,Customer 04912,Midwest
4913,Customer 04913,Southeast
4914,Customer 04914,West
4915,Customer 04915,Southeast
4916,Customer 04916,West
4917,Customer 04917,Southwest
4918,Customer 04918,Southwest
4919,Customer 04919,West
4920,Customer 04920,Midwest
4921,Customer 04921,Southeast
4922,Customer 04922,Northeast
4923,Customer 04923,Southeast
4924,Customer 04924,West
4925,Customer 04925,Midwest
4926,Customer 04926,Southeast
4927,Customer 04927,Southeast
4928,Customer 04928,Midwest
4929,Customer 04929,Southwest
4930,Customer 04930,Southeast
4931,Customer 04931,Southwest
4932,Customer 04932,Southwest
4933,Customer 04933,West
4934,Customer 04934,Southeast
4935,Customer 04935,Southwest
4936,Customer 04936,Northeast
4937,Customer 04937,Southeast
4938,Customer 04938,Southwest
4939,Customer 04939,Southwest
4940,Customer 04940,Southeast
4941,Customer 04941,West
4942,Customer 04942,Northeast
4943,Customer 04943,Midwest
4944,Customer 04944,West
4945,Customer 04945,Midwest
4946,Customer 04946,West
4947,Customer 04947,Midwest
4948,Customer 04948,West
4949,Customer 04949,Southwest
4950,Customer 04950,Southwest
4951,Customer 04951,Southeast
4952,Customer 04952,Southwest
4953,Customer 04953,Southeast
4954,Customer 04954,West
4955,Customer 04955,Southeast
4956,Customer 04956,Southeast
4957,Customer 04957,West
4958,Customer 04958,Southeast
4959,Customer 04959,Southeast
4960,Customer 04960,Southwest
4961,Customer 04961,Northeast
4962,Customer 04962,Northeast
4963,Customer 04963,Midwest
4964,Customer 04964,Southeast
4965,Customer 04965,Southeast
4966,Customer 04966,Northeast
4967,Customer 04967,Southeast
4968,Customer 04968,Southeast
4969,Customer 04969,Northeast
4970,Customer 04970,Southwest
4971,Customer 04971,Southwest
4972,Customer 04972,Northeast
4973,Customer 04973,Southeast
4974,Customer 04974,West
4975,Customer 04975,Midwest
4976,Customer 04976,Midwest
4977,Customer 04977,Midwest
4978,Customer 04978,Southeast
4979,Customer 04979,West
4980,Customer 04980,West
4981,Customer 04981,West
4982,Customer 04982,Southeast
4983,Customer 04983,Southeast
4984,Customer 04984,Northeast
4985,Customer 04985,Southeast
4986,Customer 04986,Southeast
4987,Customer 04987,Southwest
4988,Customer 04988,Southeast
4989,Customer 04989,West
4990,Customer 04990,Northeast
4991,Customer 04991,Northeast
4992,Customer 04992,West
4993,Customer 04993,Southwest
4994,Customer 04994,Southeast
4995,Customer 04995,Midwest
4996,Customer 04996,Southeast
4997,Customer 04997,Northeast
4998,Customer 04998,Midwest
4999,Customer 04999,Southeast
5000,Customer 05000,Southwest
