"customer_id","customer_name","order_count","total_revenue","avg_order_value","cancelled_orders","cancellation_rate"
1,"Customer 00001",10,13099.76,1309.98,3,30.00
2,"Customer 00002",8,4537.18,567.15,0,0.00
3,"Customer 00003",11,15936.70,1448.79,1,9.09
4,"Customer 00004",10,9300.12,930.01,1,10.00
5,"Customer 00005",9,11077.80,1230.87,0,0.00
6,"Customer 00006",6,5115.79,852.63,1,16.67
7,"Customer 00007",9,3653.24,405.92,0,0.00
8,"Customer 00008",7,4529.34,647.05,0,0.00
9,"Customer 00009",6,5286.32,881.05,0,0.00
10,"Customer 00010",8,9671.92,1208.99,0,0.00
11,"Customer 00011",10,9472.18,947.22,1,10.00
12,"Customer 00012",13,17220.98,1324.69,0,0.00
13,"Customer 00013",9,5325.71,591.75,0,0.00
14,"Customer 00014",9,13633.35,1514.82,0,0.00
15,"Customer 00015",7,6160.70,880.10,1,14.29
16,"Customer 00016",5,4526.30,905.26,0,0.00
17,"Customer 00017",12,23900.22,1991.69,1,8.33
18,"Customer 00018",7,5886.61,840.94,2,28.57
19,"Customer 00019",14,14403.99,1028.86,1,7.14
20,"Customer 00020",11,10296.21,936.02,1,9.09
21,"Customer 00021",12,12655.21,1054.60,1,8.33
22,"Customer 00022",16,18537.24,1158.58,0,0.00
23,"Customer 00023",10,14480.03,1448.00,0,0.00
24,"Customer 00024",8,9518.06,1189.76,0,0.00
25,"Customer 00025",6,10141.13,1690.19,0,0.00
26,"Customer 00026",11,11826.60,1075.15,2,18.18
27,"Customer 00027",13,17081.09,1313.93,0,0.00
28,"Customer 00028",9,11744.61,1304.96,2,22.22
29,"Customer 00029",11,11654.01,1059.46,1,9.09
30,"Customer 00030",17,13195.70,776.22,0,0.00
31,"Customer 00031",16,16084.83,1005.30,3,18.75
32,"Customer 00032",8,14351.65,1793.96,1,12.50
33,"Customer 00033",8,6883.62,860.45,2,25.00
34,"Customer 00034",13,11540.73,887.75,0,0.00
35,"Customer 00035",11,18400.27,1672.75,1,9.09
36,"Customer 00036",13,12244.27,941.87,0,0.00
37,"Customer 00037",14,12116.42,865.46,2,14.29
38,"Customer 00038",13,13248.02,1019.08,0,0.00
39,"Customer 00039",5,4129.39,825.88,0,0.00
40,"Customer 00040",12,13466.73,1122.23,4,33.33
41,"Customer 00041",13,16028.37,1232.95,1,7.69
42,"Customer 00042",8,7077.20,884.65,1,12.50
43,"Customer 00043",17,32050.79,1885.34,1,5.88
44,"Customer 00044",4,3266.58,816.65,0,0.00
45,"Customer 00045",6,4092.03,682.01,1,16.67
46,"Customer 00046",8,6453.90,806.74,0,0.00
47,"Customer 00047",6,6563.39,1093.90,0,0.00
48,"Customer 00048",7,7745.69,1106.53,0,0.00
49,"Customer 00049",11,18415.40,1674.13,3,27.27
50,"Customer 00050",15,20813.70,1387.58,1,6.67
51,"Customer 00051",5,5656.17,1131.23,0,0.00
52,"Customer 00052",10,12036.34,1203.63,1,10.00
53,"Customer 00053",7,5914.91,844.99,0,0.00
54,"Customer 00054",9,5773.36,641.48,0,0.00
55,"Customer 00055",6,10462.03,1743.67,2,33.33
56,"Customer 00056",9,9788.43,1087.60,0,0.00
57,"Customer 00057",9,6617.00,735.22,0,0.00
58,"Customer 00058",11,12783.01,1162.09,3,27.27
59,"Customer 00059",11,22566.78,2051.53,0,0.00
60,"Customer 00060",7,9676.71,1382.39,0,0.00
61,"Customer 00061",8,7216.44,902.06,1,12.50
62,"Customer 00062",5,2124.75,424.95,0,0.00
63,"Customer 00063",10,8580.69,858.07,2,20.00
64,"Customer 00064",6,9845.87,1640.98,1,16.67
65,"Customer 00065",10,10173.91,1017.39,1,10.00
66,"Customer 00066",7,8598.12,1228.30,0,0.00
67,"Customer 00067",8,7291.13,911.39,0,0.00
68,"Customer 00068",7,5032.07,718.87,0,0.00
69,"Customer 00069",10,9647.73,964.77,0,0.00
70,"Customer 00070",8,10201.29,1275.16,0,0.00
71,"Customer 00071",9,8525.04,947.23,0,0.00
72,"Customer 00072",12,18261.83,1521.82,1,8.33
73,"Customer 00073",10,6009.06,600.91,0,0.00
74,"Customer 00074",9,9457.92,1050.88,1,11.11
75,"Customer 00075",11,11089.69,1008.15,0,0.00
76,"Customer 00076",10,9539.93,953.99,1,10.00
77,"Customer 00077",6,13702.66,2283.78,0,0.00
78,"Customer 00078",8,11758.76,1469.85,0,0.00
79,"Customer 00079",11,12206.58,1109.69,0,0.00
80,"Customer 00080",13,20735.03,1595.00,0,0.00
81,"Customer 00081",10,8000.35,800.04,0,0.00
82,"Customer 00082",6,3005.31,500.89,0,0.00
83,"Customer 00083",10,12733.14,1273.31,2,20.00
84,"Customer 00084",8,14288.23,1786.03,1,12.50
85,"Customer 00085",10,18681.39,1868.14,0,0.00
86,"Customer 00086",7,7987.00,1141.00,1,14.29
87,"Customer 00087",15,27559.08,1837.27,2,13.33
88,"Customer 00088",14,17604.93,1257.50,1,7.14
89,"Customer 00089",10,15701.32,1570.13,0,0.00
90,"Customer 00090",3,3653.03,1217.68,0,0.00
91,"Customer 00091",5,6733.71,1346.74,0,0.00
92,"Customer 00092",15,17023.14,1134.88,0,0.00
93,"Customer 00093",10,13575.01,1357.50,0,0.00
94,"Customer 00094",15,27348.26,1823.22,1,6.67
95,"Customer 00095",14,15719.47,1122.82,0,0.00
96,"Customer 00096",12,15686.60,1307.22,1,8.33
97,"Customer 00097",10,12731.45,1273.15,1,10.00
98,"Customer 00098",4,8405.12,2101.28,0,0.00
99,"Customer 00099",12,23860.64,1988.39,0,0.00
100,"Customer 00100",13,18738.02,1441.39,0,0.00
101,"Customer 00101",10,13093.69,1309.37,0,0.00
102,"Customer 00102",10,7765.74,776.57,0,0.00
103,"Customer 00103",15,11846.79,789.79,1,6.67
104,"Customer 00104",9,9923.49,1102.61,1,11.11
105,"Customer 00105",12,9116.18,759.68,0,0.00
106,"Customer 00106",11,16949.93,1540.90,0,0.00
107,"Customer 00107",14,21006.87,1500.49,1,7.14
108,"Customer 00108",13,14263.79,1097.21,1,7.69
109,"Customer 00109",11,17743.22,1613.02,1,9.09
110,"Customer 00110",12,12027.04,1002.25,0,0.00
111,"Customer 00111",7,16649.54,2378.51,0,0.00
112,"Customer 00112",10,9857.62,985.76,0,0.00
113,"Customer 00113",10,13146.18,1314.62,1,10.00
114,"Customer 00114",11,13679.19,1243.56,1,9.09
115,"Customer 00115",11,9951.02,904.64,0,0.00
116,"Customer 00116",11,13007.61,1182.51,0,0.00
117,"Customer 00117",8,5121.36,640.17,1,12.50
118,"Customer 00118",15,17191.15,1146.08,1,6.67
119,"Customer 00119",10,10503.81,1050.38,0,0.00
120,"Customer 00120",10,23472.99,2347.30,0,0.00
121,"Customer 00121",7,6342.58,906.08,1,14.29
122,"Customer 00122",8,5514.40,689.30,0,0.00
123,"Customer 00123",11,9374.23,852.20,0,0.00
124,"Customer 00124",8,13483.70,1685.46,0,0.00
125,"Customer 00125",11,17350.15,1577.29,0,0.00
126,"Customer 00126",9,11457.29,1273.03,0,0.00
127,"Customer 00127",12,19283.71,1606.98,0,0.00
128,"Customer 00128",12,17928.72,1494.06,0,0.00
129,"Customer 00129",9,7089.00,787.67,1,11.11
130,"Customer 00130",14,10026.07,716.15,1,7.14
131,"Customer 00131",12,9629.83,802.49,1,8.33
132,"Customer 00132",10,6600.56,660.06,0,0.00
133,"Customer 00133",9,9211.51,1023.50,0,0.00
134,"Customer 00134",9,11315.54,1257.28,1,11.11
135,"Customer 00135",7,12742.09,1820.30,1,14.29
136,"Customer 00136",15,13712.25,914.15,0,0.00
137,"Customer 00137",5,2413.81,482.76,0,0.00
138,"Customer 00138",7,6084.25,869.18,3,42.86
139,"Customer 00139",13,13014.43,1001.11,0,0.00
140,"Customer 00140",5,6084.49,1216.90,0,0.00
141,"Customer 00141",7,3492.44,498.92,0,0.00
142,"Customer 00142",11,6181.16,561.92,0,0.00
143,"Customer 00143",12,6501.30,541.78,0,0.00
144,"Customer 00144",8,5016.47,627.06,0,0.00
145,"Customer 00145",8,8819.64,1102.46,1,12.50
146,"Customer 00146",9,11114.01,1234.89,1,11.11
147,"Customer 00147",15,14214.30,947.62,1,6.67
148,"Customer 00148",11,10461.90,951.08,0,0.00
149,"Customer 00149",7,11784.62,1683.52,0,0.00
150,"Customer 00150",15,21863.86,1457.59,0,0.00
151,"Customer 00151",13,20311.59,1562.43,1,7.69
152,"Customer 00152",11,17308.16,1573.47,0,0.00
153,"Customer 00153",6,8674.31,1445.72,0,0.00
154,"Customer 00154",9,7114.65,790.52,0,0.00
155,"Customer 00155",9,19686.88,2187.43,0,0.00
156,"Customer 00156",12,10445.87,870.49,1,8.33
157,"Customer 00157",15,14674.63,978.31,0,0.00
158,"Customer 00158",12,12724.77,1060.40,1,8.33
159,"Customer 00159",9,7899.18,877.69,0,0.00
160,"Customer 00160",11,8285.94,753.27,0,0.00
161,"Customer 00161",8,7427.50,928.44,0,0.00
162,"Customer 00162",6,8985.94,1497.66,0,0.00
163,"Customer 00163",4,2490.58,622.65,1,25.00
164,"Customer 00164",12,16341.30,1361.78,1,8.33
165,"Customer 00165",7,6486.22,926.60,0,0.00
166,"Customer 00166",12,18673.19,1556.10,3,25.00
167,"Customer 00167",12,14373.28,1197.77,4,33.33
168,"Customer 00168",10,16047.44,1604.74,4,40.00
169,"Customer 00169",9,16009.83,1778.87,0,0.00
170,"Customer 00170",10,11002.80,1100.28,0,0.00
171,"Customer 00171",16,13418.46,838.65,1,6.25
172,"Customer 00172",14,17088.54,1220.61,0,0.00
173,"Customer 00173",9,10368.25,1152.03,2,22.22
174,"Customer 00174",13,11935.23,918.09,2,15.38
175,"Customer 00175",16,20997.51,1312.34,0,0.00
176,"Customer 00176",14,15484.04,1106.00,1,7.14
177,"Customer 00177",7,8642.55,1234.65,1,14.29
178,"Customer 00178",16,18838.25,1177.39,0,0.00
179,"Customer 00179",10,6386.47,638.65,0,0.00
180,"Customer 00180",11,9488.46,862.59,0,0.00
181,"Customer 00181",6,6033.30,1005.55,0,0.00
182,"Customer 00182",7,7015.96,1002.28,1,14.29
183,"Customer 00183",9,13565.31,1507.26,1,11.11
184,"Customer 00184",6,11369.21,1894.87,2,33.33
185,"Customer 00185",10,13099.84,1309.98,2,20.00
186,"Customer 00186",7,4776.80,682.40,0,0.00
187,"Customer 00187",11,7901.46,718.31,0,0.00
188,"Customer 00188",10,6919.15,691.92,2,20.00
189,"Customer 00189",13,23248.37,1788.34,1,7.69
190,"Customer 00190",16,16946.64,1059.17,2,12.50
191,"Customer 00191",10,8022.65,802.27,1,10.00
192,"Customer 00192",10,15191.87,1519.19,2,20.00
193,"Customer 00193",6,9839.92,1639.99,0,0.00
194,"Customer 00194",13,13789.77,1060.75,1,7.69
195,"Customer 00195",5,4224.41,844.88,0,0.00
196,"Customer 00196",13,23892.19,1837.86,2,15.38
197,"Customer 00197",13,15087.91,1160.61,0,0.00
198,"Customer 00198",8,9325.96,1165.75,0,0.00
199,"Customer 00199",12,8371.59,697.63,0,0.00
200,"Customer 00200",8,5855.41,731.93,1,12.50
201,"Customer 00201",12,15757.28,1313.11,0,0.00
202,"Customer 00202",13,12087.06,929.77,2,15.38
203,"Customer 00203",7,6737.49,962.50,0,0.00
204,"Customer 00204",15,12807.22,853.81,2,13.33
205,"Customer 00205",11,13044.00,1185.82,1,9.09
206,"Customer 00206",12,15167.65,1263.97,0,0.00
207,"Customer 00207",17,24823.84,1460.23,2,11.76
208,"Customer 00208",13,16122.20,1240.17,1,7.69
209,"Customer 00209",10,15040.77,1504.08,1,10.00
210,"Customer 00210",10,10534.39,1053.44,1,10.00
211,"Customer 00211",6,9456.52,1576.09,0,0.00
212,"Customer 00212",11,9595.88,872.35,0,0.00
213,"Customer 00213",11,6735.07,612.28,0,0.00
214,"Customer 00214",15,20148.01,1343.20,0,0.00
215,"Customer 00215",5,12832.47,2566.49,0,0.00
216,"Customer 00216",12,15312.00,1276.00,0,0.00
217,"Customer 00217",7,9546.02,1363.72,1,14.29
218,"Customer 00218",11,11088.38,1008.03,0,0.00
219,"Customer 00219",13,17834.00,1371.85,0,0.00
220,"Customer 00220",6,7794.27,1299.05,0,0.00
221,"Customer 00221",20,24787.54,1239.38,3,15.00
222,"Customer 00222",9,9442.92,1049.21,0,0.00
223,"Customer 00223",4,5620.29,1405.07,0,0.00
224,"Customer 00224",10,9400.59,940.06,0,0.00
225,"Customer 00225",8,10961.27,1370.16,0,0.00
226,"Customer 00226",11,10082.84,916.62,1,9.09
227,"Customer 00227",8,6290.86,786.36,0,0.00
228,"Customer 00228",11,17548.84,1595.35,1,9.09
229,"Customer 00229",7,5712.73,816.10,2,28.57
230,"Customer 00230",12,13385.40,1115.45,0,0.00
231,"Customer 00231",5,1167.99,233.60,0,0.00
232,"Customer 00232",4,4989.19,1247.30,1,25.00
233,"Customer 00233",11,18485.58,1680.51,0,0.00
234,"Customer 00234",5,4071.65,814.33,1,20.00
235,"Customer 00235",11,8583.37,780.31,0,0.00
236,"Customer 00236",14,21994.02,1571.00,0,0.00
237,"Customer 00237",4,3068.03,767.01,1,25.00
238,"Customer 00238",6,6613.73,1102.29,1,16.67
239,"Customer 00239",13,13266.04,1020.46,1,7.69
240,"Customer 00240",16,15747.90,984.24,0,0.00
241,"Customer 00241",10,15632.07,1563.21,1,10.00
242,"Customer 00242",8,5184.40,648.05,1,12.50
243,"Customer 00243",9,5690.83,632.31,0,0.00
244,"Customer 00244",12,13515.81,1126.32,1,8.33
245,"Customer 00245",11,22080.51,2007.32,1,9.09
246,"Customer 00246",10,8825.62,882.56,0,0.00
247,"Customer 00247",9,11057.37,1228.60,0,0.00
248,"Customer 00248",9,7199.46,799.94,1,11.11
249,"Customer 00249",8,14640.00,1830.00,0,0.00
250,"Customer 00250",9,13323.50,1480.39,0,0.00
251,"Customer 00251",19,13656.43,718.76,1,5.26
252,"Customer 00252",9,5653.01,628.11,2,22.22
253,"Customer 00253",11,25838.00,2348.91,1,9.09
254,"Customer 00254",7,3964.88,566.41,0,0.00
255,"Customer 00255",14,15557.77,1111.27,0,0.00
256,"Customer 00256",17,15656.07,920.95,2,11.76
257,"Customer 00257",13,8426.14,648.16,2,15.38
258,"Customer 00258",3,3597.84,1199.28,0,0.00
259,"Customer 00259",5,3021.32,604.26,0,0.00
260,"Customer 00260",8,8910.81,1113.85,1,12.50
261,"Customer 00261",9,13832.73,1536.97,0,0.00
262,"Customer 00262",12,16922.88,1410.24,1,8.33
263,"Customer 00263",6,4634.90,772.48,0,0.00
264,"Customer 00264",8,7494.63,936.83,0,0.00
265,"Customer 00265",9,12577.71,1397.52,1,11.11
266,"Customer 00266",8,10716.12,1339.52,0,0.00
267,"Customer 00267",10,10536.94,1053.69,1,10.00
268,"Customer 00268",7,8943.91,1277.70,0,0.00
269,"Customer 00269",10,19112.98,1911.30,1,10.00
270,"Customer 00270",5,3435.98,687.20,1,20.00
271,"Customer 00271",9,6436.90,715.21,0,0.00
272,"Customer 00272",15,10663.55,710.90,0,0.00
273,"Customer 00273",12,10287.22,857.27,0,0.00
274,"Customer 00274",13,11584.64,891.13,0,0.00
275,"Customer 00275",9,9530.34,1058.93,0,0.00
276,"Customer 00276",9,15728.27,1747.59,0,0.00
277,"Customer 00277",9,11268.40,1252.04,1,11.11
278,"Customer 00278",11,11995.24,1090.48,0,0.00
279,"Customer 00279",9,14598.28,1622.03,1,11.11
280,"Customer 00280",7,10441.82,1491.69,0,0.00
281,"Customer 00281",9,9602.49,1066.94,0,0.00
282,"Customer 00282",12,16856.12,1404.68,1,8.33
283,"Customer 00283",7,7463.46,1066.21,0,0.00
284,"Customer 00284",13,13121.15,1009.32,1,7.69
285,"Customer 00285",4,6605.72,1651.43,0,0.00
286,"Customer 00286",10,19281.26,1928.13,1,10.00
287,"Customer 00287",11,9435.44,857.77,0,0.00
288,"Customer 00288",8,9000.36,1125.05,1,12.50
289,"Customer 00289",4,3306.06,826.52,0,0.00
290,"Customer 00290",6,8513.10,1418.85,0,0.00
291,"Customer 00291",9,12325.12,1369.46,1,11.11
292,"Customer 00292",11,10701.47,972.86,2,18.18
293,"Customer 00293",6,3167.83,527.97,0,0.00
294,"Customer 00294",9,16541.58,1837.95,0,0.00
295,"Customer 00295",12,13709.28,1142.44,2,16.67
296,"Customer 00296",6,6213.15,1035.53,0,0.00
297,"Customer 00297",9,6730.16,747.80,0,0.00
298,"Customer 00298",6,8900.31,1483.39,0,0.00
299,"Customer 00299",11,10852.47,986.59,2,18.18
300,"Customer 00300",13,13670.63,1051.59,1,7.69
301,"Customer 00301",16,14077.52,879.85,1,6.25
302,"Customer 00302",12,11955.28,996.27,0,0.00
303,"Customer 00303",11,9847.22,895.20,1,9.09
304,"Customer 00304",12,13083.11,1090.26,1,8.33
305,"Customer 00305",6,6434.22,1072.37,0,0.00
306,"Customer 00306",13,12686.64,975.90,1,7.69
307,"Customer 00307",3,1894.69,631.56,0,0.00
308,"Customer 00308",7,3815.64,545.09,0,0.00
309,"Customer 00309",17,14963.28,880.19,2,11.76
310,"Customer 00310",4,6430.22,1607.56,0,0.00
311,"Customer 00311",10,9697.03,969.70,0,0.00
312,"Customer 00312",16,18560.37,1160.02,2,12.50
313,"Customer 00313",11,14049.73,1277.25,0,0.00
314,"Customer 00314",17,10265.61,603.86,1,5.88
315,"Customer 00315",7,5044.95,720.71,1,14.29
316,"Customer 00316",4,3621.46,905.37,1,25.00
317,"Customer 00317",17,26365.76,1550.93,0,0.00
318,"Customer 00318",16,20452.11,1278.26,2,12.50
319,"Customer 00319",11,11356.59,1032.42,1,9.09
320,"Customer 00320",9,10606.26,1178.47,0,0.00
321,"Customer 00321",11,12219.12,1110.83,1,9.09
322,"Customer 00322",7,7983.51,1140.50,1,14.29
323,"Customer 00323",5,12598.17,2519.63,1,20.00
324,"Customer 00324",7,13585.18,1940.74,0,0.00
325,"Customer 00325",9,8934.87,992.76,0,0.00
326,"Customer 00326",6,3898.63,649.77,1,16.67
327,"Customer 00327",12,11620.15,968.35,0,0.00
328,"Customer 00328",3,2621.61,873.87,0,0.00
329,"Customer 00329",9,10319.67,1146.63,0,0.00
330,"Customer 00330",10,6961.43,696.14,1,10.00
331,"Customer 00331",6,4528.46,754.74,0,0.00
332,"Customer 00332",8,9141.04,1142.63,0,0.00
333,"Customer 00333",8,8140.00,1017.50,0,0.00
334,"Customer 00334",6,6282.73,1047.12,0,0.00
335,"Customer 00335",8,11987.47,1498.43,0,0.00
336,"Customer 00336",11,12692.46,1153.86,0,0.00
337,"Customer 00337",8,7757.84,969.73,1,12.50
338,"Customer 00338",15,21698.47,1446.56,0,0.00
339,"Customer 00339",7,10109.46,1444.21,0,0.00
340,"Customer 00340",11,23156.07,2105.10,0,0.00
341,"Customer 00341",12,12225.91,1018.83,0,0.00
342,"Customer 00342",14,13553.86,968.13,0,0.00
343,"Customer 00343",14,18121.34,1294.38,0,0.00
344,"Customer 00344",5,5762.86,1152.57,0,0.00
345,"Customer 00345",8,5683.53,710.44,0,0.00
346,"Customer 00346",15,16951.91,1130.13,2,13.33
347,"Customer 00347",8,16919.49,2114.94,0,0.00
348,"Customer 00348",10,16107.63,1610.76,0,0.00
349,"Customer 00349",16,10418.02,651.13,1,6.25
350,"Customer 00350",9,9765.04,1085.00,0,0.00
351,"Customer 00351",11,17591.43,1599.22,0,0.00
352,"Customer 00352",6,2784.93,464.16,0,0.00
353,"Customer 00353",11,16777.56,1525.23,0,0.00
354,"Customer 00354",6,7396.90,1232.82,0,0.00
355,"Customer 00355",14,17517.84,1251.27,1,7.14
356,"Customer 00356",15,13273.22,884.88,0,0.00
357,"Customer 00357",14,12143.27,867.38,0,0.00
358,"Customer 00358",11,13740.39,1249.13,0,0.00
359,"Customer 00359",8,8709.08,1088.64,0,0.00
360,"Customer 00360",5,9562.99,1912.60,0,0.00
361,"Customer 00361",10,7940.50,794.05,1,10.00
362,"Customer 00362",11,7700.48,700.04,0,0.00
363,"Customer 00363",8,15891.32,1986.42,1,12.50
364,"Customer 00364",14,13791.03,985.07,1,7.14
365,"Customer 00365",6,4904.17,817.36,0,0.00
366,"Customer 00366",9,4877.81,541.98,0,0.00
367,"Customer 00367",15,21422.03,1428.14,0,0.00
368,"Customer 00368",8,8888.17,1111.02,0,0.00
369,"Customer 00369",7,3076.57,439.51,0,0.00
370,"Customer 00370",14,11133.88,795.28,0,0.00
371,"Customer 00371",8,5445.84,680.73,1,12.50
372,"Customer 00372",13,13429.80,1033.06,1,7.69
373,"Customer 00373",7,8636.38,1233.77,0,0.00
374,"Customer 00374",15,30682.95,2045.53,1,6.67
375,"Customer 00375",13,11307.71,869.82,0,0.00
376,"Customer 00376",13,15608.40,1200.65,0,0.00
377,"Customer 00377",15,13282.91,885.53,0,0.00
378,"Customer 00378",13,9177.08,705.93,0,0.00
379,"Customer 00379",14,17600.66,1257.19,3,21.43
380,"Customer 00380",11,22009.54,2000.87,0,0.00
381,"Customer 00381",9,8317.40,924.16,1,11.11
382,"Customer 00382",8,10142.31,1267.79,0,0.00
383,"Customer 00383",9,9251.75,1027.97,0,0.00
384,"Customer 00384",9,9932.53,1103.61,1,11.11
385,"Customer 00385",18,19141.46,1063.41,1,5.56
386,"Customer 00386",7,12097.06,1728.15,2,28.57
387,"Customer 00387",17,19444.23,1143.78,0,0.00
388,"Customer 00388",6,11966.03,1994.34,1,16.67
389,"Customer 00389",4,6276.86,1569.22,0,0.00
390,"Customer 00390",14,12325.95,880.43,0,0.00
391,"Customer 00391",9,5059.13,562.13,1,11.11
392,"Customer 00392",14,12437.64,888.40,1,7.14
393,"Customer 00393",14,16171.09,1155.08,0,0.00
394,"Customer 00394",6,7083.70,1180.62,1,16.67
395,"Customer 00395",11,18765.07,1705.92,1,9.09
396,"Customer 00396",13,24162.33,1858.64,1,7.69
397,"Customer 00397",8,7920.78,990.10,0,0.00
398,"Customer 00398",7,6487.63,926.80,0,0.00
399,"Customer 00399",16,20980.74,1311.30,3,18.75
400,"Customer 00400",17,27726.25,1630.96,2,11.76
401,"Customer 00401",13,14081.43,1083.19,1,7.69
402,"Customer 00402",7,8071.58,1153.08,0,0.00
403,"Customer 00403",14,9110.71,650.77,1,7.14
404,"Customer 00404",12,15795.91,1316.33,0,0.00
405,"Customer 00405",8,5104.50,638.06,0,0.00
406,"Customer 00406",15,8878.45,591.90,1,6.67
407,"Customer 00407",18,15346.69,852.59,0,0.00
408,"Customer 00408",7,9953.10,1421.87,0,0.00
409,"Customer 00409",13,19331.63,1487.05,1,7.69
410,"Customer 00410",8,6554.80,819.35,1,12.50
411,"Customer 00411",12,10363.72,863.64,0,0.00
412,"Customer 00412",12,8095.21,674.60,0,0.00
413,"Customer 00413",12,10224.23,852.02,1,8.33
414,"Customer 00414",10,8418.84,841.88,0,0.00
415,"Customer 00415",17,14395.29,846.78,2,11.76
416,"Customer 00416",7,12504.45,1786.35,0,0.00
417,"Customer 00417",11,20779.43,1889.04,0,0.00
418,"Customer 00418",7,6344.15,906.31,1,14.29
419,"Customer 00419",11,17894.54,1626.78,0,0.00
420,"Customer 00420",11,6868.73,624.43,1,9.09
421,"Customer 00421",13,13802.03,1061.69,1,7.69
422,"Customer 00422",14,28218.66,2015.62,0,0.00
423,"Customer 00423",10,18370.59,1837.06,0,0.00
424,"Customer 00424",13,13371.76,1028.60,1,7.69
425,"Customer 00425",11,10063.15,914.83,0,0.00
426,"Customer 00426",14,16569.75,1183.55,0,0.00
427,"Customer 00427",14,13368.75,954.91,0,0.00
428,"Customer 00428",13,20923.22,1609.48,0,0.00
429,"Customer 00429",7,8445.67,1206.52,0,0.00
430,"Customer 00430",10,19091.65,1909.17,0,0.00
431,"Customer 00431",9,11159.37,1239.93,1,11.11
432,"Customer 00432",11,14939.03,1358.09,1,9.09
433,"Customer 00433",8,10052.57,1256.57,0,0.00
434,"Customer 00434",8,5400.83,675.10,0,0.00
435,"Customer 00435",7,12705.64,1815.09,0,0.00
436,"Customer 00436",11,7293.63,663.06,0,0.00
437,"Customer 00437",15,25036.28,1669.09,0,0.00
438,"Customer 00438",9,6745.12,749.46,0,0.00
439,"Customer 00439",5,11913.77,2382.75,0,0.00
440,"Customer 00440",10,6784.85,678.49,0,0.00
441,"Customer 00441",12,13313.98,1109.50,0,0.00
442,"Customer 00442",9,9690.90,1076.77,0,0.00
443,"Customer 00443",11,9987.55,907.96,0,0.00
444,"Customer 00444",3,4669.15,1556.38,0,0.00
445,"Customer 00445",13,10089.17,776.09,0,0.00
446,"Customer 00446",8,11334.48,1416.81,0,0.00
447,"Customer 00447",12,11628.69,969.06,2,16.67
448,"Customer 00448",5,13199.18,2639.84,0,0.00
449,"Customer 00449",8,10805.81,1350.73,1,12.50
450,"Customer 00450",6,4403.90,733.98,0,0.00
451,"Customer 00451",10,7545.45,754.55,1,10.00
452,"Customer 00452",10,6367.07,636.71,1,10.00
453,"Customer 00453",10,14155.10,1415.51,0,0.00
454,"Customer 00454",6,9015.50,1502.58,0,0.00
455,"Customer 00455",7,3143.62,449.09,0,0.00
456,"Customer 00456",11,15629.19,1420.84,1,9.09
457,"Customer 00457",6,12232.47,2038.75,1,16.67
458,"Customer 00458",11,12767.51,1160.68,1,9.09
459,"Customer 00459",5,8935.49,1787.10,0,0.00
460,"Customer 00460",8,9245.35,1155.67,3,37.50
461,"Customer 00461",12,21948.93,1829.08,1,8.33
462,"Customer 00462",5,8505.24,1701.05,1,20.00
463,"Customer 00463",8,6530.13,816.27,0,0.00
464,"Customer 00464",7,3915.55,559.36,0,0.00
465,"Customer 00465",16,19669.92,1229.37,0,0.00
466,"Customer 00466",9,16599.96,1844.44,1,11.11
467,"Customer 00467",11,12452.18,1132.02,1,9.09
468,"Customer 00468",9,9881.69,1097.97,0,0.00
469,"Customer 00469",11,14240.85,1294.62,1,9.09
470,"Customer 00470",8,5400.03,675.00,2,25.00
471,"Customer 00471",9,13641.09,1515.68,0,0.00
472,"Customer 00472",9,13072.09,1452.45,1,11.11
473,"Customer 00473",8,14484.71,1810.59,0,0.00
474,"Customer 00474",9,7296.70,810.74,0,0.00
475,"Customer 00475",12,12946.86,1078.91,1,8.33
476,"Customer 00476",9,5835.06,648.34,1,11.11
477,"Customer 00477",11,9430.56,857.32,2,18.18
478,"Customer 00478",10,11794.35,1179.44,1,10.00
479,"Customer 00479",9,14060.12,1562.24,2,22.22
480,"Customer 00480",17,17452.71,1026.63,2,11.76
481,"Customer 00481",7,3885.25,555.04,0,0.00
482,"Customer 00482",10,12096.91,1209.69,1,10.00
483,"Customer 00483",15,12646.08,843.07,1,6.67
484,"Customer 00484",9,9386.50,1042.94,3,33.33
485,"Customer 00485",17,13040.96,767.12,0,0.00
486,"Customer 00486",11,12222.51,1111.14,1,9.09
487,"Customer 00487",11,10605.98,964.18,1,9.09
488,"Customer 00488",11,10877.68,988.88,0,0.00
489,"Customer 00489",13,23434.65,1802.67,1,7.69
490,"Customer 00490",16,18715.57,1169.72,2,12.50
491,"Customer 00491",10,9801.21,980.12,0,0.00
492,"Customer 00492",5,4036.12,807.22,0,0.00
493,"Customer 00493",16,10590.91,661.93,2,12.50
494,"Customer 00494",11,11868.91,1078.99,1,9.09
495,"Customer 00495",5,8105.60,1621.12,0,0.00
496,"Customer 00496",4,5649.27,1412.32,1,25.00
497,"Customer 00497",15,21658.71,1443.91,0,0.00
498,"Customer 00498",10,14554.78,1455.48,0,0.00
499,"Customer 00499",13,13868.60,1066.82,1,7.69
500,"Customer 00500",7,9542.10,1363.16,1,14.29
501,"Customer 00501",3,5563.30,1854.43,0,0.00
502,"Customer 00502",7,15016.80,2145.26,2,28.57
503,"Customer 00503",8,14043.44,1755.43,2,25.00
504,"Customer 00504",9,9355.23,1039.47,0,0.00
505,"Customer 00505",10,9198.48,919.85,0,0.00
506,"Customer 00506",12,17929.19,1494.10,0,0.00
507,"Customer 00507",11,5332.55,484.78,1,9.09
508,"Customer 00508",13,12202.79,938.68,0,0.00
509,"Customer 00509",12,12160.69,1013.39,1,8.33
510,"Customer 00510",17,20153.44,1185.50,0,0.00
511,"Customer 00511",9,12135.94,1348.44,0,0.00
512,"Customer 00512",11,18280.87,1661.90,0,0.00
513,"Customer 00513",6,9735.91,1622.65,0,0.00
514,"Customer 00514",10,8271.31,827.13,1,10.00
515,"Customer 00515",13,19558.78,1504.52,2,15.38
516,"Customer 00516",12,27526.80,2293.90,0,0.00
517,"Customer 00517",11,14474.52,1315.87,1,9.09
518,"Customer 00518",11,15040.41,1367.31,1,9.09
519,"Customer 00519",14,12035.38,859.67,0,0.00
520,"Customer 00520",11,12590.50,1144.59,0,0.00
521,"Customer 00521",7,3706.15,529.45,0,0.00
522,"Customer 00522",9,8331.84,925.76,0,0.00
523,"Customer 00523",13,12393.63,953.36,0,0.00
524,"Customer 00524",10,10733.34,1073.33,0,0.00
525,"Customer 00525",10,10937.23,1093.72,1,10.00
526,"Customer 00526",15,15754.14,1050.28,0,0.00
527,"Customer 00527",9,8662.81,962.53,2,22.22
528,"Customer 00528",6,7711.03,1285.17,0,0.00
529,"Customer 00529",9,8180.66,908.96,0,0.00
530,"Customer 00530",5,3065.77,613.15,0,0.00
531,"Customer 00531",11,10396.35,945.12,0,0.00
532,"Customer 00532",9,6618.24,735.36,2,22.22
533,"Customer 00533",8,6763.89,845.49,0,0.00
534,"Customer 00534",15,11086.97,739.13,0,0.00
535,"Customer 00535",10,13739.07,1373.91,2,20.00
536,"Customer 00536",4,4898.22,1224.56,1,25.00
537,"Customer 00537",8,6924.42,865.55,0,0.00
538,"Customer 00538",13,21880.53,1683.12,2,15.38
539,"Customer 00539",7,9926.54,1418.08,1,14.29
540,"Customer 00540",6,9510.34,1585.06,0,0.00
541,"Customer 00541",7,7911.51,1130.22,0,0.00
542,"Customer 00542",7,4458.15,636.88,1,14.29
543,"Customer 00543",12,21222.18,1768.52,0,0.00
544,"Customer 00544",13,9843.98,757.23,2,15.38
545,"Customer 00545",12,10118.22,843.19,1,8.33
546,"Customer 00546",12,13471.58,1122.63,0,0.00
547,"Customer 00547",5,5082.46,1016.49,0,0.00
548,"Customer 00548",7,9838.21,1405.46,1,14.29
549,"Customer 00549",8,8066.24,1008.28,1,12.50
550,"Customer 00550",11,15377.30,1397.94,0,0.00
551,"Customer 00551",8,9356.25,1169.53,0,0.00
552,"Customer 00552",9,4541.56,504.62,0,0.00
553,"Customer 00553",11,12720.47,1156.41,1,9.09
554,"Customer 00554",13,9875.89,759.68,2,15.38
555,"Customer 00555",15,15947.57,1063.17,2,13.33
556,"Customer 00556",16,21501.67,1343.85,0,0.00
557,"Customer 00557",11,13497.16,1227.01,1,9.09
558,"Customer 00558",7,9914.39,1416.34,0,0.00
559,"Customer 00559",11,13573.64,1233.97,1,9.09
560,"Customer 00560",14,14917.03,1065.50,1,7.14
561,"Customer 00561",10,7806.54,780.65,1,10.00
562,"Customer 00562",9,4984.80,553.87,1,11.11
563,"Customer 00563",14,12686.37,906.17,0,0.00
564,"Customer 00564",11,12439.97,1130.91,2,18.18
565,"Customer 00565",12,14824.62,1235.39,1,8.33
566,"Customer 00566",9,9608.15,1067.57,0,0.00
567,"Customer 00567",9,10691.23,1187.91,0,0.00
568,"Customer 00568",14,15923.16,1137.37,0,0.00
569,"Customer 00569",9,16170.68,1796.74,0,0.00
570,"Customer 00570",9,13474.77,1497.20,0,0.00
571,"Customer 00571",10,11824.36,1182.44,2,20.00
572,"Customer 00572",7,6507.36,929.62,0,0.00
573,"Customer 00573",12,7710.61,642.55,1,8.33
574,"Customer 00574",4,1943.41,485.85,0,0.00
575,"Customer 00575",12,9882.31,823.53,0,0.00
576,"Customer 00576",7,9903.93,1414.85,0,0.00
577,"Customer 00577",10,8369.36,836.94,1,10.00
578,"Customer 00578",8,7401.38,925.17,1,12.50
579,"Customer 00579",17,18914.89,1112.64,0,0.00
580,"Customer 00580",7,7947.35,1135.34,0,0.00
581,"Customer 00581",7,7096.17,1013.74,0,0.00
582,"Customer 00582",11,12610.32,1146.39,2,18.18
583,"Customer 00583",10,10920.75,1092.08,2,20.00
584,"Customer 00584",11,15242.29,1385.66,1,9.09
585,"Customer 00585",8,27692.63,3461.58,1,12.50
586,"Customer 00586",9,15096.57,1677.40,0,0.00
587,"Customer 00587",6,5459.57,909.93,1,16.67
588,"Customer 00588",6,9676.17,1612.70,0,0.00
589,"Customer 00589",8,6024.54,753.07,2,25.00
590,"Customer 00590",14,21050.42,1503.60,0,0.00
591,"Customer 00591",10,11478.33,1147.83,0,0.00
592,"Customer 00592",17,14582.08,857.77,0,0.00
593,"Customer 00593",10,11971.35,1197.14,1,10.00
594,"Customer 00594",11,11698.41,1063.49,0,0.00
595,"Customer 00595",8,6666.22,833.28,0,0.00
596,"Customer 00596",4,2661.18,665.30,0,0.00
597,"Customer 00597",13,16991.10,1307.01,1,7.69
598,"Customer 00598",10,7907.08,790.71,0,0.00
599,"Customer 00599",13,19891.07,1530.08,1,7.69
600,"Customer 00600",11,15651.15,1422.83,0,0.00
601,"Customer 00601",10,7042.69,704.27,0,0.00
602,"Customer 00602",7,5852.86,836.12,0,0.00
603,"Customer 00603",10,6737.28,673.73,0,0.00
604,"Customer 00604",14,15338.09,1095.58,1,7.14
605,"Customer 00605",5,10487.38,2097.48,0,0.00
606,"Customer 00606",7,6347.83,906.83,0,0.00
607,"Customer 00607",5,2518.72,503.74,0,0.00
608,"Customer 00608",6,4430.34,738.39,0,0.00
609,"Customer 00609",15,12333.34,822.22,0,0.00
610,"Customer 00610",12,12641.67,1053.47,1,8.33
611,"Customer 00611",12,13487.11,1123.93,1,8.33
612,"Customer 00612",7,5044.68,720.67,0,0.00
613,"Customer 00613",6,6456.17,1076.03,0,0.00
614,"Customer 00614",9,5449.20,605.47,2,22.22
615,"Customer 00615",15,18690.85,1246.06,3,20.00
616,"Customer 00616",12,15270.75,1272.56,0,0.00
617,"Customer 00617",9,7049.91,783.32,0,0.00
618,"Customer 00618",10,16935.98,1693.60,0,0.00
619,"Customer 00619",10,9956.92,995.69,0,0.00
620,"Customer 00620",9,6758.28,750.92,1,11.11
621,"Customer 00621",7,10076.78,1439.54,0,0.00
622,"Customer 00622",11,10488.60,953.51,1,9.09
623,"Customer 00623",6,3492.49,582.08,1,16.67
624,"Customer 00624",8,10686.25,1335.78,1,12.50
625,"Customer 00625",15,20012.42,1334.16,0,0.00
626,"Customer 00626",13,13914.75,1070.37,0,0.00
627,"Customer 00627",8,7212.79,901.60,1,12.50
628,"Customer 00628",12,12971.99,1081.00,0,0.00
629,"Customer 00629",5,5466.28,1093.26,0,0.00
630,"Customer 00630",14,24219.51,1729.97,0,0.00
631,"Customer 00631",13,10079.52,775.35,0,0.00
632,"Customer 00632",19,27748.08,1460.43,1,5.26
633,"Customer 00633",12,10696.06,891.34,0,0.00
634,"Customer 00634",11,9210.08,837.28,1,9.09
635,"Customer 00635",14,16399.08,1171.36,0,0.00
636,"Customer 00636",16,17261.57,1078.85,1,6.25
637,"Customer 00637",10,10338.48,1033.85,0,0.00
638,"Customer 00638",8,4950.74,618.84,0,0.00
639,"Customer 00639",17,19274.36,1133.79,0,0.00
640,"Customer 00640",11,13009.96,1182.72,1,9.09
641,"Customer 00641",7,6754.61,964.94,1,14.29
642,"Customer 00642",14,13147.78,939.13,1,7.14
643,"Customer 00643",12,14623.01,1218.58,0,0.00
644,"Customer 00644",12,11709.36,975.78,0,0.00
645,"Customer 00645",14,18313.24,1308.09,1,7.14
646,"Customer 00646",7,4051.12,578.73,0,0.00
647,"Customer 00647",7,8282.69,1183.24,1,14.29
648,"Customer 00648",8,7194.72,899.34,0,0.00
649,"Customer 00649",10,12668.42,1266.84,0,0.00
650,"Customer 00650",6,10456.77,1742.80,1,16.67
651,"Customer 00651",9,6446.23,716.25,0,0.00
652,"Customer 00652",12,15302.01,1275.17,0,0.00
653,"Customer 00653",12,18987.99,1582.33,0,0.00
654,"Customer 00654",10,12477.35,1247.74,0,0.00
655,"Customer 00655",6,4464.86,744.14,0,0.00
656,"Customer 00656",5,6365.69,1273.14,0,0.00
657,"Customer 00657",12,11784.49,982.04,0,0.00
658,"Customer 00658",7,5386.68,769.53,0,0.00
659,"Customer 00659",8,6806.00,850.75,2,25.00
660,"Customer 00660",17,22817.51,1342.21,2,11.76
661,"Customer 00661",8,12389.30,1548.66,0,0.00
662,"Customer 00662",11,11276.94,1025.18,1,9.09
663,"Customer 00663",4,7340.54,1835.14,1,25.00
664,"Customer 00664",11,15897.53,1445.23,1,9.09
665,"Customer 00665",13,22454.44,1727.26,1,7.69
666,"Customer 00666",11,10040.69,912.79,0,0.00
667,"Customer 00667",10,11087.22,1108.72,1,10.00
668,"Customer 00668",16,19343.45,1208.97,0,0.00
669,"Customer 00669",9,8082.23,898.03,1,11.11
670,"Customer 00670",9,14082.10,1564.68,0,0.00
671,"Customer 00671",6,18713.81,3118.97,0,0.00
672,"Customer 00672",4,6886.24,1721.56,0,0.00
673,"Customer 00673",12,20291.06,1690.92,0,0.00
674,"Customer 00674",16,16960.59,1060.04,2,12.50
675,"Customer 00675",12,15406.70,1283.89,1,8.33
676,"Customer 00676",7,7683.06,1097.58,0,0.00
677,"Customer 00677",8,12010.57,1501.32,1,12.50
678,"Customer 00678",6,7374.51,1229.09,0,0.00
679,"Customer 00679",11,10357.52,941.59,1,9.09
680,"Customer 00680",13,18175.12,1398.09,0,0.00
681,"Customer 00681",9,11783.22,1309.25,0,0.00
682,"Customer 00682",13,15175.80,1167.37,3,23.08
683,"Customer 00683",14,14622.49,1044.46,2,14.29
684,"Customer 00684",11,8762.98,796.63,0,0.00
685,"Customer 00685",17,15793.17,929.01,0,0.00
686,"Customer 00686",8,7949.84,993.73,0,0.00
687,"Customer 00687",12,20347.55,1695.63,1,8.33
688,"Customer 00688",12,11183.70,931.98,0,0.00
689,"Customer 00689",13,21741.26,1672.40,0,0.00
690,"Customer 00690",10,8746.23,874.62,0,0.00
691,"Customer 00691",8,7096.52,887.07,0,0.00
692,"Customer 00692",11,16673.38,1515.76,1,9.09
693,"Customer 00693",14,21407.50,1529.11,0,0.00
694,"Customer 00694",9,7327.04,814.12,1,11.11
695,"Customer 00695",12,9182.55,765.21,2,16.67
696,"Customer 00696",12,5618.96,468.25,0,0.00
697,"Customer 00697",8,9605.80,1200.73,0,0.00
698,"Customer 00698",9,10811.92,1201.32,0,0.00
699,"Customer 00699",9,10224.65,1136.07,0,0.00
700,"Customer 00700",10,9126.68,912.67,0,0.00
701,"Customer 00701",11,9098.29,827.12,3,27.27
702,"Customer 00702",8,12160.08,1520.01,0,0.00
703,"Customer 00703",10,8600.44,860.04,1,10.00
704,"Customer 00704",6,8788.39,1464.73,0,0.00
705,"Customer 00705",15,11478.75,765.25,1,6.67
706,"Customer 00706",9,13898.18,1544.24,0,0.00
707,"Customer 00707",8,15662.50,1957.81,0,0.00
708,"Customer 00708",10,9016.04,901.60,0,0.00
709,"Customer 00709",14,8783.74,627.41,0,0.00
710,"Customer 00710",6,10407.44,1734.57,0,0.00
711,"Customer 00711",9,6277.17,697.46,0,0.00
712,"Customer 00712",8,7095.36,886.92,0,0.00
713,"Customer 00713",9,7128.02,792.00,0,0.00
714,"Customer 00714",13,14019.13,1078.39,0,0.00
715,"Customer 00715",1,158.63,158.63,0,0.00
716,"Customer 00716",5,5377.60,1075.52,0,0.00
717,"Customer 00717",12,8309.75,692.48,0,0.00
718,"Customer 00718",7,9972.19,1424.60,0,0.00
719,"Customer 00719",9,9005.36,1000.60,1,11.11
720,"Customer 00720",13,17954.00,1381.08,1,7.69
721,"Customer 00721",5,3637.03,727.41,0,0.00
722,"Customer 00722",6,10504.71,1750.79,0,0.00
723,"Customer 00723",8,6941.20,867.65,0,0.00
724,"Customer 00724",8,13554.11,1694.26,1,12.50
725,"Customer 00725",3,2908.19,969.40,1,33.33
726,"Customer 00726",13,7807.87,600.61,1,7.69
727,"Customer 00727",10,11780.88,1178.09,2,20.00
728,"Customer 00728",12,26305.37,2192.11,0,0.00
729,"Customer 00729",11,10550.94,959.18,1,9.09
730,"Customer 00730",9,3714.76,412.75,1,11.11
731,"Customer 00731",9,14082.05,1564.67,0,0.00
732,"Customer 00732",8,13448.06,1681.01,0,0.00
733,"Customer 00733",8,5251.85,656.48,1,12.50
734,"Customer 00734",11,14616.79,1328.80,2,18.18
735,"Customer 00735",11,16851.04,1531.91,0,0.00
736,"Customer 00736",10,11695.45,1169.55,0,0.00
737,"Customer 00737",11,12354.95,1123.18,0,0.00
738,"Customer 00738",9,7089.79,787.75,2,22.22
739,"Customer 00739",13,12155.67,935.05,1,7.69
740,"Customer 00740",8,11035.66,1379.46,1,12.50
741,"Customer 00741",12,8699.33,724.94,0,0.00
742,"Customer 00742",11,5645.05,513.19,0,0.00
743,"Customer 00743",16,17231.06,1076.94,1,6.25
744,"Customer 00744",7,11426.87,1632.41,0,0.00
745,"Customer 00745",15,19928.96,1328.60,1,6.67
746,"Customer 00746",8,14558.70,1819.84,1,12.50
747,"Customer 00747",12,16354.89,1362.91,0,0.00
748,"Customer 00748",8,10690.87,1336.36,0,0.00
749,"Customer 00749",11,10237.53,930.68,0,0.00
750,"Customer 00750",9,14488.23,1609.80,0,0.00
751,"Customer 00751",10,9345.02,934.50,1,10.00
752,"Customer 00752",9,16506.81,1834.09,1,11.11
753,"Customer 00753",6,4097.84,682.97,0,0.00
754,"Customer 00754",10,15938.49,1593.85,1,10.00
755,"Customer 00755",8,5626.57,703.32,0,0.00
756,"Customer 00756",7,10447.26,1492.47,0,0.00
757,"Customer 00757",6,4642.28,773.71,0,0.00
758,"Customer 00758",12,13009.67,1084.14,2,16.67
759,"Customer 00759",8,10822.84,1352.86,0,0.00
760,"Customer 00760",6,7121.82,1186.97,0,0.00
761,"Customer 00761",9,16629.20,1847.69,0,0.00
762,"Customer 00762",9,10772.47,1196.94,0,0.00
763,"Customer 00763",6,10975.19,1829.20,0,0.00
764,"Customer 00764",7,4538.91,648.42,0,0.00
765,"Customer 00765",10,13560.74,1356.07,0,0.00
766,"Customer 00766",11,11905.65,1082.33,0,0.00
767,"Customer 00767",9,11784.31,1309.37,0,0.00
768,"Customer 00768",9,7755.15,861.68,0,0.00
769,"Customer 00769",12,10181.70,848.48,0,0.00
770,"Customer 00770",16,14674.76,917.17,0,0.00
771,"Customer 00771",12,11575.33,964.61,1,8.33
772,"Customer 00772",13,23534.67,1810.36,1,7.69
773,"Customer 00773",7,12957.06,1851.01,0,0.00
774,"Customer 00774",15,18522.59,1234.84,3,20.00
775,"Customer 00775",9,9371.98,1041.33,1,11.11
776,"Customer 00776",8,6328.87,791.11,0,0.00
777,"Customer 00777",7,5737.19,819.60,0,0.00
778,"Customer 00778",11,11127.06,1011.55,1,9.09
779,"Customer 00779",15,14589.54,972.64,0,0.00
780,"Customer 00780",8,10953.32,1369.17,1,12.50
781,"Customer 00781",10,14168.88,1416.89,0,0.00
782,"Customer 00782",7,16268.48,2324.07,0,0.00
783,"Customer 00783",13,6401.29,492.41,0,0.00
784,"Customer 00784",13,10414.08,801.08,2,15.38
785,"Customer 00785",7,3770.17,538.60,0,0.00
786,"Customer 00786",11,11067.34,1006.12,1,9.09
787,"Customer 00787",15,9852.69,656.85,0,0.00
788,"Customer 00788",6,4127.04,687.84,0,0.00
789,"Customer 00789",10,10304.24,1030.42,0,0.00
790,"Customer 00790",13,8062.73,620.21,0,0.00
791,"Customer 00791",10,13292.71,1329.27,0,0.00
792,"Customer 00792",5,4566.50,913.30,0,0.00
793,"Customer 00793",9,6588.88,732.10,1,11.11
794,"Customer 00794",7,6247.32,892.47,0,0.00
795,"Customer 00795",7,5283.76,754.82,0,0.00
796,"Customer 00796",5,7214.82,1442.96,1,20.00
797,"Customer 00797",7,5144.81,734.97,0,0.00
798,"Customer 00798",14,17345.00,1238.93,2,14.29
799,"Customer 00799",12,9222.45,768.54,1,8.33
800,"Customer 00800",9,6725.76,747.31,0,0.00
801,"Customer 00801",8,10426.78,1303.35,1,12.50
802,"Customer 00802",11,13947.07,1267.92,2,18.18
803,"Customer 00803",12,15288.78,1274.07,1,8.33
804,"Customer 00804",11,10820.02,983.64,1,9.09
805,"Customer 00805",9,7086.80,787.42,0,0.00
806,"Customer 00806",9,7362.20,818.02,0,0.00
807,"Customer 00807",8,6779.61,847.45,0,0.00
808,"Customer 00808",7,5340.94,762.99,0,0.00
809,"Customer 00809",14,10123.31,723.09,0,0.00
810,"Customer 00810",16,13990.01,874.38,0,0.00
811,"Customer 00811",8,14197.12,1774.64,0,0.00
812,"Customer 00812",9,8191.75,910.19,0,0.00
813,"Customer 00813",9,9740.14,1082.24,1,11.11
814,"Customer 00814",12,14876.90,1239.74,3,25.00
815,"Customer 00815",10,9776.77,977.68,0,0.00
816,"Customer 00816",12,16716.45,1393.04,1,8.33
817,"Customer 00817",10,13429.90,1342.99,0,0.00
818,"Customer 00818",11,14823.16,1347.56,1,9.09
819,"Customer 00819",12,16228.22,1352.35,0,0.00
820,"Customer 00820",8,5637.25,704.66,0,0.00
821,"Customer 00821",5,6500.18,1300.04,0,0.00
822,"Customer 00822",11,16313.37,1483.03,2,18.18
823,"Customer 00823",4,5793.20,1448.30,0,0.00
824,"Customer 00824",8,12830.41,1603.80,1,12.50
825,"Customer 00825",9,15732.05,1748.01,1,11.11
826,"Customer 00826",8,10891.36,1361.42,2,25.00
827,"Customer 00827",5,8147.54,1629.51,0,0.00
828,"Customer 00828",9,8635.09,959.45,1,11.11
829,"Customer 00829",21,29367.94,1398.47,1,4.76
830,"Customer 00830",10,16528.26,1652.83,0,0.00
831,"Customer 00831",11,12418.38,1128.94,3,27.27
832,"Customer 00832",12,19590.52,1632.54,1,8.33
833,"Customer 00833",15,23504.18,1566.95,1,6.67
834,"Customer 00834",10,11304.02,1130.40,2,20.00
835,"Customer 00835",17,21581.26,1269.49,1,5.88
836,"Customer 00836",11,17580.48,1598.23,0,0.00
837,"Customer 00837",14,26001.57,1857.26,1,7.14
838,"Customer 00838",11,9503.53,863.96,1,9.09
839,"Customer 00839",11,11908.14,1082.56,1,9.09
840,"Customer 00840",9,22384.09,2487.12,0,0.00
841,"Customer 00841",11,9028.60,820.78,2,18.18
842,"Customer 00842",8,5574.02,696.75,0,0.00
843,"Customer 00843",12,15529.09,1294.09,0,0.00
844,"Customer 00844",9,9321.87,1035.76,1,11.11
845,"Customer 00845",10,12274.79,1227.48,0,0.00
846,"Customer 00846",6,10015.91,1669.32,0,0.00
847,"Customer 00847",9,12569.92,1396.66,1,11.11
848,"Customer 00848",12,22162.34,1846.86,2,16.67
849,"Customer 00849",8,9345.91,1168.24,0,0.00
850,"Customer 00850",7,9841.10,1405.87,0,0.00
851,"Customer 00851",10,12916.40,1291.64,0,0.00
852,"Customer 00852",10,8042.39,804.24,0,0.00
853,"Customer 00853",9,12612.53,1401.39,0,0.00
854,"Customer 00854",11,11866.97,1078.82,2,18.18
855,"Customer 00855",16,24476.96,1529.81,1,6.25
856,"Customer 00856",11,7649.59,695.42,1,9.09
857,"Customer 00857",13,22866.28,1758.94,0,0.00
858,"Customer 00858",6,4855.09,809.18,1,16.67
859,"Customer 00859",10,6385.25,638.53,1,10.00
860,"Customer 00860",17,15188.63,893.45,1,5.88
861,"Customer 00861",16,19449.27,1215.58,2,12.50
862,"Customer 00862",3,3547.21,1182.40,0,0.00
863,"Customer 00863",12,14096.44,1174.70,0,0.00
864,"Customer 00864",14,16676.69,1191.19,0,0.00
865,"Customer 00865",6,6597.05,1099.51,0,0.00
866,"Customer 00866",11,17472.90,1588.45,1,9.09
867,"Customer 00867",14,10205.03,728.93,0,0.00
868,"Customer 00868",15,21555.97,1437.06,2,13.33
869,"Customer 00869",13,10130.87,779.30,0,0.00
870,"Customer 00870",14,14291.40,1020.81,0,0.00
871,"Customer 00871",5,9300.97,1860.19,0,0.00
872,"Customer 00872",6,7996.17,1332.70,0,0.00
873,"Customer 00873",9,13262.50,1473.61,0,0.00
874,"Customer 00874",6,5816.80,969.47,0,0.00
875,"Customer 00875",10,5243.41,524.34,0,0.00
876,"Customer 00876",6,5107.80,851.30,0,0.00
877,"Customer 00877",8,9604.64,1200.58,0,0.00
878,"Customer 00878",8,3930.05,491.26,1,12.50
879,"Customer 00879",13,13095.54,1007.35,2,15.38
880,"Customer 00880",6,5288.02,881.34,1,16.67
881,"Customer 00881",12,18601.10,1550.09,0,0.00
882,"Customer 00882",5,4526.13,905.23,0,0.00
883,"Customer 00883",3,6220.31,2073.44,0,0.00
884,"Customer 00884",7,6410.12,915.73,2,28.57
885,"Customer 00885",11,8149.29,740.84,0,0.00
886,"Customer 00886",4,4395.48,1098.87,1,25.00
887,"Customer 00887",9,16893.31,1877.03,0,0.00
888,"Customer 00888",10,5692.04,569.20,2,20.00
889,"Customer 00889",12,12709.19,1059.10,0,0.00
890,"Customer 00890",4,3100.20,775.05,0,0.00
891,"Customer 00891",20,26756.51,1337.83,0,0.00
892,"Customer 00892",4,2977.51,744.38,0,0.00
893,"Customer 00893",14,13757.84,982.70,0,0.00
894,"Customer 00894",8,14834.58,1854.32,0,0.00
895,"Customer 00895",14,17864.45,1276.03,3,21.43
896,"Customer 00896",7,7517.80,1073.97,0,0.00
897,"Customer 00897",9,7397.31,821.92,0,0.00
898,"Customer 00898",12,12372.56,1031.05,0,0.00
899,"Customer 00899",11,11652.84,1059.35,0,0.00
900,"Customer 00900",11,14366.34,1306.03,0,0.00
901,"Customer 00901",8,9001.30,1125.16,0,0.00
902,"Customer 00902",14,15222.26,1087.30,1,7.14
903,"Customer 00903",10,11699.48,1169.95,1,10.00
904,"Customer 00904",12,9457.75,788.15,0,0.00
905,"Customer 00905",16,25264.06,1579.00,1,6.25
906,"Customer 00906",7,5690.56,812.94,1,14.29
907,"Customer 00907",11,6237.65,567.06,1,9.09
908,"Customer 00908",14,15758.21,1125.59,0,0.00
909,"Customer 00909",15,23114.81,1540.99,0,0.00
910,"Customer 00910",8,8685.92,1085.74,0,0.00
911,"Customer 00911",10,13546.39,1354.64,0,0.00
912,"Customer 00912",8,12834.02,1604.25,0,0.00
913,"Customer 00913",6,5669.86,944.98,0,0.00
914,"Customer 00914",15,20895.46,1393.03,0,0.00
915,"Customer 00915",11,14314.41,1301.31,0,0.00
916,"Customer 00916",15,22775.42,1518.36,0,0.00
917,"Customer 00917",18,22791.30,1266.18,1,5.56
918,"Customer 00918",11,8332.62,757.51,0,0.00
919,"Customer 00919",14,10349.05,739.22,0,0.00
920,"Customer 00920",18,13420.85,745.60,1,5.56
921,"Customer 00921",10,10524.35,1052.44,0,0.00
922,"Customer 00922",17,16423.44,966.08,2,11.76
923,"Customer 00923",7,6515.89,930.84,0,0.00
924,"Customer 00924",12,12165.39,1013.78,0,0.00
925,"Customer 00925",10,8558.01,855.80,0,0.00
926,"Customer 00926",13,6306.73,485.13,0,0.00
927,"Customer 00927",10,9698.79,969.88,0,0.00
928,"Customer 00928",5,9256.99,1851.40,0,0.00
929,"Customer 00929",3,1297.19,432.40,0,0.00
930,"Customer 00930",14,9662.96,690.21,1,7.14
931,"Customer 00931",6,7184.67,1197.45,0,0.00
932,"Customer 00932",10,12422.25,1242.23,0,0.00
933,"Customer 00933",7,8836.63,1262.38,0,0.00
934,"Customer 00934",10,10029.27,1002.93,0,0.00
935,"Customer 00935",12,21391.91,1782.66,0,0.00
936,"Customer 00936",16,19880.98,1242.56,0,0.00
937,"Customer 00937",9,6300.31,700.03,1,11.11
938,"Customer 00938",11,12990.51,1180.96,1,9.09
939,"Customer 00939",14,19888.67,1420.62,0,0.00
940,"Customer 00940",9,15089.70,1676.63,0,0.00
941,"Customer 00941",12,9885.41,823.78,0,0.00
942,"Customer 00942",10,13141.03,1314.10,0,0.00
943,"Customer 00943",13,11954.87,919.61,0,0.00
944,"Customer 00944",10,8037.67,803.77,1,10.00
945,"Customer 00945",11,14043.64,1276.69,0,0.00
946,"Customer 00946",8,8530.08,1066.26,1,12.50
947,"Customer 00947",14,17702.62,1264.47,0,0.00
948,"Customer 00948",6,4352.31,725.39,0,0.00
949,"Customer 00949",8,10240.67,1280.08,0,0.00
950,"Customer 00950",13,11967.37,920.57,0,0.00
951,"Customer 00951",10,18666.23,1866.62,1,10.00
952,"Customer 00952",12,8684.50,723.71,0,0.00
953,"Customer 00953",4,5781.51,1445.38,1,25.00
954,"Customer 00954",6,5559.19,926.53,1,16.67
955,"Customer 00955",7,8410.66,1201.52,1,14.29
956,"Customer 00956",14,11501.97,821.57,0,0.00
957,"Customer 00957",10,13116.77,1311.68,1,10.00
958,"Customer 00958",10,15723.18,1572.32,0,0.00
959,"Customer 00959",12,10278.17,856.51,3,25.00
960,"Customer 00960",9,7943.27,882.59,0,0.00
961,"Customer 00961",14,26217.54,1872.68,1,7.14
962,"Customer 00962",8,3048.37,381.05,1,12.50
963,"Customer 00963",14,12168.90,869.21,0,0.00
964,"Customer 00964",13,14200.64,1092.36,1,7.69
965,"Customer 00965",4,7362.08,1840.52,0,0.00
966,"Customer 00966",9,7394.13,821.57,0,0.00
967,"Customer 00967",7,8106.26,1158.04,0,0.00
968,"Customer 00968",12,11822.07,985.17,2,16.67
969,"Customer 00969",7,10725.03,1532.15,1,14.29
970,"Customer 00970",10,14567.46,1456.75,0,0.00
971,"Customer 00971",8,10386.14,1298.27,1,12.50
972,"Customer 00972",16,21061.43,1316.34,0,0.00
973,"Customer 00973",13,14570.14,1120.78,1,7.69
974,"Customer 00974",8,7045.98,880.75,1,12.50
975,"Customer 00975",4,3455.31,863.83,0,0.00
976,"Customer 00976",11,7798.43,708.95,0,0.00
977,"Customer 00977",11,10854.96,986.81,0,0.00
978,"Customer 00978",5,4103.56,820.71,0,0.00
979,"Customer 00979",9,4882.20,542.47,1,11.11
980,"Customer 00980",12,15716.57,1309.71,0,0.00
981,"Customer 00981",12,10044.17,837.01,1,8.33
982,"Customer 00982",9,9947.80,1105.31,0,0.00
983,"Customer 00983",7,8312.30,1187.47,0,0.00
984,"Customer 00984",6,5958.55,993.09,0,0.00
985,"Customer 00985",11,14746.39,1340.58,3,27.27
986,"Customer 00986",16,18552.58,1159.54,0,0.00
987,"Customer 00987",10,14923.84,1492.38,0,0.00
988,"Customer 00988",5,7534.36,1506.87,0,0.00
989,"Customer 00989",9,7515.89,835.10,1,11.11
990,"Customer 00990",4,1980.83,495.21,0,0.00
991,"Customer 00991",6,6573.19,1095.53,0,0.00
992,"Customer 00992",9,11153.83,1239.31,0,0.00
993,"Customer 00993",12,18534.66,1544.56,3,25.00
994,"Customer 00994",8,8902.11,1112.76,0,0.00
995,"Customer 00995",14,20278.12,1448.44,0,0.00
996,"Customer 00996",7,5096.83,728.12,0,0.00
997,"Customer 00997",4,8126.43,2031.61,0,0.00
998,"Customer 00998",11,9499.82,863.62,1,9.09
999,"Customer 00999",7,11503.33,1643.33,0,0.00
1000,"Customer 01000",12,10143.44,845.29,1,8.33
1001,"Customer 01001",11,17134.58,1557.69,1,9.09
1002,"Customer 01002",10,14533.65,1453.37,1,10.00
1003,"Customer 01003",13,9316.36,716.64,0,0.00
1004,"Customer 01004",15,17009.89,1133.99,0,0.00
1005,"Customer 01005",15,17574.69,1171.65,0,0.00
1006,"Customer 01006",9,10773.43,1197.05,1,11.11
1007,"Customer 01007",10,6975.85,697.59,1,10.00
1008,"Customer 01008",15,15375.50,1025.03,1,6.67
1009,"Customer 01009",10,12512.12,1251.21,1,10.00
1010,"Customer 01010",10,14051.31,1405.13,1,10.00
1011,"Customer 01011",7,11179.65,1597.09,0,0.00
1012,"Customer 01012",7,8638.95,1234.14,1,14.29
1013,"Customer 01013",11,12785.80,1162.35,1,9.09
1014,"Customer 01014",6,6297.09,1049.52,0,0.00
1015,"Customer 01015",5,6151.57,1230.31,2,40.00
1016,"Customer 01016",6,9369.56,1561.59,0,0.00
1017,"Customer 01017",6,5634.38,939.06,1,16.67
1018,"Customer 01018",8,5792.78,724.10,0,0.00
1019,"Customer 01019",9,14608.61,1623.18,0,0.00
1020,"Customer 01020",13,20787.85,1599.07,0,0.00
1021,"Customer 01021",13,14625.79,1125.06,0,0.00
1022,"Customer 01022",7,6278.02,896.86,0,0.00
1023,"Customer 01023",10,7435.68,743.57,0,0.00
1024,"Customer 01024",8,4970.95,621.37,1,12.50
1025,"Customer 01025",8,9476.25,1184.53,1,12.50
1026,"Customer 01026",3,2178.02,726.01,0,0.00
1027,"Customer 01027",13,13291.60,1022.43,0,0.00
1028,"Customer 01028",14,16632.45,1188.03,0,0.00
1029,"Customer 01029",10,8794.73,879.47,0,0.00
1030,"Customer 01030",7,5085.14,726.45,3,42.86
1031,"Customer 01031",11,15312.48,1392.04,0,0.00
1032,"Customer 01032",7,7149.35,1021.34,2,28.57
1033,"Customer 01033",11,15352.67,1395.70,1,9.09
1034,"Customer 01034",7,7600.78,1085.83,0,0.00
1035,"Customer 01035",12,16377.15,1364.76,1,8.33
1036,"Customer 01036",10,19670.61,1967.06,0,0.00
1037,"Customer 01037",11,8323.34,756.67,1,9.09
1038,"Customer 01038",14,17267.14,1233.37,0,0.00
1039,"Customer 01039",12,12770.03,1064.17,0,0.00
1040,"Customer 01040",11,7494.63,681.33,1,9.09
1041,"Customer 01041",7,12012.06,1716.01,1,14.29
1042,"Customer 01042",7,7480.75,1068.68,0,0.00
1043,"Customer 01043",14,19209.30,1372.09,1,7.14
1044,"Customer 01044",17,14577.89,857.52,0,0.00
1045,"Customer 01045",7,7442.91,1063.27,1,14.29
1046,"Customer 01046",17,22998.75,1352.87,0,0.00
1047,"Customer 01047",9,17221.78,1913.53,2,22.22
1048,"Customer 01048",9,11411.22,1267.91,1,11.11
1049,"Customer 01049",3,2539.53,846.51,0,0.00
1050,"Customer 01050",6,4179.44,696.57,1,16.67
1051,"Customer 01051",10,11488.36,1148.84,0,0.00
1052,"Customer 01052",14,14859.83,1061.42,0,0.00
1053,"Customer 01053",9,12129.35,1347.71,0,0.00
1054,"Customer 01054",6,2951.43,491.91,1,16.67
1055,"Customer 01055",6,5628.91,938.15,0,0.00
1056,"Customer 01056",9,7314.10,812.68,0,0.00
1057,"Customer 01057",8,12558.56,1569.82,0,0.00
1058,"Customer 01058",6,7340.39,1223.40,1,16.67
1059,"Customer 01059",12,18490.88,1540.91,0,0.00
1060,"Customer 01060",13,16655.75,1281.21,1,7.69
1061,"Customer 01061",11,11569.58,1051.78,1,9.09
1062,"Customer 01062",8,12880.72,1610.09,0,0.00
1063,"Customer 01063",14,16861.49,1204.39,1,7.14
1064,"Customer 01064",7,5333.34,761.91,2,28.57
1065,"Customer 01065",3,2229.84,743.28,0,0.00
1066,"Customer 01066",3,3384.22,1128.07,0,0.00
1067,"Customer 01067",11,12002.94,1091.18,0,0.00
1068,"Customer 01068",8,14901.07,1862.63,0,0.00
1069,"Customer 01069",15,23312.72,1554.18,0,0.00
1070,"Customer 01070",11,10950.52,995.50,0,0.00
1071,"Customer 01071",7,11828.98,1689.85,0,0.00
1072,"Customer 01072",3,4107.88,1369.29,1,33.33
1073,"Customer 01073",14,19569.24,1397.80,3,21.43
1074,"Customer 01074",9,11018.85,1224.32,0,0.00
1075,"Customer 01075",12,11233.96,936.16,0,0.00
1076,"Customer 01076",9,8332.10,925.79,0,0.00
1077,"Customer 01077",12,9630.41,802.53,0,0.00
1078,"Customer 01078",5,2399.67,479.93,0,0.00
1079,"Customer 01079",9,13520.43,1502.27,0,0.00
1080,"Customer 01080",10,9641.57,964.16,0,0.00
1081,"Customer 01081",14,11444.60,817.47,0,0.00
1082,"Customer 01082",7,4171.46,595.92,0,0.00
1083,"Customer 01083",7,8978.11,1282.59,0,0.00
1084,"Customer 01084",11,10693.16,972.11,1,9.09
1085,"Customer 01085",10,14685.94,1468.59,1,10.00
1086,"Customer 01086",5,5978.77,1195.75,0,0.00
1087,"Customer 01087",14,20066.29,1433.31,1,7.14
1088,"Customer 01088",13,12330.35,948.49,1,7.69
1089,"Customer 01089",10,6815.35,681.54,0,0.00
1090,"Customer 01090",11,10470.06,951.82,1,9.09
1091,"Customer 01091",10,19306.07,1930.61,2,20.00
1092,"Customer 01092",13,19024.38,1463.41,1,7.69
1093,"Customer 01093",7,13572.07,1938.87,0,0.00
1094,"Customer 01094",12,10659.11,888.26,0,0.00
1095,"Customer 01095",14,18366.89,1311.92,1,7.14
1096,"Customer 01096",8,8497.01,1062.13,0,0.00
1097,"Customer 01097",16,16454.68,1028.42,0,0.00
1098,"Customer 01098",10,9136.10,913.61,0,0.00
1099,"Customer 01099",10,21573.04,2157.30,1,10.00
1100,"Customer 01100",11,15290.68,1390.06,0,0.00
1101,"Customer 01101",11,21925.01,1993.18,1,9.09
1102,"Customer 01102",11,10571.71,961.06,0,0.00
1103,"Customer 01103",10,13709.81,1370.98,1,10.00
1104,"Customer 01104",12,15141.58,1261.80,1,8.33
1105,"Customer 01105",8,7562.50,945.31,2,25.00
1106,"Customer 01106",13,15218.11,1170.62,0,0.00
1107,"Customer 01107",13,20433.68,1571.82,2,15.38
1108,"Customer 01108",15,24919.17,1661.28,2,13.33
1109,"Customer 01109",10,11629.63,1162.96,1,10.00
1110,"Customer 01110",15,14835.83,989.06,3,20.00
1111,"Customer 01111",7,13006.84,1858.12,1,14.29
1112,"Customer 01112",7,2129.92,304.27,0,0.00
1113,"Customer 01113",11,9694.24,881.29,1,9.09
1114,"Customer 01114",10,10937.32,1093.73,1,10.00
1115,"Customer 01115",9,10912.00,1212.44,0,0.00
1116,"Customer 01116",10,10609.31,1060.93,1,10.00
1117,"Customer 01117",11,12345.83,1122.35,1,9.09
1118,"Customer 01118",6,7430.63,1238.44,1,16.67
1119,"Customer 01119",8,9150.05,1143.76,0,0.00
1120,"Customer 01120",13,9713.64,747.20,1,7.69
1121,"Customer 01121",10,11578.24,1157.82,0,0.00
1122,"Customer 01122",11,8561.22,778.29,0,0.00
1123,"Customer 01123",11,13578.12,1234.37,0,0.00
1124,"Customer 01124",8,11498.35,1437.29,0,0.00
1125,"Customer 01125",10,9519.22,951.92,0,0.00
1126,"Customer 01126",10,9654.72,965.47,1,10.00
1127,"Customer 01127",12,10194.82,849.57,2,16.67
1128,"Customer 01128",8,9108.94,1138.62,3,37.50
1129,"Customer 01129",8,8518.05,1064.76,2,25.00
1130,"Customer 01130",10,16317.25,1631.73,1,10.00
1131,"Customer 01131",10,12694.68,1269.47,1,10.00
1132,"Customer 01132",5,3775.79,755.16,0,0.00
1133,"Customer 01133",14,15105.03,1078.93,0,0.00
1134,"Customer 01134",13,19225.41,1478.88,1,7.69
1135,"Customer 01135",9,12891.39,1432.38,0,0.00
1136,"Customer 01136",7,7666.17,1095.17,0,0.00
1137,"Customer 01137",11,19962.61,1814.78,1,9.09
1138,"Customer 01138",10,15914.74,1591.47,0,0.00
1139,"Customer 01139",7,5371.93,767.42,1,14.29
1140,"Customer 01140",13,12489.41,960.72,0,0.00
1141,"Customer 01141",9,8583.99,953.78,0,0.00
1142,"Customer 01142",10,10210.40,1021.04,1,10.00
1143,"Customer 01143",4,4668.25,1167.06,0,0.00
1144,"Customer 01144",5,7653.27,1530.65,0,0.00
1145,"Customer 01145",7,4253.73,607.68,1,14.29
1146,"Customer 01146",10,17666.23,1766.62,1,10.00
1147,"Customer 01147",8,12719.79,1589.97,1,12.50
1148,"Customer 01148",9,7207.66,800.85,1,11.11
1149,"Customer 01149",11,13204.65,1200.42,0,0.00
1150,"Customer 01150",7,9964.02,1423.43,0,0.00
1151,"Customer 01151",9,14049.07,1561.01,0,0.00
1152,"Customer 01152",13,12794.43,984.19,1,7.69
1153,"Customer 01153",6,3190.57,531.76,1,16.67
1154,"Customer 01154",12,21408.86,1784.07,1,8.33
1155,"Customer 01155",9,6083.81,675.98,2,22.22
1156,"Customer 01156",9,18188.64,2020.96,0,0.00
1157,"Customer 01157",9,9201.00,1022.33,1,11.11
1158,"Customer 01158",10,13554.44,1355.44,0,0.00
1159,"Customer 01159",5,5229.42,1045.88,1,20.00
1160,"Customer 01160",9,8558.64,950.96,0,0.00
1161,"Customer 01161",8,11851.36,1481.42,1,12.50
1162,"Customer 01162",7,14078.99,2011.28,0,0.00
1163,"Customer 01163",15,15858.26,1057.22,1,6.67
1164,"Customer 01164",8,6475.45,809.43,0,0.00
1165,"Customer 01165",13,13433.40,1033.34,1,7.69
1166,"Customer 01166",8,6821.35,852.67,1,12.50
1167,"Customer 01167",10,8962.24,896.22,0,0.00
1168,"Customer 01168",9,17493.10,1943.68,0,0.00
1169,"Customer 01169",7,14012.00,2001.71,0,0.00
1170,"Customer 01170",8,8007.46,1000.93,1,12.50
1171,"Customer 01171",14,19505.68,1393.26,1,7.14
1172,"Customer 01172",14,9470.76,676.48,0,0.00
1173,"Customer 01173",10,11274.84,1127.48,0,0.00
1174,"Customer 01174",10,12511.27,1251.13,0,0.00
1175,"Customer 01175",6,8079.09,1346.52,0,0.00
1176,"Customer 01176",13,19648.91,1511.45,0,0.00
1177,"Customer 01177",12,9816.79,818.07,0,0.00
1178,"Customer 01178",10,17438.46,1743.85,1,10.00
1179,"Customer 01179",11,17096.73,1554.25,0,0.00
1180,"Customer 01180",14,18536.92,1324.07,1,7.14
1181,"Customer 01181",8,8546.15,1068.27,1,12.50
1182,"Customer 01182",6,12612.27,2102.05,0,0.00
1183,"Customer 01183",7,11389.80,1627.11,1,14.29
1184,"Customer 01184",5,5396.03,1079.21,0,0.00
1185,"Customer 01185",11,10179.87,925.44,1,9.09
1186,"Customer 01186",10,18326.79,1832.68,1,10.00
1187,"Customer 01187",11,11878.06,1079.82,0,0.00
1188,"Customer 01188",9,10076.25,1119.58,1,11.11
1189,"Customer 01189",11,13137.78,1194.34,0,0.00
1190,"Customer 01190",13,9902.75,761.75,1,7.69
1191,"Customer 01191",9,6310.39,701.15,0,0.00
1192,"Customer 01192",11,8627.32,784.30,1,9.09
1193,"Customer 01193",14,14203.02,1014.50,1,7.14
1194,"Customer 01194",10,5279.37,527.94,1,10.00
1195,"Customer 01195",8,8645.24,1080.66,0,0.00
1196,"Customer 01196",5,6580.45,1316.09,0,0.00
1197,"Customer 01197",17,22549.64,1326.45,1,5.88
1198,"Customer 01198",20,27818.61,1390.93,1,5.00
1199,"Customer 01199",10,12787.26,1278.73,1,10.00
1200,"Customer 01200",8,5158.44,644.81,2,25.00
1201,"Customer 01201",11,27156.77,2468.80,1,9.09
1202,"Customer 01202",9,8391.83,932.43,2,22.22
1203,"Customer 01203",10,10122.47,1012.25,0,0.00
1204,"Customer 01204",8,6697.81,837.23,2,25.00
1205,"Customer 01205",10,6447.40,644.74,1,10.00
1206,"Customer 01206",8,4182.62,522.83,0,0.00
1207,"Customer 01207",7,3086.20,440.89,2,28.57
1208,"Customer 01208",8,5971.22,746.40,1,12.50
1209,"Customer 01209",8,8605.11,1075.64,0,0.00
1210,"Customer 01210",4,5838.68,1459.67,0,0.00
1211,"Customer 01211",14,21900.01,1564.29,1,7.14
1212,"Customer 01212",12,18358.40,1529.87,0,0.00
1213,"Customer 01213",8,10796.82,1349.60,0,0.00
1214,"Customer 01214",9,8454.56,939.40,1,11.11
1215,"Customer 01215",14,14685.28,1048.95,1,7.14
1216,"Customer 01216",11,11262.82,1023.89,2,18.18
1217,"Customer 01217",10,10550.02,1055.00,0,0.00
1218,"Customer 01218",9,10714.95,1190.55,0,0.00
1219,"Customer 01219",9,8486.51,942.95,0,0.00
1220,"Customer 01220",9,18316.59,2035.18,1,11.11
1221,"Customer 01221",10,7696.48,769.65,0,0.00
1222,"Customer 01222",12,13857.18,1154.77,2,16.67
1223,"Customer 01223",6,4546.04,757.67,1,16.67
1224,"Customer 01224",9,11218.88,1246.54,1,11.11
1225,"Customer 01225",6,2722.51,453.75,0,0.00
1226,"Customer 01226",12,8326.85,693.90,0,0.00
1227,"Customer 01227",13,15207.49,1169.81,1,7.69
1228,"Customer 01228",8,10141.58,1267.70,1,12.50
1229,"Customer 01229",8,4461.02,557.63,3,37.50
1230,"Customer 01230",8,8944.33,1118.04,0,0.00
1231,"Customer 01231",7,5620.19,802.88,0,0.00
1232,"Customer 01232",11,19562.98,1778.45,0,0.00
1233,"Customer 01233",14,15207.12,1086.22,1,7.14
1234,"Customer 01234",15,16987.96,1132.53,2,13.33
1235,"Customer 01235",13,24042.42,1849.42,0,0.00
1236,"Customer 01236",12,14650.07,1220.84,0,0.00
1237,"Customer 01237",12,11046.99,920.58,0,0.00
1238,"Customer 01238",15,11915.59,794.37,0,0.00
1239,"Customer 01239",7,7536.01,1076.57,0,0.00
1240,"Customer 01240",14,26100.85,1864.35,0,0.00
1241,"Customer 01241",10,21071.67,2107.17,1,10.00
1242,"Customer 01242",8,6691.96,836.50,1,12.50
1243,"Customer 01243",7,22450.13,3207.16,0,0.00
1244,"Customer 01244",11,15546.69,1413.34,0,0.00
1245,"Customer 01245",8,5646.00,705.75,0,0.00
1246,"Customer 01246",4,5368.47,1342.12,0,0.00
1247,"Customer 01247",9,5161.24,573.47,0,0.00
1248,"Customer 01248",11,6510.65,591.88,1,9.09
1249,"Customer 01249",17,21092.10,1240.71,0,0.00
1250,"Customer 01250",9,6405.32,711.70,0,0.00
1251,"Customer 01251",7,5746.49,820.93,0,0.00
1252,"Customer 01252",14,12767.65,911.98,3,21.43
1253,"Customer 01253",7,7736.47,1105.21,0,0.00
1254,"Customer 01254",11,18093.25,1644.84,2,18.18
1255,"Customer 01255",6,3677.84,612.97,0,0.00
1256,"Customer 01256",12,18169.66,1514.14,1,8.33
1257,"Customer 01257",10,9155.26,915.53,0,0.00
1258,"Customer 01258",2,1139.48,569.74,0,0.00
1259,"Customer 01259",11,15905.09,1445.92,0,0.00
1260,"Customer 01260",11,13953.48,1268.50,1,9.09
1261,"Customer 01261",16,13213.43,825.84,1,6.25
1262,"Customer 01262",16,15995.30,999.71,1,6.25
1263,"Customer 01263",16,16124.23,1007.76,1,6.25
1264,"Customer 01264",9,11400.80,1266.76,1,11.11
1265,"Customer 01265",10,10219.73,1021.97,2,20.00
1266,"Customer 01266",8,6840.09,855.01,1,12.50
1267,"Customer 01267",12,16184.48,1348.71,0,0.00
1268,"Customer 01268",13,10934.95,841.15,0,0.00
1269,"Customer 01269",13,10657.65,819.82,0,0.00
1270,"Customer 01270",16,21610.10,1350.63,1,6.25
1271,"Customer 01271",7,6136.41,876.63,0,0.00
1272,"Customer 01272",8,4913.48,614.19,0,0.00
1273,"Customer 01273",12,18725.25,1560.44,1,8.33
1274,"Customer 01274",8,10827.23,1353.40,0,0.00
1275,"Customer 01275",9,4832.98,537.00,1,11.11
1276,"Customer 01276",13,22787.96,1752.92,0,0.00
1278,"Customer 01278",14,18670.47,1333.61,0,0.00
1279,"Customer 01279",8,6441.25,805.16,0,0.00
1280,"Customer 01280",15,21185.33,1412.36,2,13.33
1281,"Customer 01281",11,12343.54,1122.14,0,0.00
1282,"Customer 01282",10,19400.40,1940.04,1,10.00
1283,"Customer 01283",11,14189.41,1289.95,1,9.09
1284,"Customer 01284",10,11754.98,1175.50,0,0.00
1285,"Customer 01285",14,5265.45,376.10,1,7.14
1286,"Customer 01286",11,18554.38,1686.76,0,0.00
1287,"Customer 01287",12,14153.99,1179.50,0,0.00
1288,"Customer 01288",8,10125.27,1265.66,0,0.00
1289,"Customer 01289",8,6478.26,809.78,0,0.00
1290,"Customer 01290",8,6315.88,789.49,0,0.00
1291,"Customer 01291",11,9504.13,864.01,1,9.09
1292,"Customer 01292",12,15266.15,1272.18,0,0.00
1293,"Customer 01293",5,2005.30,401.06,0,0.00
1294,"Customer 01294",12,18831.42,1569.29,1,8.33
1295,"Customer 01295",11,11608.59,1055.33,1,9.09
1296,"Customer 01296",7,12407.24,1772.46,1,14.29
1297,"Customer 01297",11,11203.08,1018.46,0,0.00
1298,"Customer 01298",10,14314.88,1431.49,0,0.00
1299,"Customer 01299",6,4352.26,725.38,0,0.00
1300,"Customer 01300",14,16354.72,1168.19,0,0.00
1301,"Customer 01301",10,8267.15,826.72,2,20.00
1302,"Customer 01302",14,17026.45,1216.18,0,0.00
1303,"Customer 01303",14,17606.85,1257.63,1,7.14
1304,"Customer 01304",14,9314.05,665.29,0,0.00
1305,"Customer 01305",12,14270.44,1189.20,0,0.00
1306,"Customer 01306",9,12303.90,1367.10,0,0.00
1307,"Customer 01307",6,10814.83,1802.47,0,0.00
1308,"Customer 01308",7,4454.23,636.32,0,0.00
1309,"Customer 01309",16,12982.73,811.42,0,0.00
1310,"Customer 01310",9,13946.92,1549.66,1,11.11
1311,"Customer 01311",6,3783.99,630.67,0,0.00
1312,"Customer 01312",8,13275.57,1659.45,0,0.00
1313,"Customer 01313",15,11444.01,762.93,0,0.00
1314,"Customer 01314",12,16667.39,1388.95,1,8.33
1315,"Customer 01315",9,6216.24,690.69,0,0.00
1316,"Customer 01316",5,6910.50,1382.10,0,0.00
1317,"Customer 01317",8,11226.93,1403.37,0,0.00
1318,"Customer 01318",9,11788.30,1309.81,0,0.00
1319,"Customer 01319",16,19756.33,1234.77,0,0.00
1320,"Customer 01320",9,8500.09,944.45,1,11.11
1321,"Customer 01321",7,6136.55,876.65,0,0.00
1322,"Customer 01322",10,14882.86,1488.29,1,10.00
1323,"Customer 01323",10,11073.43,1107.34,1,10.00
1324,"Customer 01324",11,14290.25,1299.11,1,9.09
1325,"Customer 01325",18,20941.68,1163.43,2,11.11
1326,"Customer 01326",6,2449.00,408.17,1,16.67
1327,"Customer 01327",10,11892.00,1189.20,0,0.00
1328,"Customer 01328",19,18249.26,960.49,1,5.26
1329,"Customer 01329",12,14315.18,1192.93,0,0.00
1330,"Customer 01330",8,8812.85,1101.61,0,0.00
1331,"Customer 01331",10,9384.48,938.45,0,0.00
1332,"Customer 01332",15,18030.84,1202.06,1,6.67
1333,"Customer 01333",11,5322.37,483.85,0,0.00
1334,"Customer 01334",11,20811.12,1891.92,1,9.09
1335,"Customer 01335",4,4703.73,1175.93,0,0.00
1336,"Customer 01336",14,14232.72,1016.62,0,0.00
1337,"Customer 01337",19,21463.91,1129.68,2,10.53
1338,"Customer 01338",8,6199.24,774.91,0,0.00
1339,"Customer 01339",9,8215.85,912.87,1,11.11
1340,"Customer 01340",16,20141.47,1258.84,0,0.00
1341,"Customer 01341",8,10837.10,1354.64,0,0.00
1342,"Customer 01342",15,15175.00,1011.67,1,6.67
1343,"Customer 01343",8,10523.24,1315.41,0,0.00
1344,"Customer 01344",12,12562.20,1046.85,0,0.00
1345,"Customer 01345",10,23675.75,2367.58,1,10.00
1346,"Customer 01346",11,15468.55,1406.23,0,0.00
1347,"Customer 01347",14,9221.21,658.66,0,0.00
1348,"Customer 01348",8,11561.61,1445.20,0,0.00
1349,"Customer 01349",6,9451.50,1575.25,0,0.00
1350,"Customer 01350",8,8466.96,1058.37,0,0.00
1351,"Customer 01351",12,19849.79,1654.15,0,0.00
1352,"Customer 01352",13,14461.27,1112.41,1,7.69
1353,"Customer 01353",12,12666.54,1055.55,0,0.00
1354,"Customer 01354",9,9731.77,1081.31,0,0.00
1355,"Customer 01355",10,9329.52,932.95,0,0.00
1356,"Customer 01356",10,14028.39,1402.84,0,0.00
1357,"Customer 01357",13,23320.69,1793.90,0,0.00
1358,"Customer 01358",9,6560.94,728.99,0,0.00
1359,"Customer 01359",12,19941.77,1661.81,0,0.00
1360,"Customer 01360",6,11360.69,1893.45,0,0.00
1361,"Customer 01361",13,16219.94,1247.69,1,7.69
1362,"Customer 01362",5,9485.09,1897.02,0,0.00
1363,"Customer 01363",17,28358.52,1668.15,1,5.88
1364,"Customer 01364",11,16046.91,1458.81,0,0.00
1365,"Customer 01365",11,12045.78,1095.07,0,0.00
1366,"Customer 01366",7,7474.54,1067.79,2,28.57
1367,"Customer 01367",10,10246.27,1024.63,0,0.00
1368,"Customer 01368",5,4512.92,902.58,0,0.00
1369,"Customer 01369",9,9005.41,1000.60,0,0.00
1370,"Customer 01370",12,13581.93,1131.83,0,0.00
1371,"Customer 01371",11,20383.32,1853.03,1,9.09
1372,"Customer 01372",11,15427.70,1402.52,0,0.00
1373,"Customer 01373",16,15903.33,993.96,0,0.00
1374,"Customer 01374",9,10268.71,1140.97,0,0.00
1375,"Customer 01375",10,16479.30,1647.93,0,0.00
1376,"Customer 01376",8,8805.68,1100.71,0,0.00
1377,"Customer 01377",8,14689.34,1836.17,1,12.50
1378,"Customer 01378",8,7011.99,876.50,0,0.00
1379,"Customer 01379",8,3929.76,491.22,1,12.50
1380,"Customer 01380",7,6288.62,898.37,0,0.00
1381,"Customer 01381",12,17032.75,1419.40,0,0.00
1382,"Customer 01382",7,13186.09,1883.73,1,14.29
1383,"Customer 01383",11,18922.14,1720.19,0,0.00
1384,"Customer 01384",11,14905.66,1355.06,0,0.00
1385,"Customer 01385",11,17180.70,1561.88,0,0.00
1386,"Customer 01386",11,10401.37,945.58,0,0.00
1387,"Customer 01387",14,15009.91,1072.14,0,0.00
1388,"Customer 01388",9,11194.03,1243.78,0,0.00
1389,"Customer 01389",3,2963.50,987.83,1,33.33
1390,"Customer 01390",10,13947.39,1394.74,2,20.00
1391,"Customer 01391",9,9548.36,1060.93,0,0.00
1392,"Customer 01392",9,11175.37,1241.71,0,0.00
1393,"Customer 01393",8,12954.09,1619.26,0,0.00
1394,"Customer 01394",4,4939.08,1234.77,0,0.00
1395,"Customer 01395",12,12699.10,1058.26,3,25.00
1396,"Customer 01396",9,8554.76,950.53,0,0.00
1397,"Customer 01397",7,11777.53,1682.50,0,0.00
1398,"Customer 01398",5,7477.69,1495.54,0,0.00
1399,"Customer 01399",16,18837.23,1177.33,1,6.25
1400,"Customer 01400",11,10163.51,923.96,0,0.00
1401,"Customer 01401",5,3408.70,681.74,1,20.00
1402,"Customer 01402",13,20429.16,1571.47,0,0.00
1403,"Customer 01403",11,12736.02,1157.82,0,0.00
1404,"Customer 01404",5,5840.32,1168.06,0,0.00
1405,"Customer 01405",2,611.48,305.74,0,0.00
1406,"Customer 01406",13,15226.27,1171.25,0,0.00
1407,"Customer 01407",11,10483.84,953.08,0,0.00
1408,"Customer 01408",7,3733.80,533.40,0,0.00
1409,"Customer 01409",10,7948.97,794.90,1,10.00
1410,"Customer 01410",9,7943.33,882.59,0,0.00
1411,"Customer 01411",11,18906.16,1718.74,0,0.00
1412,"Customer 01412",6,8930.13,1488.36,0,0.00
1413,"Customer 01413",6,2980.50,496.75,0,0.00
1414,"Customer 01414",12,8457.99,704.83,0,0.00
1415,"Customer 01415",5,4631.11,926.22,0,0.00
1416,"Customer 01416",11,14968.33,1360.76,0,0.00
1417,"Customer 01417",12,16920.95,1410.08,2,16.67
1418,"Customer 01418",9,8060.43,895.60,0,0.00
1419,"Customer 01419",10,11050.93,1105.09,0,0.00
1420,"Customer 01420",11,17766.64,1615.15,0,0.00
1421,"Customer 01421",8,6060.63,757.58,0,0.00
1422,"Customer 01422",13,15427.92,1186.76,0,0.00
1423,"Customer 01423",9,11572.16,1285.80,0,0.00
1424,"Customer 01424",11,27048.00,2458.91,1,9.09
1425,"Customer 01425",7,9839.99,1405.71,0,0.00
1426,"Customer 01426",11,10511.45,955.59,1,9.09
1427,"Customer 01427",7,13133.95,1876.28,1,14.29
1428,"Customer 01428",4,5603.52,1400.88,0,0.00
1429,"Customer 01429",9,10394.47,1154.94,0,0.00
1430,"Customer 01430",8,7603.80,950.48,0,0.00
1431,"Customer 01431",12,16874.45,1406.20,0,0.00
1432,"Customer 01432",10,11219.91,1121.99,1,10.00
1433,"Customer 01433",17,22474.56,1322.03,1,5.88
1434,"Customer 01434",9,14588.56,1620.95,0,0.00
1435,"Customer 01435",12,12013.89,1001.16,1,8.33
1436,"Customer 01436",15,20289.58,1352.64,2,13.33
1437,"Customer 01437",16,26434.79,1652.17,0,0.00
1438,"Customer 01438",13,23268.75,1789.90,1,7.69
1439,"Customer 01439",10,11892.38,1189.24,1,10.00
1440,"Customer 01440",7,15937.38,2276.77,0,0.00
1441,"Customer 01441",13,21134.77,1625.75,0,0.00
1442,"Customer 01442",9,7900.53,877.84,0,0.00
1443,"Customer 01443",9,9356.90,1039.66,1,11.11
1444,"Customer 01444",7,8168.52,1166.93,1,14.29
1445,"Customer 01445",9,5436.01,604.00,0,0.00
1446,"Customer 01446",8,8925.47,1115.68,0,0.00
1447,"Customer 01447",7,4615.60,659.37,0,0.00
1448,"Customer 01448",11,8851.16,804.65,1,9.09
1449,"Customer 01449",11,8730.21,793.66,1,9.09
1450,"Customer 01450",8,9407.54,1175.94,1,12.50
1451,"Customer 01451",8,4111.33,513.92,0,0.00
1452,"Customer 01452",7,5275.02,753.57,2,28.57
1453,"Customer 01453",14,17852.22,1275.16,1,7.14
1454,"Customer 01454",11,6581.13,598.28,0,0.00
1455,"Customer 01455",7,13203.85,1886.26,0,0.00
1456,"Customer 01456",11,17260.66,1569.15,1,9.09
1457,"Customer 01457",8,19777.19,2472.15,1,12.50
1458,"Customer 01458",18,11137.20,618.73,2,11.11
1459,"Customer 01459",6,7046.32,1174.39,1,16.67
1460,"Customer 01460",13,20800.46,1600.04,0,0.00
1461,"Customer 01461",8,7417.67,927.21,1,12.50
1462,"Customer 01462",8,6133.62,766.70,0,0.00
1463,"Customer 01463",16,22125.94,1382.87,1,6.25
1464,"Customer 01464",12,10830.26,902.52,1,8.33
1465,"Customer 01465",13,14013.35,1077.95,1,7.69
1466,"Customer 01466",8,7461.03,932.63,1,12.50
1467,"Customer 01467",9,8420.61,935.62,1,11.11
1468,"Customer 01468",12,13887.25,1157.27,0,0.00
1469,"Customer 01469",7,18281.78,2611.68,0,0.00
1470,"Customer 01470",11,8522.67,774.79,0,0.00
1471,"Customer 01471",14,16409.49,1172.11,2,14.29
1472,"Customer 01472",17,16527.04,972.18,2,11.76
1473,"Customer 01473",11,9787.19,889.74,0,0.00
1474,"Customer 01474",7,6350.15,907.16,1,14.29
1475,"Customer 01475",15,15133.89,1008.93,3,20.00
1476,"Customer 01476",7,6450.85,921.55,0,0.00
1477,"Customer 01477",5,3245.54,649.11,0,0.00
1478,"Customer 01478",12,9955.73,829.64,3,25.00
1479,"Customer 01479",12,9715.76,809.65,0,0.00
1480,"Customer 01480",7,9512.19,1358.88,1,14.29
1481,"Customer 01481",11,16026.71,1456.97,0,0.00
1482,"Customer 01482",6,7956.98,1326.16,0,0.00
1483,"Customer 01483",7,7897.22,1128.17,1,14.29
1484,"Customer 01484",12,9822.02,818.50,0,0.00
1485,"Customer 01485",14,18539.52,1324.25,1,7.14
1486,"Customer 01486",7,18076.88,2582.41,1,14.29
1487,"Customer 01487",7,8269.83,1181.40,1,14.29
1488,"Customer 01488",10,12726.64,1272.66,0,0.00
1489,"Customer 01489",12,11714.17,976.18,0,0.00
1490,"Customer 01490",8,4329.31,541.16,0,0.00
1491,"Customer 01491",8,3393.42,424.18,0,0.00
1492,"Customer 01492",9,8686.25,965.14,1,11.11
1493,"Customer 01493",12,13226.73,1102.23,0,0.00
1494,"Customer 01494",8,16768.34,2096.04,0,0.00
1495,"Customer 01495",14,20504.33,1464.60,0,0.00
1496,"Customer 01496",14,24410.30,1743.59,1,7.14
1497,"Customer 01497",16,16980.92,1061.31,0,0.00
1498,"Customer 01498",15,19815.62,1321.04,0,0.00
1499,"Customer 01499",13,13960.52,1073.89,1,7.69
1500,"Customer 01500",9,9443.53,1049.28,0,0.00
1501,"Customer 01501",10,13433.45,1343.35,0,0.00
1502,"Customer 01502",5,9106.74,1821.35,0,0.00
1503,"Customer 01503",9,4841.37,537.93,0,0.00
1504,"Customer 01504",10,10759.39,1075.94,0,0.00
1505,"Customer 01505",7,4527.62,646.80,1,14.29
1506,"Customer 01506",9,13828.22,1536.47,0,0.00
1507,"Customer 01507",8,9603.04,1200.38,0,0.00
1508,"Customer 01508",10,9373.13,937.31,0,0.00
1509,"Customer 01509",10,8732.43,873.24,0,0.00
1510,"Customer 01510",7,6665.10,952.16,0,0.00
1511,"Customer 01511",16,25777.91,1611.12,0,0.00
1512,"Customer 01512",6,8720.57,1453.43,0,0.00
1513,"Customer 01513",10,6008.74,600.87,1,10.00
1514,"Customer 01514",8,16381.30,2047.66,2,25.00
1515,"Customer 01515",10,22581.91,2258.19,1,10.00
1516,"Customer 01516",7,4336.15,619.45,0,0.00
1517,"Customer 01517",7,7027.72,1003.96,1,14.29
1518,"Customer 01518",14,13199.06,942.79,0,0.00
1519,"Customer 01519",13,17693.23,1361.02,0,0.00
1520,"Customer 01520",10,11108.31,1110.83,0,0.00
1521,"Customer 01521",11,8079.62,734.51,1,9.09
1522,"Customer 01522",17,22787.11,1340.42,1,5.88
1523,"Customer 01523",8,14725.42,1840.68,0,0.00
1524,"Customer 01524",15,16549.40,1103.29,1,6.67
1525,"Customer 01525",11,8618.36,783.49,0,0.00
1526,"Customer 01526",14,15635.10,1116.79,0,0.00
1527,"Customer 01527",7,17191.43,2455.92,1,14.29
1528,"Customer 01528",10,8355.31,835.53,0,0.00
1529,"Customer 01529",13,13773.85,1059.53,0,0.00
1530,"Customer 01530",9,5803.06,644.78,1,11.11
1531,"Customer 01531",8,11915.19,1489.40,0,0.00
1532,"Customer 01532",7,7533.00,1076.14,0,0.00
1533,"Customer 01533",3,6586.34,2195.45,1,33.33
1534,"Customer 01534",12,13726.63,1143.89,0,0.00
1535,"Customer 01535",10,12328.44,1232.84,2,20.00
1536,"Customer 01536",14,13534.74,966.77,0,0.00
1537,"Customer 01537",7,7420.22,1060.03,0,0.00
1538,"Customer 01538",11,17305.35,1573.21,0,0.00
1539,"Customer 01539",4,3866.47,966.62,1,25.00
1540,"Customer 01540",14,18123.54,1294.54,1,7.14
1541,"Customer 01541",9,10295.55,1143.95,2,22.22
1542,"Customer 01542",10,12471.36,1247.14,1,10.00
1543,"Customer 01543",4,10065.12,2516.28,0,0.00
1544,"Customer 01544",12,15278.86,1273.24,1,8.33
1545,"Customer 01545",13,13118.06,1009.08,0,0.00
1546,"Customer 01546",12,5324.34,443.70,1,8.33
1547,"Customer 01547",7,10162.63,1451.80,0,0.00
1548,"Customer 01548",11,11407.46,1037.04,0,0.00
1549,"Customer 01549",8,3457.35,432.17,2,25.00
1550,"Customer 01550",10,10201.09,1020.11,0,0.00
1551,"Customer 01551",14,16132.37,1152.31,1,7.14
1552,"Customer 01552",10,12352.47,1235.25,2,20.00
1553,"Customer 01553",11,16413.44,1492.13,0,0.00
1554,"Customer 01554",8,14271.00,1783.88,1,12.50
1555,"Customer 01555",7,9194.88,1313.55,1,14.29
1556,"Customer 01556",13,17022.00,1309.38,0,0.00
1557,"Customer 01557",13,12231.08,940.85,0,0.00
1558,"Customer 01558",10,7336.52,733.65,0,0.00
1559,"Customer 01559",11,10427.14,947.92,1,9.09
1560,"Customer 01560",10,13852.67,1385.27,0,0.00
1561,"Customer 01561",7,4544.67,649.24,1,14.29
1562,"Customer 01562",7,6361.11,908.73,0,0.00
1563,"Customer 01563",3,8426.12,2808.71,0,0.00
1564,"Customer 01564",8,7860.51,982.56,0,0.00
1565,"Customer 01565",19,27880.95,1467.42,2,10.53
1566,"Customer 01566",8,2239.35,279.92,2,25.00
1567,"Customer 01567",9,7554.36,839.37,0,0.00
1568,"Customer 01568",13,10559.49,812.27,0,0.00
1569,"Customer 01569",12,10678.64,889.89,0,0.00
1570,"Customer 01570",8,14201.69,1775.21,0,0.00
1571,"Customer 01571",8,10715.30,1339.41,0,0.00
1572,"Customer 01572",18,17970.20,998.34,2,11.11
1573,"Customer 01573",8,5103.87,637.98,0,0.00
1574,"Customer 01574",14,28217.79,2015.56,1,7.14
1575,"Customer 01575",10,9439.34,943.93,0,0.00
1576,"Customer 01576",5,8606.14,1721.23,0,0.00
1577,"Customer 01577",8,6267.39,783.42,0,0.00
1578,"Customer 01578",10,17222.82,1722.28,0,0.00
1579,"Customer 01579",9,6671.31,741.26,0,0.00
1580,"Customer 01580",5,5941.80,1188.36,1,20.00
1581,"Customer 01581",14,17144.78,1224.63,2,14.29
1582,"Customer 01582",9,9348.69,1038.74,0,0.00
1583,"Customer 01583",9,13174.58,1463.84,0,0.00
1584,"Customer 01584",13,13997.15,1076.70,0,0.00
1585,"Customer 01585",7,9162.57,1308.94,0,0.00
1586,"Customer 01586",17,31614.06,1859.65,1,5.88
1587,"Customer 01587",5,4406.60,881.32,0,0.00
1588,"Customer 01588",9,12847.90,1427.54,0,0.00
1589,"Customer 01589",12,10634.54,886.21,1,8.33
1590,"Customer 01590",11,15667.93,1424.36,0,0.00
1591,"Customer 01591",14,15711.95,1122.28,0,0.00
1592,"Customer 01592",7,11227.49,1603.93,0,0.00
1593,"Customer 01593",10,14990.26,1499.03,0,0.00
1594,"Customer 01594",2,5217.68,2608.84,0,0.00
1595,"Customer 01595",11,11308.87,1028.08,0,0.00
1596,"Customer 01596",15,19379.47,1291.96,0,0.00
1597,"Customer 01597",12,9162.59,763.55,1,8.33
1598,"Customer 01598",8,11383.56,1422.95,1,12.50
1599,"Customer 01599",16,26159.87,1634.99,0,0.00
1600,"Customer 01600",5,4752.05,950.41,0,0.00
1601,"Customer 01601",7,8766.99,1252.43,0,0.00
1602,"Customer 01602",6,7029.57,1171.60,0,0.00
1603,"Customer 01603",14,11028.87,787.78,1,7.14
1604,"Customer 01604",8,9467.99,1183.50,0,0.00
1605,"Customer 01605",9,6636.88,737.43,1,11.11
1606,"Customer 01606",8,9821.97,1227.75,0,0.00
1607,"Customer 01607",9,8452.14,939.13,0,0.00
1608,"Customer 01608",12,10198.09,849.84,2,16.67
1609,"Customer 01609",11,15669.00,1424.45,0,0.00
1610,"Customer 01610",8,5408.14,676.02,1,12.50
1611,"Customer 01611",13,17330.23,1333.09,1,7.69
1612,"Customer 01612",10,9129.62,912.96,0,0.00
1613,"Customer 01613",7,6180.00,882.86,1,14.29
1614,"Customer 01614",8,7159.04,894.88,0,0.00
1615,"Customer 01615",11,11756.60,1068.78,0,0.00
1616,"Customer 01616",9,9226.16,1025.13,0,0.00
1617,"Customer 01617",9,6835.66,759.52,0,0.00
1618,"Customer 01618",6,5689.68,948.28,1,16.67
1619,"Customer 01619",6,11735.10,1955.85,0,0.00
1620,"Customer 01620",14,7965.87,568.99,1,7.14
1621,"Customer 01621",6,4455.71,742.62,0,0.00
1622,"Customer 01622",10,12394.34,1239.43,1,10.00
1623,"Customer 01623",12,17416.32,1451.36,1,8.33
1624,"Customer 01624",9,12367.02,1374.11,0,0.00
1625,"Customer 01625",10,8803.66,880.37,2,20.00
1626,"Customer 01626",13,11667.02,897.46,0,0.00
1627,"Customer 01627",11,9120.40,829.13,0,0.00
1628,"Customer 01628",8,11161.16,1395.15,0,0.00
1629,"Customer 01629",9,7535.70,837.30,0,0.00
1630,"Customer 01630",7,3670.74,524.39,1,14.29
1631,"Customer 01631",7,6370.23,910.03,0,0.00
1632,"Customer 01632",9,16872.68,1874.74,0,0.00
1633,"Customer 01633",9,11662.38,1295.82,1,11.11
1634,"Customer 01634",7,6916.17,988.02,0,0.00
1635,"Customer 01635",17,24078.43,1416.38,1,5.88
1636,"Customer 01636",11,11093.42,1008.49,1,9.09
1637,"Customer 01637",15,12967.07,864.47,0,0.00
1638,"Customer 01638",12,12904.64,1075.39,0,0.00
1639,"Customer 01639",16,24683.18,1542.70,1,6.25
1640,"Customer 01640",12,16678.33,1389.86,0,0.00
1641,"Customer 01641",14,15865.70,1133.26,1,7.14
1642,"Customer 01642",10,10967.33,1096.73,0,0.00
1643,"Customer 01643",11,13524.64,1229.51,0,0.00
1644,"Customer 01644",9,10460.02,1162.22,0,0.00
1645,"Customer 01645",7,2438.31,348.33,1,14.29
1646,"Customer 01646",7,7649.66,1092.81,0,0.00
1647,"Customer 01647",8,9924.01,1240.50,0,0.00
1648,"Customer 01648",7,6271.53,895.93,0,0.00
1649,"Customer 01649",7,11154.82,1593.55,1,14.29
1650,"Customer 01650",14,14781.55,1055.83,0,0.00
1651,"Customer 01651",9,11606.27,1289.59,2,22.22
1652,"Customer 01652",9,14202.21,1578.02,0,0.00
1653,"Customer 01653",5,5673.74,1134.75,0,0.00
1654,"Customer 01654",15,17337.91,1155.86,1,6.67
1655,"Customer 01655",4,2581.65,645.41,0,0.00
1656,"Customer 01656",11,3497.45,317.95,0,0.00
1657,"Customer 01657",8,9132.06,1141.51,0,0.00
1658,"Customer 01658",7,9988.81,1426.97,0,0.00
1659,"Customer 01659",12,22930.40,1910.87,2,16.67
1660,"Customer 01660",8,7862.50,982.81,1,12.50
1661,"Customer 01661",11,12072.63,1097.51,1,9.09
1662,"Customer 01662",8,7744.12,968.02,0,0.00
1663,"Customer 01663",12,10670.53,889.21,0,0.00
1664,"Customer 01664",9,10893.13,1210.35,0,0.00
1665,"Customer 01665",13,12718.50,978.35,1,7.69
1666,"Customer 01666",5,6578.10,1315.62,1,20.00
1667,"Customer 01667",10,12270.20,1227.02,0,0.00
1668,"Customer 01668",8,9937.29,1242.16,1,12.50
1669,"Customer 01669",13,13845.87,1065.07,0,0.00
1670,"Customer 01670",13,18960.15,1458.47,0,0.00
1671,"Customer 01671",13,18571.89,1428.61,0,0.00
1672,"Customer 01672",7,6783.22,969.03,0,0.00
1673,"Customer 01673",6,3294.60,549.10,0,0.00
1674,"Customer 01674",9,7600.11,844.46,1,11.11
1675,"Customer 01675",10,7643.40,764.34,1,10.00
1676,"Customer 01676",19,15784.60,830.77,2,10.53
1677,"Customer 01677",15,15896.43,1059.76,1,6.67
1678,"Customer 01678",12,28114.22,2342.85,1,8.33
1679,"Customer 01679",10,9076.71,907.67,0,0.00
1680,"Customer 01680",10,13127.98,1312.80,0,0.00
1681,"Customer 01681",14,15862.48,1133.03,0,0.00
1682,"Customer 01682",5,8039.49,1607.90,0,0.00
1683,"Customer 01683",13,14118.41,1086.03,1,7.69
1684,"Customer 01684",5,5646.04,1129.21,0,0.00
1685,"Customer 01685",8,12174.38,1521.80,1,12.50
1686,"Customer 01686",9,6444.27,716.03,0,0.00
1687,"Customer 01687",9,15545.63,1727.29,0,0.00
1688,"Customer 01688",14,27844.91,1988.92,0,0.00
1689,"Customer 01689",8,11639.58,1454.95,0,0.00
1690,"Customer 01690",10,10020.69,1002.07,0,0.00
1691,"Customer 01691",12,16856.70,1404.73,0,0.00
1692,"Customer 01692",11,14759.16,1341.74,0,0.00
1693,"Customer 01693",6,5417.88,902.98,0,0.00
1694,"Customer 01694",10,9716.29,971.63,1,10.00
1695,"Customer 01695",7,8059.97,1151.42,3,42.86
1696,"Customer 01696",10,3945.40,394.54,0,0.00
1697,"Customer 01697",12,13388.28,1115.69,0,0.00
1698,"Customer 01698",9,8743.69,971.52,1,11.11
1699,"Customer 01699",11,11563.67,1051.24,1,9.09
1700,"Customer 01700",6,8914.80,1485.80,1,16.67
1701,"Customer 01701",9,10622.09,1180.23,2,22.22
1702,"Customer 01702",8,7685.08,960.64,0,0.00
1703,"Customer 01703",9,5056.11,561.79,0,0.00
1704,"Customer 01704",5,4083.48,816.70,0,0.00
1705,"Customer 01705",10,17643.51,1764.35,1,10.00
1706,"Customer 01706",10,12194.71,1219.47,0,0.00
1707,"Customer 01707",9,12377.38,1375.26,0,0.00
1708,"Customer 01708",7,7976.51,1139.50,0,0.00
1709,"Customer 01709",16,15221.70,951.36,1,6.25
1710,"Customer 01710",7,7761.65,1108.81,0,0.00
1711,"Customer 01711",10,10350.41,1035.04,1,10.00
1712,"Customer 01712",13,11409.05,877.62,0,0.00
1713,"Customer 01713",9,12502.55,1389.17,2,22.22
1714,"Customer 01714",9,6971.95,774.66,1,11.11
1715,"Customer 01715",15,20505.58,1367.04,1,6.67
1716,"Customer 01716",14,17636.60,1259.76,2,14.29
1717,"Customer 01717",11,14593.42,1326.67,0,0.00
1718,"Customer 01718",10,10415.22,1041.52,1,10.00
1719,"Customer 01719",12,15932.87,1327.74,0,0.00
1720,"Customer 01720",9,11507.36,1278.60,0,0.00
1721,"Customer 01721",8,9870.80,1233.85,0,0.00
1722,"Customer 01722",14,15398.65,1099.90,0,0.00
1723,"Customer 01723",9,12216.75,1357.42,0,0.00
1724,"Customer 01724",13,14319.65,1101.51,0,0.00
1725,"Customer 01725",13,13292.89,1022.53,2,15.38
1726,"Customer 01726",7,12170.13,1738.59,0,0.00
1727,"Customer 01727",6,6204.58,1034.10,0,0.00
1728,"Customer 01728",6,9285.35,1547.56,0,0.00
1729,"Customer 01729",12,9933.41,827.78,0,0.00
1730,"Customer 01730",16,19441.53,1215.10,0,0.00
1731,"Customer 01731",5,6210.71,1242.14,0,0.00
1732,"Customer 01732",8,11143.37,1392.92,0,0.00
1733,"Customer 01733",13,12566.38,966.64,0,0.00
1734,"Customer 01734",8,5709.53,713.69,1,12.50
1735,"Customer 01735",11,12793.77,1163.07,0,0.00
1736,"Customer 01736",9,6474.70,719.41,1,11.11
1737,"Customer 01737",9,9690.48,1076.72,1,11.11
1738,"Customer 01738",9,7691.91,854.66,1,11.11
1739,"Customer 01739",5,4101.38,820.28,0,0.00
1740,"Customer 01740",8,6710.71,838.84,1,12.50
1741,"Customer 01741",9,8226.60,914.07,0,0.00
1742,"Customer 01742",14,16631.81,1187.99,1,7.14
1743,"Customer 01743",12,10816.11,901.34,1,8.33
1744,"Customer 01744",15,21221.22,1414.75,0,0.00
1745,"Customer 01745",19,16761.50,882.18,2,10.53
1746,"Customer 01746",8,13398.16,1674.77,0,0.00
1747,"Customer 01747",8,11277.52,1409.69,1,12.50
1748,"Customer 01748",15,22396.77,1493.12,3,20.00
1749,"Customer 01749",18,19074.39,1059.69,0,0.00
1750,"Customer 01750",12,16214.27,1351.19,0,0.00
1751,"Customer 01751",12,10760.71,896.73,1,8.33
1752,"Customer 01752",7,5135.41,733.63,0,0.00
1753,"Customer 01753",7,5728.09,818.30,0,0.00
1754,"Customer 01754",7,6950.50,992.93,0,0.00
1755,"Customer 01755",13,11743.13,903.32,2,15.38
1756,"Customer 01756",14,8228.62,587.76,2,14.29
1757,"Customer 01757",13,16312.88,1254.84,0,0.00
1758,"Customer 01758",17,18493.62,1087.86,0,0.00
1759,"Customer 01759",11,13460.07,1223.64,3,27.27
1760,"Customer 01760",18,18911.90,1050.66,0,0.00
1761,"Customer 01761",13,14376.86,1105.91,1,7.69
1762,"Customer 01762",10,16276.85,1627.69,1,10.00
1763,"Customer 01763",9,15261.38,1695.71,0,0.00
1764,"Customer 01764",10,22910.62,2291.06,1,10.00
1765,"Customer 01765",6,5861.24,976.87,0,0.00
1766,"Customer 01766",14,8971.44,640.82,2,14.29
1767,"Customer 01767",12,14647.93,1220.66,1,8.33
1768,"Customer 01768",9,14457.20,1606.36,2,22.22
1769,"Customer 01769",9,9319.86,1035.54,0,0.00
1770,"Customer 01770",15,18860.12,1257.34,0,0.00
1771,"Customer 01771",5,2724.15,544.83,0,0.00
1772,"Customer 01772",11,15325.91,1393.26,1,9.09
1773,"Customer 01773",11,8234.84,748.62,0,0.00
1774,"Customer 01774",13,14275.85,1098.14,1,7.69
1775,"Customer 01775",8,14520.95,1815.12,1,12.50
1776,"Customer 01776",9,3765.23,418.36,0,0.00
1777,"Customer 01777",15,20631.68,1375.45,1,6.67
1778,"Customer 01778",8,7301.40,912.68,1,12.50
1779,"Customer 01779",14,25688.69,1834.91,1,7.14
1780,"Customer 01780",9,9296.83,1032.98,1,11.11
1781,"Customer 01781",12,9270.12,772.51,2,16.67
1782,"Customer 01782",19,18613.51,979.66,1,5.26
1783,"Customer 01783",9,9453.67,1050.41,0,0.00
1784,"Customer 01784",12,15882.12,1323.51,0,0.00
1785,"Customer 01785",8,8999.18,1124.90,0,0.00
1786,"Customer 01786",12,18720.48,1560.04,1,8.33
1787,"Customer 01787",6,2958.37,493.06,0,0.00
1788,"Customer 01788",7,11889.82,1698.55,0,0.00
1789,"Customer 01789",5,7913.60,1582.72,0,0.00
1790,"Customer 01790",7,9513.93,1359.13,0,0.00
1791,"Customer 01791",7,5786.48,826.64,0,0.00
1792,"Customer 01792",17,24580.76,1445.93,1,5.88
1793,"Customer 01793",12,15993.01,1332.75,1,8.33
1794,"Customer 01794",8,8942.70,1117.84,1,12.50
1795,"Customer 01795",8,5998.23,749.78,1,12.50
1796,"Customer 01796",8,6449.02,806.13,0,0.00
1797,"Customer 01797",7,9210.36,1315.77,1,14.29
1798,"Customer 01798",7,9263.39,1323.34,0,0.00
1799,"Customer 01799",7,7544.00,1077.71,1,14.29
1800,"Customer 01800",9,16227.36,1803.04,0,0.00
1801,"Customer 01801",6,5199.33,866.56,1,16.67
1802,"Customer 01802",20,26774.89,1338.74,0,0.00
1803,"Customer 01803",8,13106.11,1638.26,0,0.00
1804,"Customer 01804",8,6865.68,858.21,0,0.00
1805,"Customer 01805",12,12525.37,1043.78,0,0.00
1806,"Customer 01806",11,14661.03,1332.82,1,9.09
1807,"Customer 01807",12,18956.84,1579.74,0,0.00
1808,"Customer 01808",9,10828.39,1203.15,0,0.00
1809,"Customer 01809",14,11202.40,800.17,0,0.00
1810,"Customer 01810",8,3446.38,430.80,0,0.00
1811,"Customer 01811",10,9015.72,901.57,0,0.00
1812,"Customer 01812",7,11159.60,1594.23,0,0.00
1813,"Customer 01813",7,8252.44,1178.92,1,14.29
1814,"Customer 01814",9,10865.27,1207.25,0,0.00
1815,"Customer 01815",7,9918.57,1416.94,1,14.29
1816,"Customer 01816",14,21347.33,1524.81,1,7.14
1817,"Customer 01817",12,18417.72,1534.81,0,0.00
1818,"Customer 01818",4,3796.72,949.18,0,0.00
1819,"Customer 01819",9,8157.46,906.38,2,22.22
1820,"Customer 01820",7,8049.94,1149.99,1,14.29
1821,"Customer 01821",11,9957.92,905.27,0,0.00
1822,"Customer 01822",13,18502.36,1423.26,1,7.69
1823,"Customer 01823",6,3941.49,656.92,2,33.33
1824,"Customer 01824",14,20317.51,1451.25,2,14.29
1825,"Customer 01825",8,10923.70,1365.46,0,0.00
1826,"Customer 01826",9,10347.39,1149.71,0,0.00
1827,"Customer 01827",13,12538.43,964.49,1,7.69
1828,"Customer 01828",6,7435.68,1239.28,1,16.67
1829,"Customer 01829",6,9651.63,1608.61,1,16.67
1830,"Customer 01830",9,7935.37,881.71,0,0.00
1831,"Customer 01831",13,10926.73,840.52,1,7.69
1832,"Customer 01832",10,18365.40,1836.54,0,0.00
1833,"Customer 01833",13,13360.42,1027.72,2,15.38
1834,"Customer 01834",7,7232.42,1033.20,0,0.00
1835,"Customer 01835",11,12003.62,1091.24,1,9.09
1836,"Customer 01836",20,16222.98,811.15,2,10.00
1837,"Customer 01837",10,12912.52,1291.25,0,0.00
1838,"Customer 01838",8,4454.91,556.86,0,0.00
1839,"Customer 01839",11,20689.61,1880.87,0,0.00
1840,"Customer 01840",15,17495.91,1166.39,0,0.00
1841,"Customer 01841",9,9228.82,1025.42,0,0.00
1842,"Customer 01842",9,11700.03,1300.00,1,11.11
1843,"Customer 01843",8,8754.69,1094.34,0,0.00
1844,"Customer 01844",7,7788.91,1112.70,0,0.00
1845,"Customer 01845",10,7590.52,759.05,0,0.00
1846,"Customer 01846",12,14594.23,1216.19,0,0.00
1847,"Customer 01847",5,7224.43,1444.89,0,0.00
1848,"Customer 01848",5,6197.95,1239.59,0,0.00
1849,"Customer 01849",7,4130.97,590.14,1,14.29
1850,"Customer 01850",15,26109.57,1740.64,2,13.33
1851,"Customer 01851",11,9984.74,907.70,0,0.00
1852,"Customer 01852",6,7024.92,1170.82,0,0.00
1853,"Customer 01853",12,5882.12,490.18,1,8.33
1854,"Customer 01854",10,10208.56,1020.86,0,0.00
1855,"Customer 01855",5,3645.91,729.18,0,0.00
1856,"Customer 01856",12,8809.97,734.16,1,8.33
1857,"Customer 01857",10,14281.96,1428.20,0,0.00
1858,"Customer 01858",6,5801.39,966.90,0,0.00
1859,"Customer 01859",6,5223.60,870.60,0,0.00
1860,"Customer 01860",8,7193.38,899.17,0,0.00
1861,"Customer 01861",8,15621.16,1952.65,1,12.50
1862,"Customer 01862",6,2845.98,474.33,2,33.33
1863,"Customer 01863",8,6545.64,818.21,0,0.00
1864,"Customer 01864",10,19058.18,1905.82,1,10.00
1865,"Customer 01865",8,8306.25,1038.28,2,25.00
1866,"Customer 01866",7,9497.15,1356.74,0,0.00
1867,"Customer 01867",15,25649.88,1709.99,0,0.00
1868,"Customer 01868",11,18760.39,1705.49,0,0.00
1869,"Customer 01869",7,10488.73,1498.39,0,0.00
1870,"Customer 01870",9,22165.04,2462.78,0,0.00
1871,"Customer 01871",7,9899.45,1414.21,2,28.57
1872,"Customer 01872",9,12921.40,1435.71,1,11.11
1873,"Customer 01873",16,16787.63,1049.23,0,0.00
1874,"Customer 01874",9,13975.57,1552.84,0,0.00
1875,"Customer 01875",7,9970.89,1424.41,0,0.00
1876,"Customer 01876",9,6703.28,744.81,1,11.11
1877,"Customer 01877",7,7628.54,1089.79,0,0.00
1878,"Customer 01878",10,17666.55,1766.66,1,10.00
1879,"Customer 01879",4,3357.02,839.26,1,25.00
1880,"Customer 01880",10,10048.97,1004.90,0,0.00
1881,"Customer 01881",9,15363.63,1707.07,0,0.00
1882,"Customer 01882",9,9673.46,1074.83,0,0.00
1883,"Customer 01883",12,7117.78,593.15,0,0.00
1884,"Customer 01884",10,9508.10,950.81,0,0.00
1885,"Customer 01885",16,23950.48,1496.91,0,0.00
1886,"Customer 01886",12,10256.85,854.74,1,8.33
1887,"Customer 01887",18,22502.66,1250.15,2,11.11
1888,"Customer 01888",8,11988.68,1498.59,0,0.00
1889,"Customer 01889",6,2913.22,485.54,0,0.00
1890,"Customer 01890",7,4753.48,679.07,1,14.29
1891,"Customer 01891",12,17199.22,1433.27,1,8.33
1892,"Customer 01892",12,11539.78,961.65,0,0.00
1893,"Customer 01893",12,15676.35,1306.36,0,0.00
1894,"Customer 01894",7,4528.11,646.87,0,0.00
1895,"Customer 01895",9,5977.12,664.12,0,0.00
1896,"Customer 01896",16,14261.46,891.34,1,6.25
1897,"Customer 01897",8,8998.94,1124.87,1,12.50
1898,"Customer 01898",5,6101.90,1220.38,0,0.00
1899,"Customer 01899",6,14987.07,2497.85,0,0.00
1900,"Customer 01900",8,10792.80,1349.10,0,0.00
1901,"Customer 01901",11,8031.75,730.16,1,9.09
1902,"Customer 01902",11,12055.37,1095.94,0,0.00
1903,"Customer 01903",7,12891.97,1841.71,1,14.29
1904,"Customer 01904",8,8183.36,1022.92,1,12.50
1905,"Customer 01905",2,478.82,239.41,0,0.00
1906,"Customer 01906",6,3200.93,533.49,0,0.00
1907,"Customer 01907",8,7622.72,952.84,1,12.50
1908,"Customer 01908",8,16399.20,2049.90,0,0.00
1909,"Customer 01909",15,15617.75,1041.18,1,6.67
1910,"Customer 01910",12,12862.67,1071.89,0,0.00
1911,"Customer 01911",9,11970.55,1330.06,1,11.11
1912,"Customer 01912",6,5856.55,976.09,0,0.00
1913,"Customer 01913",8,7528.77,941.10,0,0.00
1914,"Customer 01914",12,14057.39,1171.45,0,0.00
1915,"Customer 01915",17,15623.74,919.04,0,0.00
1916,"Customer 01916",15,8173.13,544.88,0,0.00
1917,"Customer 01917",11,15544.52,1413.14,2,18.18
1918,"Customer 01918",12,12730.94,1060.91,2,16.67
1919,"Customer 01919",6,9048.11,1508.02,0,0.00
1920,"Customer 01920",9,13886.27,1542.92,0,0.00
1921,"Customer 01921",10,10150.23,1015.02,0,0.00
1922,"Customer 01922",12,19444.73,1620.39,0,0.00
1923,"Customer 01923",13,20151.05,1550.08,1,7.69
1924,"Customer 01924",11,11672.29,1061.12,1,9.09
1925,"Customer 01925",9,10684.99,1187.22,0,0.00
1926,"Customer 01926",10,19726.03,1972.60,1,10.00
1927,"Customer 01927",12,9782.37,815.20,1,8.33
1928,"Customer 01928",10,17747.25,1774.73,0,0.00
1929,"Customer 01929",12,17337.58,1444.80,0,0.00
1930,"Customer 01930",8,4519.87,564.98,0,0.00
1931,"Customer 01931",8,13000.31,1625.04,1,12.50
1932,"Customer 01932",11,8061.28,732.84,1,9.09
1933,"Customer 01933",4,6347.80,1586.95,0,0.00
1934,"Customer 01934",9,19904.77,2211.64,0,0.00
1935,"Customer 01935",9,7187.06,798.56,0,0.00
1936,"Customer 01936",9,6771.31,752.37,0,0.00
1937,"Customer 01937",17,25960.47,1527.09,0,0.00
1938,"Customer 01938",7,8449.82,1207.12,0,0.00
1939,"Customer 01939",7,5852.71,836.10,0,0.00
1940,"Customer 01940",9,13491.97,1499.11,1,11.11
1941,"Customer 01941",13,16434.07,1264.16,0,0.00
1942,"Customer 01942",11,15730.78,1430.07,2,18.18
1943,"Customer 01943",15,21870.56,1458.04,1,6.67
1944,"Customer 01944",7,4411.38,630.20,1,14.29
1945,"Customer 01945",11,7368.81,669.89,3,27.27
1946,"Customer 01946",5,5617.89,1123.58,0,0.00
1947,"Customer 01947",8,6729.37,841.17,1,12.50
1948,"Customer 01948",8,9649.45,1206.18,0,0.00
1949,"Customer 01949",10,6865.37,686.54,0,0.00
1950,"Customer 01950",12,15499.79,1291.65,0,0.00
1951,"Customer 01951",8,9029.65,1128.71,0,0.00
1952,"Customer 01952",12,21027.88,1752.32,1,8.33
1953,"Customer 01953",6,11620.97,1936.83,0,0.00
1954,"Customer 01954",7,9344.11,1334.87,0,0.00
1955,"Customer 01955",13,7995.87,615.07,1,7.69
1956,"Customer 01956",21,14913.74,710.18,0,0.00
1957,"Customer 01957",13,12589.63,968.43,0,0.00
1958,"Customer 01958",9,11277.96,1253.11,0,0.00
1959,"Customer 01959",6,5705.46,950.91,0,0.00
1960,"Customer 01960",9,9267.48,1029.72,1,11.11
1961,"Customer 01961",4,5462.19,1365.55,0,0.00
1962,"Customer 01962",10,5845.64,584.56,0,0.00
1963,"Customer 01963",11,8001.59,727.42,0,0.00
1964,"Customer 01964",9,12296.39,1366.27,1,11.11
1965,"Customer 01965",11,12765.46,1160.50,0,0.00
1966,"Customer 01966",13,11958.13,919.86,0,0.00
1967,"Customer 01967",8,9517.70,1189.71,1,12.50
1968,"Customer 01968",8,4700.91,587.61,0,0.00
1969,"Customer 01969",6,4830.68,805.11,1,16.67
1970,"Customer 01970",15,10955.08,730.34,0,0.00
1971,"Customer 01971",9,6570.07,730.01,0,0.00
1972,"Customer 01972",10,10573.57,1057.36,0,0.00
1973,"Customer 01973",12,15365.13,1280.43,1,8.33
1974,"Customer 01974",9,9791.92,1087.99,0,0.00
1975,"Customer 01975",10,7920.71,792.07,1,10.00
1976,"Customer 01976",8,11031.75,1378.97,0,0.00
1977,"Customer 01977",12,11726.01,977.17,1,8.33
1978,"Customer 01978",11,9660.53,878.23,1,9.09
1979,"Customer 01979",12,9033.47,752.79,1,8.33
1980,"Customer 01980",4,2756.24,689.06,0,0.00
1981,"Customer 01981",13,18909.22,1454.56,1,7.69
1982,"Customer 01982",13,18028.94,1386.84,1,7.69
1983,"Customer 01983",11,4725.92,429.63,1,9.09
1984,"Customer 01984",15,14559.74,970.65,0,0.00
1985,"Customer 01985",14,18739.42,1338.53,0,0.00
1986,"Customer 01986",12,21733.80,1811.15,1,8.33
1987,"Customer 01987",6,4876.21,812.70,0,0.00
1988,"Customer 01988",12,16177.16,1348.10,0,0.00
1989,"Customer 01989",9,8850.70,983.41,0,0.00
1990,"Customer 01990",13,15169.45,1166.88,0,0.00
1991,"Customer 01991",17,11930.09,701.77,1,5.88
1992,"Customer 01992",9,11894.78,1321.64,1,11.11
1993,"Customer 01993",11,13133.50,1193.95,1,9.09
1994,"Customer 01994",10,10943.33,1094.33,1,10.00
1995,"Customer 01995",8,9678.04,1209.76,0,0.00
1996,"Customer 01996",8,7150.52,893.82,1,12.50
1997,"Customer 01997",12,11111.40,925.95,0,0.00
1998,"Customer 01998",9,11157.11,1239.68,0,0.00
1999,"Customer 01999",10,8767.60,876.76,0,0.00
2000,"Customer 02000",8,4565.07,570.63,0,0.00
2001,"Customer 02001",13,21144.14,1626.47,0,0.00
2002,"Customer 02002",11,9579.30,870.85,0,0.00
2003,"Customer 02003",7,7190.80,1027.26,0,0.00
2004,"Customer 02004",11,21246.88,1931.53,0,0.00
2005,"Customer 02005",8,8067.88,1008.49,0,0.00
2006,"Customer 02006",10,14110.63,1411.06,1,10.00
2007,"Customer 02007",12,15090.54,1257.55,1,8.33
2008,"Customer 02008",12,9742.37,811.86,0,0.00
2009,"Customer 02009",17,25187.55,1481.62,0,0.00
2010,"Customer 02010",15,25644.30,1709.62,1,6.67
2011,"Customer 02011",10,8360.93,836.09,0,0.00
2012,"Customer 02012",14,16888.81,1206.34,0,0.00
2013,"Customer 02013",14,25005.29,1786.09,0,0.00
2014,"Customer 02014",12,16211.32,1350.94,0,0.00
2015,"Customer 02015",2,679.38,339.69,0,0.00
2016,"Customer 02016",10,15526.81,1552.68,0,0.00
2017,"Customer 02017",13,12021.11,924.70,2,15.38
2018,"Customer 02018",4,2245.02,561.26,0,0.00
2019,"Customer 02019",9,13658.79,1517.64,0,0.00
2020,"Customer 02020",10,12589.11,1258.91,1,10.00
2021,"Customer 02021",8,20311.36,2538.92,0,0.00
2022,"Customer 02022",6,3735.92,622.65,1,16.67
2023,"Customer 02023",8,5635.70,704.46,0,0.00
2024,"Customer 02024",4,4868.00,1217.00,0,0.00
2025,"Customer 02025",13,12542.81,964.83,0,0.00
2026,"Customer 02026",8,6985.18,873.15,2,25.00
2027,"Customer 02027",10,5709.37,570.94,1,10.00
2028,"Customer 02028",9,14590.23,1621.14,1,11.11
2029,"Customer 02029",14,15849.19,1132.09,0,0.00
2030,"Customer 02030",12,13395.99,1116.33,0,0.00
2031,"Customer 02031",16,24211.69,1513.23,2,12.50
2032,"Customer 02032",8,10966.20,1370.78,0,0.00
2033,"Customer 02033",8,7937.07,992.13,1,12.50
2034,"Customer 02034",6,5956.69,992.78,0,0.00
2035,"Customer 02035",10,9348.18,934.82,1,10.00
2036,"Customer 02036",8,11844.63,1480.58,0,0.00
2037,"Customer 02037",15,27081.20,1805.41,1,6.67
2038,"Customer 02038",14,23304.71,1664.62,1,7.14
2039,"Customer 02039",24,25647.19,1068.63,1,4.17
2040,"Customer 02040",11,7342.22,667.47,0,0.00
2041,"Customer 02041",8,12031.82,1503.98,0,0.00
2042,"Customer 02042",12,13647.47,1137.29,0,0.00
2043,"Customer 02043",11,12573.93,1143.08,0,0.00
2044,"Customer 02044",8,5965.22,745.65,0,0.00
2045,"Customer 02045",13,11799.65,907.67,0,0.00
2046,"Customer 02046",14,22098.42,1578.46,0,0.00
2047,"Customer 02047",11,16255.62,1477.78,1,9.09
2048,"Customer 02048",8,16845.89,2105.74,0,0.00
2049,"Customer 02049",13,11488.58,883.74,1,7.69
2050,"Customer 02050",13,19978.03,1536.77,2,15.38
2051,"Customer 02051",9,13699.67,1522.19,0,0.00
2052,"Customer 02052",16,22822.22,1426.39,2,12.50
2053,"Customer 02053",10,13559.22,1355.92,0,0.00
2054,"Customer 02054",17,20806.75,1223.93,1,5.88
2055,"Customer 02055",9,5168.67,574.30,2,22.22
2056,"Customer 02056",12,20657.67,1721.47,0,0.00
2057,"Customer 02057",14,13155.12,939.65,2,14.29
2058,"Customer 02058",9,8512.27,945.81,0,0.00
2059,"Customer 02059",9,11006.83,1222.98,0,0.00
2060,"Customer 02060",14,17061.14,1218.65,1,7.14
2061,"Customer 02061",9,4240.19,471.13,0,0.00
2062,"Customer 02062",10,8299.79,829.98,1,10.00
2063,"Customer 02063",10,7916.74,791.67,2,20.00
2064,"Customer 02064",10,11187.70,1118.77,0,0.00
2065,"Customer 02065",12,20718.29,1726.52,0,0.00
2066,"Customer 02066",5,2601.67,520.33,0,0.00
2067,"Customer 02067",13,6455.12,496.55,0,0.00
2068,"Customer 02068",13,12024.45,924.96,2,15.38
2069,"Customer 02069",11,12743.05,1158.46,0,0.00
2070,"Customer 02070",7,4400.70,628.67,1,14.29
2071,"Customer 02071",5,6758.33,1351.67,0,0.00
2072,"Customer 02072",13,15715.06,1208.85,2,15.38
2073,"Customer 02073",7,7148.59,1021.23,0,0.00
2074,"Customer 02074",9,8137.48,904.16,1,11.11
2075,"Customer 02075",12,14466.46,1205.54,0,0.00
2076,"Customer 02076",6,6005.06,1000.84,1,16.67
2077,"Customer 02077",13,10854.20,834.94,0,0.00
2078,"Customer 02078",8,13675.32,1709.42,0,0.00
2079,"Customer 02079",6,5957.77,992.96,0,0.00
2080,"Customer 02080",8,9499.78,1187.47,0,0.00
2081,"Customer 02081",15,16041.71,1069.45,1,6.67
2082,"Customer 02082",12,22065.26,1838.77,1,8.33
2083,"Customer 02083",14,14550.48,1039.32,0,0.00
2084,"Customer 02084",10,7829.62,782.96,0,0.00
2085,"Customer 02085",6,4567.33,761.22,0,0.00
2086,"Customer 02086",11,14222.66,1292.97,0,0.00
2087,"Customer 02087",16,20290.50,1268.16,1,6.25
2088,"Customer 02088",19,31219.02,1643.11,0,0.00
2089,"Customer 02089",9,9371.70,1041.30,0,0.00
2090,"Customer 02090",9,6226.97,691.89,0,0.00
2091,"Customer 02091",8,10382.45,1297.81,0,0.00
2092,"Customer 02092",4,2355.96,588.99,0,0.00
2093,"Customer 02093",14,15203.66,1085.98,0,0.00
2094,"Customer 02094",8,8074.98,1009.37,0,0.00
2095,"Customer 02095",16,22151.59,1384.47,0,0.00
2096,"Customer 02096",14,22191.74,1585.12,1,7.14
2097,"Customer 02097",14,16176.34,1155.45,1,7.14
2098,"Customer 02098",17,26748.92,1573.47,2,11.76
2099,"Customer 02099",9,7124.43,791.60,0,0.00
2100,"Customer 02100",12,6943.57,578.63,0,0.00
2101,"Customer 02101",8,9096.93,1137.12,0,0.00
2102,"Customer 02102",6,4563.92,760.65,1,16.67
2103,"Customer 02103",21,16620.58,791.46,4,19.05
2104,"Customer 02104",14,15579.23,1112.80,0,0.00
2105,"Customer 02105",9,15450.51,1716.72,0,0.00
2106,"Customer 02106",10,4861.09,486.11,0,0.00
2107,"Customer 02107",13,11634.02,894.92,0,0.00
2108,"Customer 02108",16,22740.35,1421.27,1,6.25
2109,"Customer 02109",6,7422.04,1237.01,0,0.00
2110,"Customer 02110",11,15041.10,1367.37,0,0.00
2111,"Customer 02111",9,5567.42,618.60,2,22.22
2112,"Customer 02112",7,8078.65,1154.09,1,14.29
2113,"Customer 02113",9,18304.01,2033.78,1,11.11
2114,"Customer 02114",7,6318.75,902.68,0,0.00
2115,"Customer 02115",8,6135.90,766.99,0,0.00
2116,"Customer 02116",9,15421.69,1713.52,1,11.11
2117,"Customer 02117",10,9840.98,984.10,0,0.00
2118,"Customer 02118",9,9769.92,1085.55,0,0.00
2119,"Customer 02119",9,18021.02,2002.34,2,22.22
2120,"Customer 02120",8,6910.47,863.81,0,0.00
2121,"Customer 02121",10,13309.59,1330.96,0,0.00
2122,"Customer 02122",12,12250.91,1020.91,2,16.67
2123,"Customer 02123",6,5984.22,997.37,0,0.00
2124,"Customer 02124",10,6950.94,695.09,0,0.00
2125,"Customer 02125",9,10202.15,1133.57,1,11.11
2126,"Customer 02126",11,13032.30,1184.75,1,9.09
2127,"Customer 02127",4,3753.00,938.25,0,0.00
2128,"Customer 02128",15,16546.96,1103.13,0,0.00
2129,"Customer 02129",12,20132.29,1677.69,2,16.67
2130,"Customer 02130",13,8664.78,666.52,0,0.00
2131,"Customer 02131",5,8974.78,1794.96,0,0.00
2132,"Customer 02132",9,6108.45,678.72,0,0.00
2133,"Customer 02133",7,13278.72,1896.96,0,0.00
2134,"Customer 02134",12,11206.88,933.91,1,8.33
2135,"Customer 02135",10,17116.19,1711.62,1,10.00
2136,"Customer 02136",8,7749.71,968.71,1,12.50
2137,"Customer 02137",8,7974.47,996.81,1,12.50
2138,"Customer 02138",4,10024.96,2506.24,0,0.00
2139,"Customer 02139",9,9611.44,1067.94,0,0.00
2140,"Customer 02140",10,7250.80,725.08,1,10.00
2141,"Customer 02141",6,7183.52,1197.25,0,0.00
2142,"Customer 02142",8,7605.68,950.71,1,12.50
2143,"Customer 02143",8,13576.60,1697.08,1,12.50
2144,"Customer 02144",7,4738.04,676.86,1,14.29
2145,"Customer 02145",8,8476.01,1059.50,0,0.00
2146,"Customer 02146",7,10957.96,1565.42,0,0.00
2147,"Customer 02147",13,6066.14,466.63,0,0.00
2148,"Customer 02148",12,11016.98,918.08,0,0.00
2149,"Customer 02149",8,6295.72,786.97,0,0.00
2150,"Customer 02150",11,7380.09,670.92,1,9.09
2151,"Customer 02151",12,13453.58,1121.13,1,8.33
2152,"Customer 02152",13,8555.84,658.14,0,0.00
2153,"Customer 02153",10,9599.94,959.99,0,0.00
2154,"Customer 02154",17,24922.39,1466.02,1,5.88
2155,"Customer 02155",10,15744.05,1574.41,0,0.00
2156,"Customer 02156",8,4446.08,555.76,0,0.00
2157,"Customer 02157",8,9778.57,1222.32,0,0.00
2158,"Customer 02158",10,10027.35,1002.74,1,10.00
2159,"Customer 02159",8,6347.24,793.41,0,0.00
2160,"Customer 02160",14,17935.35,1281.10,3,21.43
2161,"Customer 02161",12,12918.41,1076.53,1,8.33
2162,"Customer 02162",9,11785.48,1309.50,1,11.11
2163,"Customer 02163",7,8121.51,1160.22,0,0.00
2164,"Customer 02164",12,15967.67,1330.64,0,0.00
2165,"Customer 02165",5,5926.49,1185.30,0,0.00
2166,"Customer 02166",12,12160.76,1013.40,0,0.00
2167,"Customer 02167",5,5293.99,1058.80,1,20.00
2168,"Customer 02168",14,18913.93,1351.00,2,14.29
2169,"Customer 02169",8,12067.63,1508.45,0,0.00
2170,"Customer 02170",4,6112.31,1528.08,0,0.00
2171,"Customer 02171",7,8843.31,1263.33,0,0.00
2172,"Customer 02172",10,16034.20,1603.42,0,0.00
2173,"Customer 02173",9,10045.08,1116.12,0,0.00
2174,"Customer 02174",4,4431.13,1107.78,0,0.00
2175,"Customer 02175",7,9634.25,1376.32,0,0.00
2176,"Customer 02176",7,8671.47,1238.78,1,14.29
2177,"Customer 02177",6,4332.89,722.15,0,0.00
2178,"Customer 02178",4,3443.42,860.86,0,0.00
2179,"Customer 02179",9,16418.76,1824.31,2,22.22
2180,"Customer 02180",10,23964.58,2396.46,0,0.00
2181,"Customer 02181",9,12854.71,1428.30,2,22.22
2182,"Customer 02182",10,11012.53,1101.25,0,0.00
2183,"Customer 02183",14,14035.74,1002.55,1,7.14
2184,"Customer 02184",12,12627.81,1052.32,1,8.33
2185,"Customer 02185",8,8951.11,1118.89,1,12.50
2186,"Customer 02186",6,9255.80,1542.63,0,0.00
2187,"Customer 02187",13,8519.88,655.38,2,15.38
2188,"Customer 02188",13,11659.11,896.85,0,0.00
2189,"Customer 02189",8,8859.56,1107.45,0,0.00
2190,"Customer 02190",10,10800.00,1080.00,1,10.00
2191,"Customer 02191",8,6339.18,792.40,2,25.00
2192,"Customer 02192",6,4362.37,727.06,0,0.00
2193,"Customer 02193",9,7700.16,855.57,1,11.11
2194,"Customer 02194",10,6056.09,605.61,0,0.00
2195,"Customer 02195",9,4740.59,526.73,1,11.11
2196,"Customer 02196",13,12126.29,932.79,0,0.00
2197,"Customer 02197",8,8376.96,1047.12,1,12.50
2198,"Customer 02198",14,17956.34,1282.60,0,0.00
2199,"Customer 02199",5,7599.11,1519.82,0,0.00
2200,"Customer 02200",9,8391.97,932.44,0,0.00
2201,"Customer 02201",12,14256.93,1188.08,1,8.33
2202,"Customer 02202",5,11306.95,2261.39,2,40.00
2203,"Customer 02203",14,25263.79,1804.56,2,14.29
2204,"Customer 02204",11,18816.53,1710.59,1,9.09
2205,"Customer 02205",7,15506.30,2215.19,1,14.29
2206,"Customer 02206",10,8854.68,885.47,0,0.00
2207,"Customer 02207",8,7993.86,999.23,1,12.50
2208,"Customer 02208",7,7526.59,1075.23,0,0.00
2209,"Customer 02209",9,9095.53,1010.61,0,0.00
2210,"Customer 02210",13,14719.32,1132.26,2,15.38
2211,"Customer 02211",19,20193.27,1062.80,1,5.26
2212,"Customer 02212",12,13979.90,1164.99,0,0.00
2213,"Customer 02213",9,10816.64,1201.85,0,0.00
2214,"Customer 02214",1,527.00,527.00,0,0.00
2215,"Customer 02215",6,5731.33,955.22,0,0.00
2216,"Customer 02216",10,13272.91,1327.29,1,10.00
2217,"Customer 02217",7,8270.75,1181.54,1,14.29
2218,"Customer 02218",14,14543.45,1038.82,1,7.14
2219,"Customer 02219",9,9073.24,1008.14,1,11.11
2220,"Customer 02220",11,19908.74,1809.89,0,0.00
2221,"Customer 02221",15,16628.50,1108.57,1,6.67
2222,"Customer 02222",7,12432.06,1776.01,0,0.00
2223,"Customer 02223",8,10037.36,1254.67,1,12.50
2224,"Customer 02224",7,6665.62,952.23,0,0.00
2225,"Customer 02225",12,14072.96,1172.75,0,0.00
2226,"Customer 02226",5,7652.26,1530.45,1,20.00
2227,"Customer 02227",9,6739.96,748.88,0,0.00
2228,"Customer 02228",10,9187.53,918.75,0,0.00
2229,"Customer 02229",5,9398.63,1879.73,0,0.00
2230,"Customer 02230",13,13747.24,1057.48,1,7.69
2231,"Customer 02231",9,16187.61,1798.62,1,11.11
2232,"Customer 02232",16,23597.67,1474.85,0,0.00
2233,"Customer 02233",8,9843.18,1230.40,1,12.50
2234,"Customer 02234",9,12250.12,1361.12,0,0.00
2235,"Customer 02235",10,6849.82,684.98,0,0.00
2236,"Customer 02236",12,10637.46,886.46,0,0.00
2237,"Customer 02237",13,16876.26,1298.17,0,0.00
2238,"Customer 02238",7,5602.84,800.41,1,14.29
2239,"Customer 02239",14,26916.64,1922.62,1,7.14
2240,"Customer 02240",9,13689.70,1521.08,0,0.00
2241,"Customer 02241",11,15014.36,1364.94,0,0.00
2242,"Customer 02242",6,13478.84,2246.47,0,0.00
2243,"Customer 02243",12,13015.90,1084.66,0,0.00
2244,"Customer 02244",10,8068.08,806.81,1,10.00
2245,"Customer 02245",13,10027.08,771.31,2,15.38
2246,"Customer 02246",5,9041.34,1808.27,0,0.00
2247,"Customer 02247",9,5839.50,648.83,1,11.11
2248,"Customer 02248",11,14799.33,1345.39,0,0.00
2249,"Customer 02249",12,14381.63,1198.47,0,0.00
2250,"Customer 02250",13,16724.45,1286.50,0,0.00
2251,"Customer 02251",12,17623.11,1468.59,1,8.33
2252,"Customer 02252",9,8456.09,939.57,1,11.11
2253,"Customer 02253",12,14928.10,1244.01,0,0.00
2254,"Customer 02254",11,12625.08,1147.73,0,0.00
2255,"Customer 02255",9,11259.87,1251.10,0,0.00
2256,"Customer 02256",12,14571.87,1214.32,0,0.00
2257,"Customer 02257",16,21045.15,1315.32,0,0.00
2258,"Customer 02258",15,22914.43,1527.63,1,6.67
2259,"Customer 02259",11,11696.16,1063.29,0,0.00
2260,"Customer 02260",14,12095.43,863.96,1,7.14
2261,"Customer 02261",7,5805.74,829.39,1,14.29
2262,"Customer 02262",10,12476.68,1247.67,0,0.00
2263,"Customer 02263",6,3313.57,552.26,0,0.00
2264,"Customer 02264",7,5875.68,839.38,0,0.00
2265,"Customer 02265",6,3198.21,533.04,0,0.00
2266,"Customer 02266",12,10979.98,915.00,0,0.00
2267,"Customer 02267",10,7547.69,754.77,0,0.00
2268,"Customer 02268",16,20169.04,1260.57,0,0.00
2269,"Customer 02269",9,5665.99,629.55,2,22.22
2270,"Customer 02270",12,24905.50,2075.46,0,0.00
2271,"Customer 02271",8,9916.86,1239.61,0,0.00
2272,"Customer 02272",10,18357.38,1835.74,0,0.00
2273,"Customer 02273",10,15048.58,1504.86,2,20.00
2274,"Customer 02274",13,10941.07,841.62,1,7.69
2275,"Customer 02275",11,15169.27,1379.02,0,0.00
2276,"Customer 02276",6,4680.28,780.05,0,0.00
2277,"Customer 02277",10,7685.05,768.51,1,10.00
2278,"Customer 02278",8,8590.54,1073.82,1,12.50
2279,"Customer 02279",13,22029.92,1694.61,0,0.00
2280,"Customer 02280",8,7798.21,974.78,1,12.50
2281,"Customer 02281",13,16067.66,1235.97,1,7.69
2282,"Customer 02282",17,21112.27,1241.90,0,0.00
2283,"Customer 02283",13,6857.94,527.53,1,7.69
2284,"Customer 02284",8,11091.62,1386.45,0,0.00
2285,"Customer 02285",10,21489.98,2149.00,0,0.00
2286,"Customer 02286",9,6506.97,723.00,0,0.00
2287,"Customer 02287",11,8587.31,780.66,0,0.00
2288,"Customer 02288",5,5769.88,1153.98,0,0.00
2289,"Customer 02289",8,6503.20,812.90,1,12.50
2290,"Customer 02290",9,8802.21,978.02,2,22.22
2291,"Customer 02291",9,10600.13,1177.79,2,22.22
2292,"Customer 02292",8,7481.12,935.14,1,12.50
2293,"Customer 02293",12,9000.52,750.04,2,16.67
2294,"Customer 02294",8,14280.56,1785.07,0,0.00
2295,"Customer 02295",10,15542.42,1554.24,2,20.00
2296,"Customer 02296",10,8422.41,842.24,0,0.00
2297,"Customer 02297",6,7559.58,1259.93,0,0.00
2298,"Customer 02298",12,19506.45,1625.54,0,0.00
2299,"Customer 02299",8,14581.35,1822.67,0,0.00
2300,"Customer 02300",8,6473.87,809.23,2,25.00
2301,"Customer 02301",5,6067.14,1213.43,0,0.00
2302,"Customer 02302",6,8024.58,1337.43,0,0.00
2303,"Customer 02303",14,16173.70,1155.26,0,0.00
2304,"Customer 02304",2,4760.79,2380.40,0,0.00
2305,"Customer 02305",9,10512.99,1168.11,1,11.11
2306,"Customer 02306",7,8097.87,1156.84,0,0.00
2307,"Customer 02307",10,13205.58,1320.56,0,0.00
2308,"Customer 02308",13,11688.42,899.11,1,7.69
2309,"Customer 02309",14,18673.97,1333.86,0,0.00
2310,"Customer 02310",9,10499.94,1166.66,0,0.00
2311,"Customer 02311",11,9731.38,884.67,0,0.00
2312,"Customer 02312",8,8298.81,1037.35,0,0.00
2313,"Customer 02313",12,10297.00,858.08,2,16.67
2314,"Customer 02314",7,11718.20,1674.03,0,0.00
2315,"Customer 02315",12,19525.63,1627.14,0,0.00
2316,"Customer 02316",9,8997.62,999.74,0,0.00
2317,"Customer 02317",9,5319.26,591.03,0,0.00
2318,"Customer 02318",6,2498.46,416.41,2,33.33
2319,"Customer 02319",11,9229.31,839.03,0,0.00
2320,"Customer 02320",10,10767.25,1076.73,0,0.00
2321,"Customer 02321",7,5525.77,789.40,0,0.00
2322,"Customer 02322",8,5493.27,686.66,1,12.50
2323,"Customer 02323",12,15449.39,1287.45,1,8.33
2324,"Customer 02324",11,15011.99,1364.73,1,9.09
2325,"Customer 02325",9,8618.62,957.62,1,11.11
2326,"Customer 02326",7,7973.49,1139.07,0,0.00
2327,"Customer 02327",13,12832.52,987.12,1,7.69
2328,"Customer 02328",9,13261.26,1473.47,2,22.22
2329,"Customer 02329",10,10158.46,1015.85,0,0.00
2330,"Customer 02330",7,4727.36,675.34,0,0.00
2331,"Customer 02331",5,5427.33,1085.47,1,20.00
2332,"Customer 02332",10,12492.23,1249.22,0,0.00
2333,"Customer 02333",15,18949.67,1263.31,0,0.00
2334,"Customer 02334",8,6332.89,791.61,0,0.00
2335,"Customer 02335",10,9908.87,990.89,1,10.00
2336,"Customer 02336",5,5287.24,1057.45,0,0.00
2337,"Customer 02337",9,19700.16,2188.91,2,22.22
2338,"Customer 02338",9,10914.97,1212.77,0,0.00
2339,"Customer 02339",7,5576.30,796.61,0,0.00
2340,"Customer 02340",8,7605.18,950.65,0,0.00
2341,"Customer 02341",13,18882.59,1452.51,0,0.00
2342,"Customer 02342",13,12973.53,997.96,0,0.00
2343,"Customer 02343",11,14748.29,1340.75,0,0.00
2344,"Customer 02344",10,17689.43,1768.94,0,0.00
2345,"Customer 02345",10,6922.71,692.27,0,0.00
2346,"Customer 02346",7,5807.04,829.58,0,0.00
2347,"Customer 02347",10,11614.07,1161.41,0,0.00
2348,"Customer 02348",5,3873.88,774.78,0,0.00
2349,"Customer 02349",13,9611.60,739.35,1,7.69
2350,"Customer 02350",14,19161.94,1368.71,0,0.00
2351,"Customer 02351",4,7058.77,1764.69,1,25.00
2352,"Customer 02352",10,13438.98,1343.90,0,0.00
2353,"Customer 02353",13,14401.71,1107.82,0,0.00
2354,"Customer 02354",7,8524.35,1217.76,0,0.00
2355,"Customer 02355",8,7414.37,926.80,0,0.00
2356,"Customer 02356",14,12284.69,877.48,1,7.14
2357,"Customer 02357",8,6876.74,859.59,0,0.00
2358,"Customer 02358",10,11897.46,1189.75,1,10.00
2359,"Customer 02359",7,2210.19,315.74,0,0.00
2360,"Customer 02360",6,5621.80,936.97,2,33.33
2361,"Customer 02361",7,8965.41,1280.77,0,0.00
2362,"Customer 02362",10,12774.99,1277.50,1,10.00
2363,"Customer 02363",9,12827.44,1425.27,1,11.11
2364,"Customer 02364",10,8467.57,846.76,0,0.00
2365,"Customer 02365",11,5298.77,481.71,0,0.00
2366,"Customer 02366",10,13821.94,1382.19,1,10.00
2367,"Customer 02367",9,20739.16,2304.35,1,11.11
2368,"Customer 02368",10,9632.19,963.22,1,10.00
2369,"Customer 02369",11,9841.36,894.67,1,9.09
2370,"Customer 02370",6,2980.57,496.76,0,0.00
2371,"Customer 02371",9,12271.89,1363.54,1,11.11
2372,"Customer 02372",9,6482.23,720.25,1,11.11
2373,"Customer 02373",10,10687.60,1068.76,0,0.00
2374,"Customer 02374",10,9827.19,982.72,0,0.00
2375,"Customer 02375",10,8641.65,864.17,0,0.00
2376,"Customer 02376",9,7474.10,830.46,1,11.11
2377,"Customer 02377",9,7555.68,839.52,0,0.00
2378,"Customer 02378",13,12860.85,989.30,1,7.69
2379,"Customer 02379",12,12706.20,1058.85,0,0.00
2380,"Customer 02380",9,3769.25,418.81,0,0.00
2381,"Customer 02381",6,6401.88,1066.98,0,0.00
2382,"Customer 02382",7,4626.66,660.95,0,0.00
2383,"Customer 02383",11,12869.77,1169.98,0,0.00
2384,"Customer 02384",11,11828.74,1075.34,0,0.00
2385,"Customer 02385",8,5392.86,674.11,0,0.00
2386,"Customer 02386",11,9292.70,844.79,0,0.00
2387,"Customer 02387",10,11698.19,1169.82,1,10.00
2388,"Customer 02388",10,13318.41,1331.84,1,10.00
2389,"Customer 02389",16,24997.67,1562.35,1,6.25
2390,"Customer 02390",8,3040.22,380.03,0,0.00
2391,"Customer 02391",12,16367.90,1363.99,1,8.33
2392,"Customer 02392",7,2990.17,427.17,0,0.00
2393,"Customer 02393",11,9158.12,832.56,0,0.00
2394,"Customer 02394",10,8354.35,835.44,0,0.00
2395,"Customer 02395",10,10290.93,1029.09,0,0.00
2396,"Customer 02396",9,6109.67,678.85,0,0.00
2397,"Customer 02397",7,5523.66,789.09,0,0.00
2398,"Customer 02398",14,16095.10,1149.65,0,0.00
2399,"Customer 02399",12,18678.93,1556.58,2,16.67
2400,"Customer 02400",6,8161.03,1360.17,1,16.67
2401,"Customer 02401",14,21575.96,1541.14,3,21.43
2402,"Customer 02402",11,26297.39,2390.67,0,0.00
2403,"Customer 02403",8,5462.75,682.84,0,0.00
2404,"Customer 02404",6,6034.07,1005.68,0,0.00
2405,"Customer 02405",13,17112.50,1316.35,0,0.00
2406,"Customer 02406",9,16209.42,1801.05,0,0.00
2407,"Customer 02407",8,7879.26,984.91,0,0.00
2408,"Customer 02408",10,6096.75,609.68,0,0.00
2409,"Customer 02409",17,22250.61,1308.86,1,5.88
2410,"Customer 02410",6,8640.37,1440.06,0,0.00
2411,"Customer 02411",15,9987.54,665.84,0,0.00
2412,"Customer 02412",6,5947.68,991.28,0,0.00
2413,"Customer 02413",14,14730.95,1052.21,3,21.43
2414,"Customer 02414",11,25999.60,2363.60,1,9.09
2415,"Customer 02415",9,8650.45,961.16,0,0.00
2416,"Customer 02416",6,4957.02,826.17,0,0.00
2417,"Customer 02417",4,2896.32,724.08,0,0.00
2418,"Customer 02418",15,13796.69,919.78,2,13.33
2419,"Customer 02419",10,7740.06,774.01,1,10.00
2420,"Customer 02420",10,22162.03,2216.20,0,0.00
2421,"Customer 02421",9,7697.72,855.30,0,0.00
2422,"Customer 02422",7,7152.32,1021.76,0,0.00
2423,"Customer 02423",10,9921.12,992.11,0,0.00
2424,"Customer 02424",5,5180.31,1036.06,0,0.00
2425,"Customer 02425",8,6218.26,777.28,1,12.50
2426,"Customer 02426",4,1345.06,336.27,1,25.00
2427,"Customer 02427",7,6543.67,934.81,1,14.29
2428,"Customer 02428",9,9060.89,1006.77,0,0.00
2429,"Customer 02429",11,8976.25,816.02,1,9.09
2430,"Customer 02430",5,7660.55,1532.11,3,60.00
2431,"Customer 02431",11,11354.35,1032.21,0,0.00
2432,"Customer 02432",11,8905.68,809.61,1,9.09
2433,"Customer 02433",12,20380.05,1698.34,0,0.00
2434,"Customer 02434",15,21480.24,1432.02,2,13.33
2435,"Customer 02435",10,11805.44,1180.54,2,20.00
2436,"Customer 02436",14,18835.31,1345.38,0,0.00
2437,"Customer 02437",8,15035.90,1879.49,0,0.00
2438,"Customer 02438",12,17666.20,1472.18,0,0.00
2439,"Customer 02439",14,14724.34,1051.74,0,0.00
2440,"Customer 02440",8,11000.28,1375.04,0,0.00
2441,"Customer 02441",4,3298.37,824.59,0,0.00
2442,"Customer 02442",7,4460.66,637.24,2,28.57
2443,"Customer 02443",9,13634.30,1514.92,0,0.00
2444,"Customer 02444",13,11329.25,871.48,1,7.69
2445,"Customer 02445",7,7190.31,1027.19,0,0.00
2446,"Customer 02446",9,7294.30,810.48,0,0.00
2447,"Customer 02447",12,10032.19,836.02,1,8.33
2448,"Customer 02448",9,12138.77,1348.75,0,0.00
2449,"Customer 02449",11,14784.95,1344.09,0,0.00
2450,"Customer 02450",7,5556.04,793.72,0,0.00
2451,"Customer 02451",7,6583.37,940.48,0,0.00
2452,"Customer 02452",11,10534.21,957.66,1,9.09
2453,"Customer 02453",7,3517.94,502.56,0,0.00
2454,"Customer 02454",5,3313.69,662.74,0,0.00
2455,"Customer 02455",7,5838.72,834.10,0,0.00
2456,"Customer 02456",9,6913.46,768.16,1,11.11
2457,"Customer 02457",13,11866.63,912.82,1,7.69
2458,"Customer 02458",12,17566.88,1463.91,1,8.33
2459,"Customer 02459",11,13222.43,1202.04,2,18.18
2460,"Customer 02460",16,22074.40,1379.65,2,12.50
2461,"Customer 02461",10,13391.74,1339.17,1,10.00
2462,"Customer 02462",6,4396.39,732.73,0,0.00
2463,"Customer 02463",14,17901.98,1278.71,2,14.29
2464,"Customer 02464",9,7274.75,808.31,1,11.11
2465,"Customer 02465",6,13928.44,2321.41,0,0.00
2466,"Customer 02466",7,9819.29,1402.76,0,0.00
2467,"Customer 02467",9,9768.99,1085.44,0,0.00
2468,"Customer 02468",7,15581.04,2225.86,0,0.00
2469,"Customer 02469",10,16606.70,1660.67,0,0.00
2470,"Customer 02470",10,14104.16,1410.42,0,0.00
2471,"Customer 02471",11,6535.50,594.14,0,0.00
2472,"Customer 02472",9,22364.81,2484.98,0,0.00
2473,"Customer 02473",15,15125.89,1008.39,1,6.67
2474,"Customer 02474",6,6035.37,1005.90,0,0.00
2475,"Customer 02475",6,8857.23,1476.21,1,16.67
2476,"Customer 02476",10,10672.96,1067.30,1,10.00
2477,"Customer 02477",7,7964.79,1137.83,1,14.29
2478,"Customer 02478",12,12572.05,1047.67,0,0.00
2479,"Customer 02479",6,11785.50,1964.25,0,0.00
2480,"Customer 02480",8,9372.93,1171.62,1,12.50
2481,"Customer 02481",14,15915.92,1136.85,2,14.29
2482,"Customer 02482",13,14549.11,1119.16,0,0.00
2483,"Customer 02483",4,2456.67,614.17,0,0.00
2484,"Customer 02484",13,10742.57,826.35,0,0.00
2485,"Customer 02485",8,9406.57,1175.82,1,12.50
2486,"Customer 02486",13,15955.70,1227.36,0,0.00
2487,"Customer 02487",11,11108.90,1009.90,0,0.00
2488,"Customer 02488",9,7550.92,838.99,0,0.00
2489,"Customer 02489",14,25490.56,1820.75,2,14.29
2490,"Customer 02490",13,23808.46,1831.42,0,0.00
2491,"Customer 02491",9,13897.54,1544.17,0,0.00
2492,"Customer 02492",8,8700.26,1087.53,1,12.50
2493,"Customer 02493",2,3553.55,1776.78,0,0.00
2494,"Customer 02494",11,13405.29,1218.66,1,9.09
2495,"Customer 02495",4,5704.78,1426.20,0,0.00
2496,"Customer 02496",8,6411.60,801.45,0,0.00
2497,"Customer 02497",9,8833.99,981.55,1,11.11
2498,"Customer 02498",10,10672.46,1067.25,1,10.00
2499,"Customer 02499",6,1855.63,309.27,0,0.00
2500,"Customer 02500",13,12519.61,963.05,0,0.00
2501,"Customer 02501",12,22207.63,1850.64,0,0.00
2502,"Customer 02502",14,17189.79,1227.84,0,0.00
2503,"Customer 02503",12,19069.92,1589.16,1,8.33
2504,"Customer 02504",11,9386.57,853.32,1,9.09
2505,"Customer 02505",11,7702.79,700.25,1,9.09
2506,"Customer 02506",7,12013.24,1716.18,0,0.00
2507,"Customer 02507",14,21572.23,1540.87,2,14.29
2508,"Customer 02508",8,8534.67,1066.83,1,12.50
2509,"Customer 02509",10,11450.18,1145.02,1,10.00
2510,"Customer 02510",14,15357.15,1096.94,1,7.14
2511,"Customer 02511",7,5892.40,841.77,0,0.00
2512,"Customer 02512",10,13718.45,1371.85,0,0.00
2513,"Customer 02513",10,18793.03,1879.30,0,0.00
2514,"Customer 02514",9,10288.49,1143.17,0,0.00
2515,"Customer 02515",7,5643.87,806.27,0,0.00
2516,"Customer 02516",6,5054.00,842.33,0,0.00
2517,"Customer 02517",16,13844.31,865.27,1,6.25
2518,"Customer 02518",15,23601.10,1573.41,0,0.00
2519,"Customer 02519",12,13600.98,1133.42,0,0.00
2520,"Customer 02520",8,7139.56,892.45,0,0.00
2521,"Customer 02521",12,14311.04,1192.59,0,0.00
2522,"Customer 02522",9,10978.79,1219.87,0,0.00
2523,"Customer 02523",13,22081.06,1698.54,2,15.38
2524,"Customer 02524",10,20303.53,2030.35,1,10.00
2525,"Customer 02525",9,4492.53,499.17,0,0.00
2526,"Customer 02526",7,5037.36,719.62,0,0.00
2527,"Customer 02527",10,7785.23,778.52,0,0.00
2528,"Customer 02528",8,6668.16,833.52,0,0.00
2529,"Customer 02529",7,11973.19,1710.46,2,28.57
2530,"Customer 02530",10,12426.73,1242.67,0,0.00
2531,"Customer 02531",15,11251.76,750.12,1,6.67
2532,"Customer 02532",10,16206.86,1620.69,1,10.00
2533,"Customer 02533",8,14129.17,1766.15,1,12.50
2534,"Customer 02534",7,8820.80,1260.11,0,0.00
2535,"Customer 02535",7,6300.26,900.04,0,0.00
2536,"Customer 02536",10,9485.01,948.50,0,0.00
2537,"Customer 02537",9,7235.67,803.96,0,0.00
2538,"Customer 02538",5,12189.50,2437.90,0,0.00
2539,"Customer 02539",12,12355.41,1029.62,1,8.33
2540,"Customer 02540",8,7322.10,915.26,1,12.50
2541,"Customer 02541",12,11009.55,917.46,1,8.33
2542,"Customer 02542",8,7644.35,955.54,1,12.50
2543,"Customer 02543",10,12186.65,1218.67,0,0.00
2544,"Customer 02544",4,8797.09,2199.27,0,0.00
2545,"Customer 02545",11,15143.78,1376.71,0,0.00
2546,"Customer 02546",15,20386.50,1359.10,1,6.67
2547,"Customer 02547",13,9507.18,731.32,1,7.69
2548,"Customer 02548",14,9614.45,686.75,2,14.29
2549,"Customer 02549",13,25321.91,1947.84,0,0.00
2550,"Customer 02550",14,12871.46,919.39,0,0.00
2551,"Customer 02551",9,11355.04,1261.67,0,0.00
2552,"Customer 02552",11,10290.62,935.51,0,0.00
2553,"Customer 02553",12,15074.84,1256.24,1,8.33
2554,"Customer 02554",15,16078.00,1071.87,0,0.00
2555,"Customer 02555",6,3890.50,648.42,0,0.00
2556,"Customer 02556",13,21802.05,1677.08,0,0.00
2557,"Customer 02557",13,13964.68,1074.21,1,7.69
2558,"Customer 02558",3,5538.07,1846.02,0,0.00
2559,"Customer 02559",8,7217.46,902.18,0,0.00
2560,"Customer 02560",7,3770.35,538.62,1,14.29
2561,"Customer 02561",14,12186.63,870.47,1,7.14
2562,"Customer 02562",9,6971.43,774.60,1,11.11
2563,"Customer 02563",4,5221.23,1305.31,0,0.00
2564,"Customer 02564",9,4496.50,499.61,1,11.11
2565,"Customer 02565",13,8497.63,653.66,1,7.69
2566,"Customer 02566",9,9778.63,1086.51,0,0.00
2567,"Customer 02567",7,6310.19,901.46,0,0.00
2568,"Customer 02568",17,18660.25,1097.66,2,11.76
2569,"Customer 02569",10,12504.95,1250.50,2,20.00
2570,"Customer 02570",10,9769.98,977.00,0,0.00
2571,"Customer 02571",6,8630.50,1438.42,0,0.00
2572,"Customer 02572",9,5800.27,644.47,0,0.00
2573,"Customer 02573",9,10281.23,1142.36,0,0.00
2574,"Customer 02574",13,10981.30,844.72,1,7.69
2575,"Customer 02575",5,10908.75,2181.75,0,0.00
2576,"Customer 02576",12,10963.14,913.60,0,0.00
2577,"Customer 02577",13,10539.28,810.71,0,0.00
2578,"Customer 02578",10,16516.52,1651.65,2,20.00
2579,"Customer 02579",12,11272.11,939.34,1,8.33
2580,"Customer 02580",7,12497.17,1785.31,0,0.00
2581,"Customer 02581",12,12002.10,1000.18,1,8.33
2582,"Customer 02582",9,5920.52,657.84,0,0.00
2583,"Customer 02583",10,14213.94,1421.39,0,0.00
2584,"Customer 02584",10,13216.66,1321.67,1,10.00
2585,"Customer 02585",15,16257.53,1083.84,2,13.33
2586,"Customer 02586",12,11077.78,923.15,0,0.00
2587,"Customer 02587",2,7008.41,3504.21,0,0.00
2588,"Customer 02588",9,11398.97,1266.55,0,0.00
2589,"Customer 02589",12,9454.03,787.84,3,25.00
2590,"Customer 02590",13,14585.36,1121.95,0,0.00
2591,"Customer 02591",17,17123.72,1007.28,0,0.00
2592,"Customer 02592",6,5013.53,835.59,0,0.00
2593,"Customer 02593",13,10359.50,796.88,1,7.69
2594,"Customer 02594",13,9268.53,712.96,0,0.00
2595,"Customer 02595",12,10389.47,865.79,0,0.00
2596,"Customer 02596",12,11359.99,946.67,1,8.33
2597,"Customer 02597",13,20141.01,1549.31,0,0.00
2598,"Customer 02598",12,16692.17,1391.01,1,8.33
2599,"Customer 02599",10,12545.03,1254.50,1,10.00
2600,"Customer 02600",12,17614.40,1467.87,0,0.00
2601,"Customer 02601",10,7265.13,726.51,0,0.00
2602,"Customer 02602",12,9962.92,830.24,1,8.33
2603,"Customer 02603",12,9947.58,828.97,1,8.33
2604,"Customer 02604",10,9777.89,977.79,1,10.00
2605,"Customer 02605",6,8781.23,1463.54,0,0.00
2606,"Customer 02606",9,13343.15,1482.57,1,11.11
2607,"Customer 02607",11,8074.65,734.06,0,0.00
2608,"Customer 02608",9,5974.95,663.88,1,11.11
2609,"Customer 02609",11,16686.07,1516.92,0,0.00
2610,"Customer 02610",12,16826.10,1402.18,0,0.00
2611,"Customer 02611",14,10711.41,765.10,2,14.29
2612,"Customer 02612",9,16855.15,1872.79,0,0.00
2613,"Customer 02613",5,4256.21,851.24,0,0.00
2614,"Customer 02614",8,10401.01,1300.13,1,12.50
2615,"Customer 02615",8,6552.29,819.04,1,12.50
2616,"Customer 02616",11,10603.28,963.93,2,18.18
2617,"Customer 02617",11,11275.58,1025.05,0,0.00
2618,"Customer 02618",19,25180.89,1325.31,3,15.79
2619,"Customer 02619",10,12473.26,1247.33,1,10.00
2620,"Customer 02620",11,22745.71,2067.79,1,9.09
2621,"Customer 02621",11,13445.66,1222.33,0,0.00
2622,"Customer 02622",12,13764.22,1147.02,2,16.67
2623,"Customer 02623",18,25475.25,1415.29,3,16.67
2624,"Customer 02624",9,8489.82,943.31,0,0.00
2625,"Customer 02625",4,5289.16,1322.29,0,0.00
2626,"Customer 02626",11,16659.28,1514.48,0,0.00
2627,"Customer 02627",18,23983.91,1332.44,1,5.56
2628,"Customer 02628",8,6536.93,817.12,0,0.00
2629,"Customer 02629",12,17045.59,1420.47,1,8.33
2630,"Customer 02630",12,14187.55,1182.30,0,0.00
2631,"Customer 02631",9,9662.39,1073.60,1,11.11
2632,"Customer 02632",9,14369.85,1596.65,0,0.00
2633,"Customer 02633",6,9180.64,1530.11,0,0.00
2634,"Customer 02634",15,11797.99,786.53,1,6.67
2635,"Customer 02635",9,11488.29,1276.48,0,0.00
2636,"Customer 02636",7,4538.16,648.31,0,0.00
2637,"Customer 02637",12,10314.49,859.54,0,0.00
2638,"Customer 02638",11,12533.63,1139.42,0,0.00
2639,"Customer 02639",16,36876.57,2304.79,2,12.50
2640,"Customer 02640",12,19288.04,1607.34,0,0.00
2641,"Customer 02641",10,6542.08,654.21,0,0.00
2642,"Customer 02642",12,13702.51,1141.88,0,0.00
2643,"Customer 02643",7,6179.31,882.76,0,0.00
2644,"Customer 02644",10,2538.41,253.84,0,0.00
2645,"Customer 02645",5,6897.19,1379.44,0,0.00
2646,"Customer 02646",12,10912.77,909.40,2,16.67
2647,"Customer 02647",11,13592.60,1235.69,0,0.00
2648,"Customer 02648",10,9024.65,902.47,0,0.00
2649,"Customer 02649",15,15218.68,1014.58,0,0.00
2650,"Customer 02650",7,6152.60,878.94,0,0.00
2651,"Customer 02651",5,2188.35,437.67,0,0.00
2652,"Customer 02652",6,4770.92,795.15,0,0.00
2653,"Customer 02653",14,12374.06,883.86,0,0.00
2654,"Customer 02654",11,15537.80,1412.53,1,9.09
2655,"Customer 02655",7,8970.96,1281.57,0,0.00
2656,"Customer 02656",8,9867.63,1233.45,1,12.50
2657,"Customer 02657",9,8780.93,975.66,0,0.00
2658,"Customer 02658",11,9727.15,884.29,0,0.00
2659,"Customer 02659",8,5104.77,638.10,1,12.50
2660,"Customer 02660",7,7263.89,1037.70,0,0.00
2661,"Customer 02661",3,7359.13,2453.04,0,0.00
2662,"Customer 02662",20,26764.49,1338.22,2,10.00
2663,"Customer 02663",13,16628.61,1279.12,0,0.00
2664,"Customer 02664",11,5573.21,506.66,0,0.00
2665,"Customer 02665",13,14834.30,1141.10,1,7.69
2666,"Customer 02666",8,12061.05,1507.63,0,0.00
2667,"Customer 02667",13,12830.65,986.97,0,0.00
2668,"Customer 02668",15,28644.41,1909.63,1,6.67
2669,"Customer 02669",11,15527.59,1411.60,1,9.09
2670,"Customer 02670",11,11685.75,1062.34,1,9.09
2671,"Customer 02671",9,6279.53,697.73,0,0.00
2672,"Customer 02672",7,10152.30,1450.33,1,14.29
2673,"Customer 02673",7,4433.59,633.37,0,0.00
2674,"Customer 02674",13,12511.74,962.44,1,7.69
2675,"Customer 02675",12,13887.43,1157.29,1,8.33
2676,"Customer 02676",10,12173.99,1217.40,1,10.00
2677,"Customer 02677",9,15225.83,1691.76,0,0.00
2678,"Customer 02678",3,4074.88,1358.29,0,0.00
2679,"Customer 02679",15,9942.43,662.83,0,0.00
2680,"Customer 02680",7,10410.70,1487.24,0,0.00
2681,"Customer 02681",8,8161.28,1020.16,0,0.00
2682,"Customer 02682",10,8385.93,838.59,0,0.00
2683,"Customer 02683",13,15227.69,1171.36,3,23.08
2684,"Customer 02684",7,9647.04,1378.15,0,0.00
2685,"Customer 02685",8,10112.69,1264.09,2,25.00
2686,"Customer 02686",12,14995.10,1249.59,0,0.00
2687,"Customer 02687",7,6337.54,905.36,0,0.00
2688,"Customer 02688",5,1803.11,360.62,0,0.00
2689,"Customer 02689",13,12911.17,993.17,1,7.69
2690,"Customer 02690",7,6600.95,942.99,1,14.29
2691,"Customer 02691",13,15858.18,1219.86,0,0.00
2692,"Customer 02692",12,15528.28,1294.02,1,8.33
2693,"Customer 02693",10,5413.09,541.31,1,10.00
2694,"Customer 02694",8,9291.92,1161.49,0,0.00
2695,"Customer 02695",14,13693.74,978.12,0,0.00
2696,"Customer 02696",11,7908.91,718.99,0,0.00
2697,"Customer 02697",10,9152.07,915.21,0,0.00
2698,"Customer 02698",9,5644.91,627.21,0,0.00
2699,"Customer 02699",6,4843.09,807.18,0,0.00
2700,"Customer 02700",8,10727.70,1340.96,0,0.00
2701,"Customer 02701",8,11457.21,1432.15,0,0.00
2702,"Customer 02702",10,8961.34,896.13,1,10.00
2703,"Customer 02703",11,8062.42,732.95,0,0.00
2704,"Customer 02704",7,7204.96,1029.28,0,0.00
2705,"Customer 02705",7,6067.83,866.83,0,0.00
2706,"Customer 02706",11,21763.86,1978.53,1,9.09
2707,"Customer 02707",9,7410.92,823.44,0,0.00
2708,"Customer 02708",10,17021.27,1702.13,0,0.00
2709,"Customer 02709",6,4971.17,828.53,0,0.00
2710,"Customer 02710",14,14684.97,1048.93,1,7.14
2711,"Customer 02711",9,13426.92,1491.88,1,11.11
2712,"Customer 02712",8,12030.72,1503.84,0,0.00
2713,"Customer 02713",13,14112.39,1085.57,0,0.00
2714,"Customer 02714",12,19446.15,1620.51,0,0.00
2715,"Customer 02715",8,10691.38,1336.42,0,0.00
2716,"Customer 02716",6,8644.40,1440.73,0,0.00
2717,"Customer 02717",14,12245.92,874.71,0,0.00
2718,"Customer 02718",5,4654.02,930.80,0,0.00
2719,"Customer 02719",7,13785.43,1969.35,0,0.00
2720,"Customer 02720",8,7323.37,915.42,0,0.00
2721,"Customer 02721",7,7524.06,1074.87,0,0.00
2722,"Customer 02722",13,13726.88,1055.91,0,0.00
2723,"Customer 02723",13,20710.41,1593.11,1,7.69
2724,"Customer 02724",11,9056.76,823.34,0,0.00
2725,"Customer 02725",15,18950.89,1263.39,1,6.67
2726,"Customer 02726",9,6676.66,741.85,0,0.00
2727,"Customer 02727",10,9720.38,972.04,1,10.00
2728,"Customer 02728",8,9078.26,1134.78,1,12.50
2729,"Customer 02729",10,16438.72,1643.87,1,10.00
2730,"Customer 02730",8,11546.34,1443.29,0,0.00
2731,"Customer 02731",12,18015.03,1501.25,0,0.00
2732,"Customer 02732",8,7705.39,963.17,0,0.00
2733,"Customer 02733",11,14540.58,1321.87,0,0.00
2734,"Customer 02734",13,12805.08,985.01,0,0.00
2735,"Customer 02735",14,12563.57,897.40,0,0.00
2736,"Customer 02736",11,8926.78,811.53,1,9.09
2737,"Customer 02737",9,8791.43,976.83,0,0.00
2738,"Customer 02738",10,12878.50,1287.85,0,0.00
2739,"Customer 02739",14,16026.49,1144.75,1,7.14
2740,"Customer 02740",10,14074.72,1407.47,0,0.00
2741,"Customer 02741",6,7340.09,1223.35,1,16.67
2742,"Customer 02742",13,14261.93,1097.07,0,0.00
2743,"Customer 02743",19,37002.97,1947.52,2,10.53
2744,"Customer 02744",10,8170.74,817.07,0,0.00
2745,"Customer 02745",9,8942.25,993.58,0,0.00
2746,"Customer 02746",13,20120.39,1547.72,0,0.00
2747,"Customer 02747",10,11634.17,1163.42,2,20.00
2748,"Customer 02748",10,7891.25,789.13,0,0.00
2749,"Customer 02749",9,6682.64,742.52,0,0.00
2750,"Customer 02750",6,5388.20,898.03,0,0.00
2751,"Customer 02751",9,7085.81,787.31,0,0.00
2752,"Customer 02752",8,11520.35,1440.04,0,0.00
2753,"Customer 02753",11,9689.82,880.89,0,0.00
2754,"Customer 02754",11,7212.71,655.70,0,0.00
2755,"Customer 02755",5,3841.08,768.22,0,0.00
2756,"Customer 02756",14,7275.14,519.65,2,14.29
2757,"Customer 02757",7,6994.23,999.18,0,0.00
2758,"Customer 02758",17,28085.05,1652.06,1,5.88
2759,"Customer 02759",4,2610.14,652.54,0,0.00
2760,"Customer 02760",9,13830.69,1536.74,1,11.11
2761,"Customer 02761",14,14631.24,1045.09,1,7.14
2762,"Customer 02762",11,18277.60,1661.60,1,9.09
2763,"Customer 02763",10,9445.21,944.52,0,0.00
2764,"Customer 02764",8,9858.41,1232.30,1,12.50
2765,"Customer 02765",7,12756.01,1822.29,1,14.29
2766,"Customer 02766",2,1345.06,672.53,0,0.00
2767,"Customer 02767",8,11324.80,1415.60,0,0.00
2768,"Customer 02768",8,8728.46,1091.06,1,12.50
2769,"Customer 02769",12,19391.10,1615.93,0,0.00
2770,"Customer 02770",8,5503.57,687.95,0,0.00
2771,"Customer 02771",9,8256.33,917.37,0,0.00
2772,"Customer 02772",8,6889.96,861.25,0,0.00
2773,"Customer 02773",10,13930.05,1393.01,0,0.00
2774,"Customer 02774",9,6980.49,775.61,2,22.22
2775,"Customer 02775",8,8103.95,1012.99,0,0.00
2776,"Customer 02776",12,10174.35,847.86,1,8.33
2777,"Customer 02777",9,13924.64,1547.18,0,0.00
2778,"Customer 02778",10,9183.65,918.37,0,0.00
2779,"Customer 02779",9,6221.81,691.31,2,22.22
2780,"Customer 02780",14,17799.90,1271.42,1,7.14
2781,"Customer 02781",13,18959.90,1458.45,0,0.00
2782,"Customer 02782",11,14051.59,1277.42,1,9.09
2783,"Customer 02783",9,13561.39,1506.82,0,0.00
2784,"Customer 02784",13,16119.21,1239.94,0,0.00
2785,"Customer 02785",6,4299.77,716.63,0,0.00
2786,"Customer 02786",6,8359.66,1393.28,0,0.00
2787,"Customer 02787",7,11899.26,1699.89,0,0.00
2788,"Customer 02788",12,12109.60,1009.13,0,0.00
2789,"Customer 02789",11,13917.46,1265.22,0,0.00
2790,"Customer 02790",6,5455.73,909.29,0,0.00
2791,"Customer 02791",10,16444.95,1644.50,0,0.00
2792,"Customer 02792",11,7677.07,697.92,0,0.00
2793,"Customer 02793",9,11776.39,1308.49,1,11.11
2794,"Customer 02794",14,9496.86,678.35,1,7.14
2795,"Customer 02795",7,9811.12,1401.59,0,0.00
2796,"Customer 02796",12,11172.10,931.01,0,0.00
2797,"Customer 02797",10,11200.77,1120.08,0,0.00
2798,"Customer 02798",9,8015.25,890.58,2,22.22
2799,"Customer 02799",10,8329.65,832.97,0,0.00
2800,"Customer 02800",6,3065.61,510.94,0,0.00
2801,"Customer 02801",4,3586.07,896.52,1,25.00
2802,"Customer 02802",14,22378.30,1598.45,0,0.00
2803,"Customer 02803",3,2820.77,940.26,0,0.00
2804,"Customer 02804",6,12118.49,2019.75,2,33.33
2805,"Customer 02805",9,12425.54,1380.62,1,11.11
2806,"Customer 02806",3,3047.29,1015.76,0,0.00
2807,"Customer 02807",7,4079.83,582.83,1,14.29
2808,"Customer 02808",7,5813.48,830.50,0,0.00
2809,"Customer 02809",10,9604.70,960.47,3,30.00
2810,"Customer 02810",6,4951.03,825.17,0,0.00
2811,"Customer 02811",7,9076.48,1296.64,0,0.00
2812,"Customer 02812",11,6972.41,633.86,0,0.00
2813,"Customer 02813",11,11433.59,1039.42,0,0.00
2814,"Customer 02814",8,6664.76,833.10,1,12.50
2815,"Customer 02815",8,7579.78,947.47,0,0.00
2816,"Customer 02816",11,15746.20,1431.47,1,9.09
2817,"Customer 02817",7,6402.94,914.71,1,14.29
2818,"Customer 02818",6,5219.80,869.97,1,16.67
2819,"Customer 02819",11,11915.78,1083.25,1,9.09
2820,"Customer 02820",15,18704.70,1246.98,1,6.67
2821,"Customer 02821",10,12380.92,1238.09,0,0.00
2822,"Customer 02822",7,6573.18,939.03,0,0.00
2823,"Customer 02823",10,10565.91,1056.59,0,0.00
2824,"Customer 02824",12,14266.28,1188.86,1,8.33
2825,"Customer 02825",3,655.32,218.44,0,0.00
2826,"Customer 02826",11,11039.81,1003.62,0,0.00
2827,"Customer 02827",10,12206.64,1220.66,0,0.00
2828,"Customer 02828",12,10010.21,834.18,1,8.33
2829,"Customer 02829",20,29298.98,1464.95,0,0.00
2830,"Customer 02830",6,4406.83,734.47,0,0.00
2831,"Customer 02831",10,10925.29,1092.53,2,20.00
2832,"Customer 02832",12,15282.09,1273.51,2,16.67
2833,"Customer 02833",8,9862.75,1232.84,0,0.00
2834,"Customer 02834",15,17581.29,1172.09,1,6.67
2835,"Customer 02835",9,14949.25,1661.03,0,0.00
2836,"Customer 02836",11,16095.77,1463.25,3,27.27
2837,"Customer 02837",14,21080.66,1505.76,1,7.14
2838,"Customer 02838",13,12422.58,955.58,1,7.69
2839,"Customer 02839",6,7488.44,1248.07,0,0.00
2840,"Customer 02840",7,4118.43,588.35,0,0.00
2841,"Customer 02841",8,11610.81,1451.35,0,0.00
2842,"Customer 02842",8,9036.30,1129.54,1,12.50
2843,"Customer 02843",14,11242.42,803.03,0,0.00
2844,"Customer 02844",8,9311.93,1163.99,1,12.50
2845,"Customer 02845",9,4454.91,494.99,0,0.00
2846,"Customer 02846",18,22966.14,1275.90,0,0.00
2847,"Customer 02847",9,13496.52,1499.61,2,22.22
2848,"Customer 02848",13,15389.74,1183.83,1,7.69
2849,"Customer 02849",13,19704.41,1515.72,0,0.00
2850,"Customer 02850",3,3601.86,1200.62,0,0.00
2851,"Customer 02851",11,11476.71,1043.34,0,0.00
2852,"Customer 02852",10,6716.65,671.67,1,10.00
2853,"Customer 02853",11,12467.83,1133.44,2,18.18
2854,"Customer 02854",7,5580.90,797.27,0,0.00
2855,"Customer 02855",10,23768.82,2376.88,1,10.00
2856,"Customer 02856",10,10395.82,1039.58,1,10.00
2857,"Customer 02857",11,13965.53,1269.59,1,9.09
2858,"Customer 02858",7,6327.58,903.94,0,0.00
2859,"Customer 02859",11,15227.99,1384.36,1,9.09
2860,"Customer 02860",8,6359.95,794.99,0,0.00
2861,"Customer 02861",7,6535.37,933.62,0,0.00
2862,"Customer 02862",8,5547.42,693.43,0,0.00
2863,"Customer 02863",9,5032.92,559.21,1,11.11
2864,"Customer 02864",14,19848.97,1417.78,0,0.00
2865,"Customer 02865",8,10028.64,1253.58,0,0.00
2866,"Customer 02866",8,13664.74,1708.09,0,0.00
2867,"Customer 02867",13,14169.30,1089.95,0,0.00
2868,"Customer 02868",10,8217.13,821.71,1,10.00
2869,"Customer 02869",11,10062.36,914.76,0,0.00
2870,"Customer 02870",10,13458.43,1345.84,0,0.00
2871,"Customer 02871",9,7011.75,779.08,1,11.11
2872,"Customer 02872",12,13739.32,1144.94,1,8.33
2873,"Customer 02873",8,8464.02,1058.00,1,12.50
2874,"Customer 02874",8,14911.25,1863.91,0,0.00
2875,"Customer 02875",5,6678.77,1335.75,0,0.00
2876,"Customer 02876",7,10620.43,1517.20,0,0.00
2877,"Customer 02877",10,10522.10,1052.21,1,10.00
2878,"Customer 02878",11,13493.35,1226.67,0,0.00
2879,"Customer 02879",11,19432.72,1766.61,0,0.00
2880,"Customer 02880",11,11277.62,1025.24,1,9.09
2881,"Customer 02881",11,10793.44,981.22,0,0.00
2882,"Customer 02882",7,12741.28,1820.18,0,0.00
2883,"Customer 02883",9,20104.93,2233.88,0,0.00
2884,"Customer 02884",8,7354.93,919.37,0,0.00
2885,"Customer 02885",8,14177.74,1772.22,1,12.50
2886,"Customer 02886",6,4920.29,820.05,0,0.00
2887,"Customer 02887",17,14602.86,858.99,2,11.76
2888,"Customer 02888",7,5350.76,764.39,0,0.00
2889,"Customer 02889",2,4246.01,2123.01,0,0.00
2890,"Customer 02890",12,21671.79,1805.98,0,0.00
2891,"Customer 02891",9,11624.74,1291.64,1,11.11
2892,"Customer 02892",6,8613.59,1435.60,1,16.67
2893,"Customer 02893",11,14990.04,1362.73,1,9.09
2894,"Customer 02894",14,13951.68,996.55,0,0.00
2895,"Customer 02895",11,11362.78,1032.98,2,18.18
2896,"Customer 02896",8,5053.93,631.74,1,12.50
2897,"Customer 02897",7,5245.43,749.35,0,0.00
2898,"Customer 02898",13,10725.12,825.01,0,0.00
2899,"Customer 02899",7,5980.82,854.40,0,0.00
2900,"Customer 02900",13,15048.50,1157.58,1,7.69
2901,"Customer 02901",8,7910.02,988.75,0,0.00
2902,"Customer 02902",11,10378.22,943.47,0,0.00
2903,"Customer 02903",9,7491.36,832.37,0,0.00
2904,"Customer 02904",12,9197.62,766.47,1,8.33
2905,"Customer 02905",11,9114.27,828.57,1,9.09
2906,"Customer 02906",14,22385.98,1599.00,1,7.14
2907,"Customer 02907",10,8683.76,868.38,0,0.00
2908,"Customer 02908",9,11926.33,1325.15,0,0.00
2909,"Customer 02909",8,9208.03,1151.00,1,12.50
2910,"Customer 02910",13,14352.17,1104.01,0,0.00
2911,"Customer 02911",10,14508.22,1450.82,2,20.00
2912,"Customer 02912",18,16971.44,942.86,1,5.56
2913,"Customer 02913",10,14579.97,1458.00,0,0.00
2914,"Customer 02914",11,12679.80,1152.71,2,18.18
2915,"Customer 02915",13,13328.21,1025.25,0,0.00
2916,"Customer 02916",10,11036.46,1103.65,0,0.00
2917,"Customer 02917",7,7812.85,1116.12,0,0.00
2918,"Customer 02918",10,18210.04,1821.00,1,10.00
2919,"Customer 02919",10,15674.27,1567.43,1,10.00
2920,"Customer 02920",11,13719.96,1247.27,2,18.18
2921,"Customer 02921",8,5198.12,649.77,2,25.00
2922,"Customer 02922",8,10796.62,1349.58,1,12.50
2923,"Customer 02923",10,10123.57,1012.36,0,0.00
2924,"Customer 02924",9,5722.88,635.88,1,11.11
2925,"Customer 02925",13,13523.29,1040.25,0,0.00
2926,"Customer 02926",13,11750.28,903.87,0,0.00
2927,"Customer 02927",10,11996.11,1199.61,0,0.00
2928,"Customer 02928",5,7373.27,1474.65,0,0.00
2929,"Customer 02929",10,14532.96,1453.30,1,10.00
2930,"Customer 02930",7,9500.86,1357.27,0,0.00
2931,"Customer 02931",16,9745.57,609.10,0,0.00
2932,"Customer 02932",11,13034.76,1184.98,2,18.18
2933,"Customer 02933",10,15236.14,1523.61,1,10.00
2934,"Customer 02934",5,4095.43,819.09,0,0.00
2935,"Customer 02935",7,14133.88,2019.13,0,0.00
2936,"Customer 02936",10,9716.91,971.69,0,0.00
2937,"Customer 02937",11,6931.36,630.12,0,0.00
2938,"Customer 02938",7,7005.21,1000.74,0,0.00
2939,"Customer 02939",5,3615.23,723.05,0,0.00
2940,"Customer 02940",9,17218.90,1913.21,0,0.00
2941,"Customer 02941",7,11640.92,1662.99,0,0.00
2942,"Customer 02942",16,20571.44,1285.72,0,0.00
2943,"Customer 02943",3,5136.10,1712.03,0,0.00
2944,"Customer 02944",10,10784.89,1078.49,0,0.00
2945,"Customer 02945",14,13264.42,947.46,0,0.00
2946,"Customer 02946",13,24345.65,1872.74,2,15.38
2947,"Customer 02947",10,7947.47,794.75,0,0.00
2948,"Customer 02948",13,9488.58,729.89,1,7.69
2949,"Customer 02949",10,20933.62,2093.36,1,10.00
2950,"Customer 02950",9,6432.51,714.72,1,11.11
2951,"Customer 02951",6,4276.88,712.81,1,16.67
2952,"Customer 02952",5,2107.45,421.49,0,0.00
2953,"Customer 02953",9,9322.30,1035.81,1,11.11
2954,"Customer 02954",8,4877.65,609.71,1,12.50
2955,"Customer 02955",8,10518.26,1314.78,2,25.00
2956,"Customer 02956",13,24462.49,1881.73,2,15.38
2957,"Customer 02957",10,10531.80,1053.18,0,0.00
2958,"Customer 02958",6,7912.66,1318.78,0,0.00
2959,"Customer 02959",12,13593.10,1132.76,0,0.00
2960,"Customer 02960",14,12254.90,875.35,0,0.00
2961,"Customer 02961",9,8696.61,966.29,0,0.00
2962,"Customer 02962",17,21303.62,1253.15,0,0.00
2963,"Customer 02963",7,4455.05,636.44,0,0.00
2964,"Customer 02964",10,12227.22,1222.72,1,10.00
2965,"Customer 02965",12,6968.18,580.68,1,8.33
2966,"Customer 02966",10,10035.71,1003.57,0,0.00
2967,"Customer 02967",4,4450.18,1112.55,0,0.00
2968,"Customer 02968",8,23580.36,2947.55,1,12.50
2969,"Customer 02969",6,8220.62,1370.10,0,0.00
2970,"Customer 02970",10,15718.93,1571.89,1,10.00
2971,"Customer 02971",4,2919.32,729.83,0,0.00
2972,"Customer 02972",6,8156.89,1359.48,0,0.00
2973,"Customer 02973",16,9819.83,613.74,2,12.50
2974,"Customer 02974",9,18495.06,2055.01,0,0.00
2975,"Customer 02975",8,8785.29,1098.16,0,0.00
2976,"Customer 02976",10,12523.88,1252.39,0,0.00
2977,"Customer 02977",12,17056.48,1421.37,1,8.33
2978,"Customer 02978",7,11697.31,1671.04,0,0.00
2979,"Customer 02979",9,18762.85,2084.76,0,0.00
2980,"Customer 02980",6,9372.86,1562.14,0,0.00
2981,"Customer 02981",10,15256.90,1525.69,1,10.00
2982,"Customer 02982",11,6425.21,584.11,0,0.00
2983,"Customer 02983",8,15953.94,1994.24,0,0.00
2984,"Customer 02984",10,8519.14,851.91,0,0.00
2985,"Customer 02985",11,7989.36,726.31,1,9.09
2986,"Customer 02986",16,21363.44,1335.22,1,6.25
2987,"Customer 02987",14,17763.19,1268.80,0,0.00
2988,"Customer 02988",8,9018.80,1127.35,0,0.00
2989,"Customer 02989",7,2488.80,355.54,0,0.00
2990,"Customer 02990",15,15992.00,1066.13,1,6.67
2991,"Customer 02991",12,13198.17,1099.85,0,0.00
2992,"Customer 02992",13,9999.35,769.18,0,0.00
2993,"Customer 02993",12,14909.90,1242.49,0,0.00
2994,"Customer 02994",11,8566.09,778.74,0,0.00
2995,"Customer 02995",16,15265.20,954.08,0,0.00
2996,"Customer 02996",11,12894.24,1172.20,1,9.09
2997,"Customer 02997",9,9997.29,1110.81,1,11.11
2998,"Customer 02998",9,11477.98,1275.33,1,11.11
2999,"Customer 02999",7,11461.39,1637.34,0,0.00
3000,"Customer 03000",14,20145.47,1438.96,0,0.00
3001,"Customer 03001",10,8774.44,877.44,2,20.00
3002,"Customer 03002",9,8651.90,961.32,0,0.00
3003,"Customer 03003",10,7970.38,797.04,1,10.00
3004,"Customer 03004",8,12088.18,1511.02,0,0.00
3005,"Customer 03005",12,10669.06,889.09,0,0.00
3006,"Customer 03006",7,8371.27,1195.90,0,0.00
3007,"Customer 03007",7,6783.68,969.10,1,14.29
3008,"Customer 03008",13,15011.01,1154.69,0,0.00
3009,"Customer 03009",10,16019.80,1601.98,0,0.00
3010,"Customer 03010",6,10470.08,1745.01,0,0.00
3011,"Customer 03011",10,6961.88,696.19,0,0.00
3012,"Customer 03012",8,11628.10,1453.51,1,12.50
3013,"Customer 03013",8,12846.35,1605.79,1,12.50
3014,"Customer 03014",12,9318.28,776.52,3,25.00
3015,"Customer 03015",3,1212.57,404.19,0,0.00
3016,"Customer 03016",10,12139.73,1213.97,1,10.00
3017,"Customer 03017",18,20484.22,1138.01,3,16.67
3018,"Customer 03018",11,8285.17,753.20,0,0.00
3019,"Customer 03019",14,14936.67,1066.91,0,0.00
3020,"Customer 03020",10,9337.57,933.76,1,10.00
3021,"Customer 03021",6,8449.08,1408.18,0,0.00
3022,"Customer 03022",10,12487.62,1248.76,0,0.00
3023,"Customer 03023",9,11037.45,1226.38,1,11.11
3024,"Customer 03024",3,1306.94,435.65,1,33.33
3025,"Customer 03025",10,15622.32,1562.23,1,10.00
3026,"Customer 03026",12,18645.73,1553.81,0,0.00
3027,"Customer 03027",9,13756.31,1528.48,1,11.11
3028,"Customer 03028",17,27295.99,1605.65,0,0.00
3029,"Customer 03029",3,3969.96,1323.32,0,0.00
3030,"Customer 03030",14,19375.42,1383.96,1,7.14
3031,"Customer 03031",14,17940.68,1281.48,1,7.14
3032,"Customer 03032",12,21359.14,1779.93,1,8.33
3033,"Customer 03033",12,13281.10,1106.76,1,8.33
3034,"Customer 03034",14,10893.76,778.13,1,7.14
3035,"Customer 03035",16,13883.41,867.71,0,0.00
3036,"Customer 03036",10,15341.60,1534.16,0,0.00
3037,"Customer 03037",13,12293.06,945.62,1,7.69
3038,"Customer 03038",11,11061.07,1005.55,0,0.00
3039,"Customer 03039",13,14188.05,1091.39,1,7.69
3040,"Customer 03040",12,11102.58,925.22,0,0.00
3041,"Customer 03041",7,9214.35,1316.34,2,28.57
3042,"Customer 03042",12,9611.20,800.93,0,0.00
3043,"Customer 03043",12,17397.16,1449.76,0,0.00
3044,"Customer 03044",9,5964.82,662.76,1,11.11
3045,"Customer 03045",13,18584.55,1429.58,0,0.00
3046,"Customer 03046",10,12243.93,1224.39,1,10.00
3047,"Customer 03047",11,11668.82,1060.80,0,0.00
3048,"Customer 03048",15,31876.79,2125.12,2,13.33
3049,"Customer 03049",6,3919.23,653.21,1,16.67
3050,"Customer 03050",15,14469.01,964.60,1,6.67
3051,"Customer 03051",7,8027.23,1146.75,0,0.00
3052,"Customer 03052",17,20417.66,1201.04,0,0.00
3053,"Customer 03053",10,13421.01,1342.10,1,10.00
3054,"Customer 03054",12,7276.81,606.40,1,8.33
3055,"Customer 03055",8,11431.70,1428.96,0,0.00
3056,"Customer 03056",8,9997.54,1249.69,0,0.00
3057,"Customer 03057",10,10028.86,1002.89,1,10.00
3058,"Customer 03058",14,10481.14,748.65,1,7.14
3059,"Customer 03059",6,4383.32,730.55,0,0.00
3060,"Customer 03060",10,14960.50,1496.05,0,0.00
3061,"Customer 03061",9,9278.08,1030.90,0,0.00
3062,"Customer 03062",6,12992.01,2165.34,0,0.00
3063,"Customer 03063",9,18134.59,2014.95,0,0.00
3064,"Customer 03064",9,7950.65,883.41,1,11.11
3065,"Customer 03065",9,9121.24,1013.47,0,0.00
3066,"Customer 03066",12,14021.93,1168.49,1,8.33
3067,"Customer 03067",6,1887.32,314.55,1,16.67
3068,"Customer 03068",10,7815.84,781.58,0,0.00
3069,"Customer 03069",13,11359.80,873.83,0,0.00
3070,"Customer 03070",15,11899.96,793.33,0,0.00
3071,"Customer 03071",13,16143.64,1241.82,1,7.69
3072,"Customer 03072",13,14468.45,1112.96,1,7.69
3073,"Customer 03073",12,17135.57,1427.96,0,0.00
3074,"Customer 03074",7,7681.24,1097.32,1,14.29
3075,"Customer 03075",13,14033.70,1079.52,2,15.38
3076,"Customer 03076",6,3291.99,548.67,0,0.00
3077,"Customer 03077",12,11888.96,990.75,1,8.33
3078,"Customer 03078",10,16970.58,1697.06,1,10.00
3079,"Customer 03079",16,25261.66,1578.85,3,18.75
3080,"Customer 03080",6,10547.81,1757.97,0,0.00
3081,"Customer 03081",9,10233.79,1137.09,0,0.00
3082,"Customer 03082",8,3107.79,388.47,1,12.50
3083,"Customer 03083",14,13802.97,985.93,0,0.00
3084,"Customer 03084",10,23632.05,2363.21,1,10.00
3085,"Customer 03085",14,19640.53,1402.90,0,0.00
3086,"Customer 03086",12,12920.33,1076.69,0,0.00
3087,"Customer 03087",12,10870.30,905.86,0,0.00
3088,"Customer 03088",5,7371.01,1474.20,0,0.00
3089,"Customer 03089",6,5349.81,891.64,0,0.00
3090,"Customer 03090",13,12171.59,936.28,1,7.69
3091,"Customer 03091",8,18351.66,2293.96,1,12.50
3092,"Customer 03092",9,7943.04,882.56,1,11.11
3093,"Customer 03093",9,10232.35,1136.93,0,0.00
3094,"Customer 03094",11,9693.97,881.27,1,9.09
3095,"Customer 03095",8,15535.99,1942.00,0,0.00
3096,"Customer 03096",7,6216.82,888.12,0,0.00
3097,"Customer 03097",8,6144.88,768.11,0,0.00
3098,"Customer 03098",1,1283.28,1283.28,0,0.00
3099,"Customer 03099",6,8121.38,1353.56,0,0.00
3100,"Customer 03100",9,9732.66,1081.41,0,0.00
3101,"Customer 03101",15,21091.27,1406.08,1,6.67
3102,"Customer 03102",11,6982.89,634.81,1,9.09
3103,"Customer 03103",9,9872.53,1096.95,0,0.00
3104,"Customer 03104",13,17852.42,1373.26,3,23.08
3105,"Customer 03105",8,8140.86,1017.61,0,0.00
3106,"Customer 03106",20,20100.68,1005.03,2,10.00
3107,"Customer 03107",9,9068.27,1007.59,1,11.11
3108,"Customer 03108",11,11573.55,1052.14,2,18.18
3109,"Customer 03109",13,16378.46,1259.88,0,0.00
3110,"Customer 03110",10,16372.99,1637.30,2,20.00
3111,"Customer 03111",10,8782.85,878.29,1,10.00
3112,"Customer 03112",10,9925.07,992.51,1,10.00
3113,"Customer 03113",5,7050.06,1410.01,1,20.00
3114,"Customer 03114",17,19467.72,1145.16,0,0.00
3115,"Customer 03115",12,26422.73,2201.89,0,0.00
3116,"Customer 03116",12,17280.61,1440.05,2,16.67
3117,"Customer 03117",13,14888.67,1145.28,2,15.38
3118,"Customer 03118",7,8165.04,1166.43,0,0.00
3119,"Customer 03119",12,11292.87,941.07,1,8.33
3120,"Customer 03120",9,12855.34,1428.37,1,11.11
3121,"Customer 03121",7,8232.74,1176.11,1,14.29
3122,"Customer 03122",6,5043.00,840.50,0,0.00
3123,"Customer 03123",9,13039.27,1448.81,1,11.11
3124,"Customer 03124",4,10085.14,2521.29,1,25.00
3125,"Customer 03125",10,8371.77,837.18,3,30.00
3126,"Customer 03126",11,11031.12,1002.83,0,0.00
3127,"Customer 03127",12,12150.23,1012.52,1,8.33
3128,"Customer 03128",9,9719.05,1079.89,0,0.00
3129,"Customer 03129",11,15254.42,1386.77,1,9.09
3130,"Customer 03130",7,3302.64,471.81,0,0.00
3131,"Customer 03131",7,11901.10,1700.16,0,0.00
3132,"Customer 03132",7,6440.26,920.04,0,0.00
3133,"Customer 03133",6,3241.32,540.22,0,0.00
3134,"Customer 03134",9,5845.08,649.45,1,11.11
3135,"Customer 03135",12,8649.93,720.83,0,0.00
3136,"Customer 03136",13,9826.21,755.86,0,0.00
3137,"Customer 03137",15,12360.81,824.05,0,0.00
3138,"Customer 03138",9,11689.66,1298.85,0,0.00
3139,"Customer 03139",6,10626.97,1771.16,1,16.67
3140,"Customer 03140",13,12574.13,967.24,0,0.00
3141,"Customer 03141",7,9082.20,1297.46,1,14.29
3142,"Customer 03142",1,1981.69,1981.69,0,0.00
3143,"Customer 03143",7,4617.12,659.59,0,0.00
3144,"Customer 03144",14,13088.43,934.89,0,0.00
3145,"Customer 03145",8,10713.20,1339.15,1,12.50
3146,"Customer 03146",13,15099.14,1161.47,0,0.00
3147,"Customer 03147",11,22390.78,2035.53,0,0.00
3148,"Customer 03148",9,17619.61,1957.73,0,0.00
3149,"Customer 03149",12,15774.99,1314.58,0,0.00
3150,"Customer 03150",14,12677.79,905.56,1,7.14
3151,"Customer 03151",9,6165.04,685.00,0,0.00
3152,"Customer 03152",8,18673.11,2334.14,0,0.00
3153,"Customer 03153",10,10607.89,1060.79,0,0.00
3154,"Customer 03154",7,4909.59,701.37,0,0.00
3155,"Customer 03155",11,13650.88,1240.99,0,0.00
3156,"Customer 03156",6,8988.20,1498.03,0,0.00
3157,"Customer 03157",6,6783.67,1130.61,0,0.00
3158,"Customer 03158",4,5467.68,1366.92,0,0.00
3159,"Customer 03159",9,8933.61,992.62,1,11.11
3160,"Customer 03160",10,13734.56,1373.46,1,10.00
3161,"Customer 03161",9,6713.24,745.92,0,0.00
3162,"Customer 03162",19,13509.98,711.05,0,0.00
3163,"Customer 03163",7,11437.72,1633.96,0,0.00
3164,"Customer 03164",11,8089.19,735.38,0,0.00
3165,"Customer 03165",12,20335.49,1694.62,0,0.00
3166,"Customer 03166",14,17989.54,1284.97,0,0.00
3167,"Customer 03167",9,7237.58,804.18,1,11.11
3168,"Customer 03168",7,11145.25,1592.18,0,0.00
3169,"Customer 03169",8,11271.19,1408.90,0,0.00
3170,"Customer 03170",11,16554.54,1504.96,0,0.00
3171,"Customer 03171",13,21541.86,1657.07,1,7.69
3172,"Customer 03172",13,10297.05,792.08,1,7.69
3173,"Customer 03173",8,8199.55,1024.94,1,12.50
3174,"Customer 03174",15,16235.11,1082.34,3,20.00
3175,"Customer 03175",6,6094.86,1015.81,2,33.33
3176,"Customer 03176",13,12261.52,943.19,1,7.69
3177,"Customer 03177",7,10141.57,1448.80,0,0.00
3178,"Customer 03178",12,14068.35,1172.36,0,0.00
3179,"Customer 03179",7,7992.71,1141.82,0,0.00
3180,"Customer 03180",5,8439.28,1687.86,0,0.00
3181,"Customer 03181",9,5617.70,624.19,1,11.11
3182,"Customer 03182",9,10784.78,1198.31,1,11.11
3183,"Customer 03183",10,7736.04,773.60,0,0.00
3184,"Customer 03184",9,8838.68,982.08,0,0.00
3185,"Customer 03185",13,13690.20,1053.09,1,7.69
3186,"Customer 03186",9,7312.76,812.53,2,22.22
3187,"Customer 03187",10,5854.08,585.41,0,0.00
3188,"Customer 03188",11,11581.11,1052.83,0,0.00
3189,"Customer 03189",13,21924.84,1686.53,2,15.38
3190,"Customer 03190",3,751.94,250.65,0,0.00
3191,"Customer 03191",11,13483.02,1225.73,0,0.00
3192,"Customer 03192",10,13469.43,1346.94,0,0.00
3193,"Customer 03193",9,11907.28,1323.03,0,0.00
3194,"Customer 03194",12,20007.69,1667.31,0,0.00
3195,"Customer 03195",14,26384.81,1884.63,3,21.43
3196,"Customer 03196",7,3862.50,551.79,0,0.00
3197,"Customer 03197",13,9967.78,766.75,0,0.00
3198,"Customer 03198",8,15168.66,1896.08,1,12.50
3199,"Customer 03199",7,4239.01,605.57,0,0.00
3200,"Customer 03200",11,17487.42,1589.77,0,0.00
3201,"Customer 03201",11,12849.10,1168.10,2,18.18
3202,"Customer 03202",6,9339.48,1556.58,0,0.00
3203,"Customer 03203",10,13713.57,1371.36,0,0.00
3204,"Customer 03204",10,13481.38,1348.14,0,0.00
3205,"Customer 03205",7,11777.68,1682.53,1,14.29
3206,"Customer 03206",11,10803.87,982.17,0,0.00
3207,"Customer 03207",8,9648.31,1206.04,0,0.00
3208,"Customer 03208",14,17568.05,1254.86,1,7.14
3209,"Customer 03209",10,9792.65,979.27,1,10.00
3210,"Customer 03210",12,19506.53,1625.54,0,0.00
3211,"Customer 03211",12,8055.33,671.28,1,8.33
3212,"Customer 03212",8,8504.20,1063.03,0,0.00
3213,"Customer 03213",6,8551.33,1425.22,0,0.00
3214,"Customer 03214",14,11739.06,838.50,1,7.14
3215,"Customer 03215",6,6644.19,1107.37,1,16.67
3216,"Customer 03216",10,6192.13,619.21,0,0.00
3217,"Customer 03217",13,9977.30,767.48,1,7.69
3218,"Customer 03218",14,16617.64,1186.97,1,7.14
3219,"Customer 03219",8,4262.95,532.87,1,12.50
3220,"Customer 03220",9,8317.88,924.21,1,11.11
3221,"Customer 03221",12,25625.72,2135.48,0,0.00
3222,"Customer 03222",9,6415.57,712.84,0,0.00
3223,"Customer 03223",8,8531.63,1066.45,1,12.50
3224,"Customer 03224",6,7089.92,1181.65,1,16.67
3225,"Customer 03225",9,10106.52,1122.95,0,0.00
3226,"Customer 03226",10,9207.34,920.73,1,10.00
3227,"Customer 03227",9,7498.37,833.15,1,11.11
3228,"Customer 03228",7,10721.53,1531.65,0,0.00
3229,"Customer 03229",8,13234.99,1654.37,0,0.00
3230,"Customer 03230",7,6247.89,892.56,0,0.00
3231,"Customer 03231",8,13571.50,1696.44,1,12.50
3232,"Customer 03232",11,17236.33,1566.94,0,0.00
3233,"Customer 03233",11,11573.09,1052.10,1,9.09
3234,"Customer 03234",13,16392.00,1260.92,0,0.00
3235,"Customer 03235",9,13333.02,1481.45,0,0.00
3236,"Customer 03236",10,9295.32,929.53,0,0.00
3237,"Customer 03237",17,24933.37,1466.67,0,0.00
3238,"Customer 03238",12,17831.56,1485.96,0,0.00
3239,"Customer 03239",10,15741.35,1574.14,1,10.00
3240,"Customer 03240",9,7326.51,814.06,0,0.00
3241,"Customer 03241",14,20360.11,1454.29,0,0.00
3242,"Customer 03242",7,8276.31,1182.33,0,0.00
3243,"Customer 03243",10,5657.71,565.77,0,0.00
3244,"Customer 03244",10,13153.77,1315.38,1,10.00
3245,"Customer 03245",11,12917.16,1174.29,1,9.09
3246,"Customer 03246",9,5518.74,613.19,1,11.11
3247,"Customer 03247",14,17770.49,1269.32,0,0.00
3248,"Customer 03248",7,11827.79,1689.68,0,0.00
3249,"Customer 03249",10,9184.08,918.41,0,0.00
3250,"Customer 03250",10,9974.01,997.40,2,20.00
3251,"Customer 03251",14,31891.62,2277.97,3,21.43
3252,"Customer 03252",11,11408.60,1037.15,0,0.00
3253,"Customer 03253",14,18924.84,1351.77,0,0.00
3254,"Customer 03254",12,12534.69,1044.56,1,8.33
3255,"Customer 03255",13,12017.44,924.42,0,0.00
3256,"Customer 03256",3,3254.26,1084.75,0,0.00
3257,"Customer 03257",13,11815.38,908.88,1,7.69
3258,"Customer 03258",10,10551.70,1055.17,1,10.00
3259,"Customer 03259",14,15025.84,1073.27,0,0.00
3260,"Customer 03260",6,7060.08,1176.68,1,16.67
3261,"Customer 03261",11,16566.91,1506.08,1,9.09
3262,"Customer 03262",9,9475.06,1052.78,0,0.00
3263,"Customer 03263",8,6964.54,870.57,0,0.00
3264,"Customer 03264",7,9052.24,1293.18,0,0.00
3265,"Customer 03265",10,19656.46,1965.65,0,0.00
3266,"Customer 03266",11,10788.10,980.74,0,0.00
3267,"Customer 03267",17,17858.81,1050.52,0,0.00
3268,"Customer 03268",11,23371.09,2124.64,0,0.00
3269,"Customer 03269",10,12926.59,1292.66,0,0.00
3270,"Customer 03270",17,23882.09,1404.83,1,5.88
3271,"Customer 03271",10,20109.61,2010.96,0,0.00
3272,"Customer 03272",10,9801.24,980.12,0,0.00
3273,"Customer 03273",13,15248.82,1172.99,1,7.69
3274,"Customer 03274",8,6653.73,831.72,1,12.50
3275,"Customer 03275",7,5259.90,751.41,0,0.00
3276,"Customer 03276",10,9640.78,964.08,0,0.00
3277,"Customer 03277",6,4783.10,797.18,0,0.00
3278,"Customer 03278",9,7276.96,808.55,1,11.11
3279,"Customer 03279",14,19757.85,1411.28,1,7.14
3280,"Customer 03280",8,6901.67,862.71,0,0.00
3281,"Customer 03281",3,3806.12,1268.71,0,0.00
3282,"Customer 03282",10,11145.23,1114.52,1,10.00
3283,"Customer 03283",13,21255.72,1635.06,0,0.00
3284,"Customer 03284",9,7577.00,841.89,1,11.11
3285,"Customer 03285",12,15003.32,1250.28,1,8.33
3286,"Customer 03286",8,10097.77,1262.22,0,0.00
3287,"Customer 03287",8,4798.17,599.77,0,0.00
3288,"Customer 03288",12,10789.46,899.12,2,16.67
3289,"Customer 03289",12,15098.23,1258.19,0,0.00
3290,"Customer 03290",9,7694.81,854.98,0,0.00
3291,"Customer 03291",12,14897.54,1241.46,0,0.00
3292,"Customer 03292",8,10878.67,1359.83,0,0.00
3293,"Customer 03293",10,10890.01,1089.00,3,30.00
3294,"Customer 03294",13,11272.08,867.08,0,0.00
3295,"Customer 03295",14,11122.28,794.45,2,14.29
3296,"Customer 03296",13,11092.78,853.29,2,15.38
3297,"Customer 03297",7,4318.63,616.95,0,0.00
3298,"Customer 03298",15,13161.48,877.43,0,0.00
3299,"Customer 03299",9,9206.83,1022.98,0,0.00
3300,"Customer 03300",12,23636.70,1969.73,1,8.33
3301,"Customer 03301",19,23932.78,1259.62,1,5.26
3302,"Customer 03302",6,3141.16,523.53,0,0.00
3303,"Customer 03303",12,19223.79,1601.98,2,16.67
3304,"Customer 03304",9,7985.88,887.32,1,11.11
3305,"Customer 03305",11,26763.04,2433.00,1,9.09
3306,"Customer 03306",14,10487.65,749.12,1,7.14
3307,"Customer 03307",6,7250.88,1208.48,0,0.00
3308,"Customer 03308",17,19958.33,1174.02,0,0.00
3309,"Customer 03309",7,17012.98,2430.43,1,14.29
3310,"Customer 03310",12,14756.70,1229.73,0,0.00
3311,"Customer 03311",11,13442.89,1222.08,0,0.00
3312,"Customer 03312",13,9848.99,757.61,1,7.69
3313,"Customer 03313",10,6453.93,645.39,0,0.00
3314,"Customer 03314",5,5683.56,1136.71,0,0.00
3315,"Customer 03315",17,17006.86,1000.40,0,0.00
3316,"Customer 03316",8,7868.48,983.56,2,25.00
3317,"Customer 03317",9,16040.60,1782.29,0,0.00
3318,"Customer 03318",17,22292.86,1311.34,0,0.00
3319,"Customer 03319",9,10247.39,1138.60,0,0.00
3320,"Customer 03320",10,12143.81,1214.38,1,10.00
3321,"Customer 03321",6,6318.87,1053.15,0,0.00
3322,"Customer 03322",8,11972.61,1496.58,0,0.00
3323,"Customer 03323",8,8563.12,1070.39,0,0.00
3324,"Customer 03324",8,7248.59,906.07,1,12.50
3325,"Customer 03325",7,8024.52,1146.36,0,0.00
3326,"Customer 03326",12,15078.34,1256.53,0,0.00
3327,"Customer 03327",9,5620.80,624.53,2,22.22
3328,"Customer 03328",8,11742.22,1467.78,0,0.00
3329,"Customer 03329",8,9277.80,1159.73,0,0.00
3330,"Customer 03330",10,8920.56,892.06,0,0.00
3331,"Customer 03331",10,8557.69,855.77,1,10.00
3332,"Customer 03332",9,8888.45,987.61,0,0.00
3333,"Customer 03333",11,10365.22,942.29,0,0.00
3334,"Customer 03334",10,19374.82,1937.48,1,10.00
3335,"Customer 03335",14,18942.54,1353.04,1,7.14
3336,"Customer 03336",14,17703.29,1264.52,0,0.00
3337,"Customer 03337",10,10483.89,1048.39,0,0.00
3338,"Customer 03338",9,7850.45,872.27,0,0.00
3339,"Customer 03339",16,13248.57,828.04,3,18.75
3340,"Customer 03340",7,3287.30,469.61,0,0.00
3341,"Customer 03341",3,3029.05,1009.68,0,0.00
3342,"Customer 03342",13,9831.47,756.27,2,15.38
3343,"Customer 03343",10,9141.87,914.19,0,0.00
3344,"Customer 03344",10,11318.31,1131.83,1,10.00
3345,"Customer 03345",11,14152.26,1286.57,0,0.00
3346,"Customer 03346",13,14716.03,1132.00,1,7.69
3347,"Customer 03347",9,6031.62,670.18,0,0.00
3348,"Customer 03348",12,15572.01,1297.67,1,8.33
3349,"Customer 03349",14,20778.09,1484.15,1,7.14
3350,"Customer 03350",5,5730.13,1146.03,0,0.00
3351,"Customer 03351",12,13896.53,1158.04,1,8.33
3352,"Customer 03352",10,13618.87,1361.89,0,0.00
3353,"Customer 03353",15,14171.01,944.73,0,0.00
3354,"Customer 03354",15,16245.77,1083.05,1,6.67
3355,"Customer 03355",17,14732.16,866.60,2,11.76
3356,"Customer 03356",5,6974.10,1394.82,0,0.00
3357,"Customer 03357",13,13562.75,1043.29,1,7.69
3358,"Customer 03358",15,27346.12,1823.07,0,0.00
3359,"Customer 03359",9,11718.21,1302.02,0,0.00
3360,"Customer 03360",10,8712.31,871.23,1,10.00
3361,"Customer 03361",3,3094.91,1031.64,0,0.00
3362,"Customer 03362",11,9781.92,889.27,0,0.00
3363,"Customer 03363",8,12655.18,1581.90,1,12.50
3364,"Customer 03364",14,18145.87,1296.13,1,7.14
3365,"Customer 03365",9,15178.18,1686.46,0,0.00
3366,"Customer 03366",7,5038.07,719.72,0,0.00
3367,"Customer 03367",11,13297.36,1208.85,0,0.00
3368,"Customer 03368",10,11575.13,1157.51,1,10.00
3369,"Customer 03369",17,20461.77,1203.63,0,0.00
3370,"Customer 03370",10,9576.96,957.70,0,0.00
3371,"Customer 03371",12,11492.35,957.70,0,0.00
3372,"Customer 03372",11,12882.00,1171.09,0,0.00
3373,"Customer 03373",7,6889.14,984.16,0,0.00
3374,"Customer 03374",8,11636.83,1454.60,0,0.00
3375,"Customer 03375",9,15696.04,1744.00,0,0.00
3376,"Customer 03376",12,9754.54,812.88,1,8.33
3377,"Customer 03377",9,9940.52,1104.50,0,0.00
3378,"Customer 03378",14,16951.92,1210.85,2,14.29
3379,"Customer 03379",8,8637.29,1079.66,1,12.50
3380,"Customer 03380",9,12316.10,1368.46,0,0.00
3381,"Customer 03381",7,7523.33,1074.76,1,14.29
3382,"Customer 03382",15,10217.66,681.18,0,0.00
3383,"Customer 03383",16,18066.37,1129.15,0,0.00
3384,"Customer 03384",7,9710.98,1387.28,0,0.00
3385,"Customer 03385",8,7010.82,876.35,1,12.50
3386,"Customer 03386",8,6509.42,813.68,0,0.00
3387,"Customer 03387",11,5216.80,474.25,0,0.00
3388,"Customer 03388",8,16550.10,2068.76,0,0.00
3389,"Customer 03389",12,8486.30,707.19,0,0.00
3390,"Customer 03390",6,10541.08,1756.85,0,0.00
3391,"Customer 03391",3,1608.12,536.04,0,0.00
3392,"Customer 03392",10,9161.33,916.13,1,10.00
3393,"Customer 03393",8,9432.39,1179.05,1,12.50
3394,"Customer 03394",8,14515.53,1814.44,0,0.00
3395,"Customer 03395",8,13106.38,1638.30,0,0.00
3396,"Customer 03396",9,4482.13,498.01,0,0.00
3397,"Customer 03397",9,10690.86,1187.87,1,11.11
3398,"Customer 03398",5,6815.03,1363.01,1,20.00
3399,"Customer 03399",10,17800.48,1780.05,2,20.00
3400,"Customer 03400",10,4702.35,470.24,1,10.00
3401,"Customer 03401",9,11271.36,1252.37,0,0.00
3402,"Customer 03402",9,7563.03,840.34,1,11.11
3403,"Customer 03403",10,12341.25,1234.13,1,10.00
3404,"Customer 03404",9,12364.48,1373.83,1,11.11
3405,"Customer 03405",8,10862.64,1357.83,1,12.50
3406,"Customer 03406",10,8932.59,893.26,1,10.00
3407,"Customer 03407",15,15532.45,1035.50,1,6.67
3408,"Customer 03408",16,26428.74,1651.80,0,0.00
3409,"Customer 03409",9,12621.00,1402.33,0,0.00
3410,"Customer 03410",11,14603.14,1327.56,0,0.00
3411,"Customer 03411",10,6126.93,612.69,0,0.00
3412,"Customer 03412",7,6650.06,950.01,0,0.00
3413,"Customer 03413",9,9738.70,1082.08,0,0.00
3414,"Customer 03414",8,9359.23,1169.90,0,0.00
3415,"Customer 03415",13,13830.90,1063.92,0,0.00
3416,"Customer 03416",5,6446.82,1289.36,1,20.00
3417,"Customer 03417",7,8126.08,1160.87,1,14.29
3418,"Customer 03418",7,7440.56,1062.94,0,0.00
3419,"Customer 03419",9,6438.27,715.36,0,0.00
3420,"Customer 03420",21,16741.83,797.23,1,4.76
3421,"Customer 03421",8,6606.45,825.81,0,0.00
3422,"Customer 03422",11,9876.38,897.85,1,9.09
3423,"Customer 03423",8,8682.78,1085.35,1,12.50
3424,"Customer 03424",9,7724.19,858.24,0,0.00
3425,"Customer 03425",8,13075.74,1634.47,0,0.00
3426,"Customer 03426",15,30413.69,2027.58,0,0.00
3427,"Customer 03427",7,3732.32,533.19,0,0.00
3428,"Customer 03428",11,8342.24,758.39,0,0.00
3429,"Customer 03429",5,2890.21,578.04,0,0.00
3430,"Customer 03430",9,9210.90,1023.43,0,0.00
3431,"Customer 03431",9,10554.00,1172.67,0,0.00
3432,"Customer 03432",14,14434.25,1031.02,1,7.14
3433,"Customer 03433",10,17306.89,1730.69,0,0.00
3434,"Customer 03434",10,13664.89,1366.49,1,10.00
3435,"Customer 03435",11,11658.46,1059.86,0,0.00
3436,"Customer 03436",7,5800.59,828.66,0,0.00
3437,"Customer 03437",8,12840.87,1605.11,0,0.00
3438,"Customer 03438",10,10429.15,1042.92,0,0.00
3439,"Customer 03439",12,9992.08,832.67,0,0.00
3440,"Customer 03440",14,12340.63,881.47,0,0.00
3441,"Customer 03441",12,12336.75,1028.06,0,0.00
3442,"Customer 03442",12,15284.99,1273.75,0,0.00
3443,"Customer 03443",5,5698.84,1139.77,0,0.00
3444,"Customer 03444",10,17561.02,1756.10,0,0.00
3445,"Customer 03445",10,9896.55,989.66,0,0.00
3446,"Customer 03446",16,15325.21,957.83,0,0.00
3447,"Customer 03447",10,7876.39,787.64,0,0.00
3448,"Customer 03448",13,18157.79,1396.75,0,0.00
3449,"Customer 03449",9,8125.17,902.80,1,11.11
3450,"Customer 03450",12,12832.93,1069.41,1,8.33
3451,"Customer 03451",8,7198.36,899.80,1,12.50
3452,"Customer 03452",5,7389.62,1477.92,0,0.00
3453,"Customer 03453",10,7212.97,721.30,1,10.00
3454,"Customer 03454",11,17606.97,1600.63,0,0.00
3455,"Customer 03455",9,13114.36,1457.15,2,22.22
3456,"Customer 03456",9,11174.53,1241.61,0,0.00
3457,"Customer 03457",10,14074.85,1407.49,0,0.00
3458,"Customer 03458",14,20511.39,1465.10,0,0.00
3459,"Customer 03459",15,16733.18,1115.55,1,6.67
3460,"Customer 03460",12,14704.27,1225.36,0,0.00
3461,"Customer 03461",10,8707.00,870.70,0,0.00
3462,"Customer 03462",9,6245.21,693.91,0,0.00
3463,"Customer 03463",9,3843.40,427.04,1,11.11
3464,"Customer 03464",12,14667.88,1222.32,0,0.00
3465,"Customer 03465",7,4705.53,672.22,0,0.00
3466,"Customer 03466",11,17180.72,1561.88,1,9.09
3467,"Customer 03467",12,12033.94,1002.83,0,0.00
3468,"Customer 03468",10,10931.20,1093.12,0,0.00
3469,"Customer 03469",8,8096.20,1012.03,0,0.00
3470,"Customer 03470",11,15757.09,1432.46,0,0.00
3471,"Customer 03471",12,13783.17,1148.60,0,0.00
3472,"Customer 03472",7,10100.49,1442.93,1,14.29
3473,"Customer 03473",9,10921.09,1213.45,0,0.00
3474,"Customer 03474",5,1885.80,377.16,1,20.00
3475,"Customer 03475",6,9744.47,1624.08,1,16.67
3476,"Customer 03476",3,3928.10,1309.37,0,0.00
3477,"Customer 03477",9,9422.07,1046.90,0,0.00
3478,"Customer 03478",13,7866.01,605.08,1,7.69
3479,"Customer 03479",19,30758.88,1618.89,0,0.00
3480,"Customer 03480",10,13006.45,1300.65,0,0.00
3481,"Customer 03481",16,24020.50,1501.28,1,6.25
3482,"Customer 03482",8,13656.99,1707.12,2,25.00
3483,"Customer 03483",7,13674.78,1953.54,0,0.00
3484,"Customer 03484",5,4344.19,868.84,0,0.00
3485,"Customer 03485",6,8075.48,1345.91,0,0.00
3486,"Customer 03486",14,13419.87,958.56,0,0.00
3487,"Customer 03487",11,21056.12,1914.19,1,9.09
3488,"Customer 03488",8,10552.10,1319.01,1,12.50
3489,"Customer 03489",3,2343.75,781.25,0,0.00
3490,"Customer 03490",12,23513.57,1959.46,0,0.00
3491,"Customer 03491",9,7300.61,811.18,0,0.00
3492,"Customer 03492",15,9611.75,640.78,1,6.67
3493,"Customer 03493",8,5998.22,749.78,0,0.00
3494,"Customer 03494",7,5933.76,847.68,1,14.29
3495,"Customer 03495",8,9534.11,1191.76,1,12.50
3496,"Customer 03496",11,9727.07,884.28,0,0.00
3497,"Customer 03497",12,8586.43,715.54,1,8.33
3498,"Customer 03498",11,9221.86,838.35,0,0.00
3499,"Customer 03499",10,17218.96,1721.90,0,0.00
3500,"Customer 03500",14,9541.84,681.56,0,0.00
3501,"Customer 03501",15,16578.11,1105.21,0,0.00
3502,"Customer 03502",8,4387.45,548.43,1,12.50
3503,"Customer 03503",11,11526.38,1047.85,0,0.00
3504,"Customer 03504",13,9592.09,737.85,0,0.00
3505,"Customer 03505",13,13909.82,1069.99,1,7.69
3506,"Customer 03506",8,13467.92,1683.49,0,0.00
3507,"Customer 03507",15,14057.00,937.13,0,0.00
3508,"Customer 03508",13,12601.76,969.37,0,0.00
3509,"Customer 03509",12,8312.47,692.71,0,0.00
3510,"Customer 03510",11,19577.20,1779.75,0,0.00
3511,"Customer 03511",4,4717.98,1179.50,0,0.00
3512,"Customer 03512",10,5930.04,593.00,0,0.00
3513,"Customer 03513",5,3663.29,732.66,0,0.00
3514,"Customer 03514",8,6402.23,800.28,1,12.50
3515,"Customer 03515",11,8066.03,733.28,0,0.00
3516,"Customer 03516",7,8160.66,1165.81,0,0.00
3517,"Customer 03517",10,22659.90,2265.99,0,0.00
3518,"Customer 03518",12,13317.24,1109.77,0,0.00
3519,"Customer 03519",11,15993.48,1453.95,0,0.00
3520,"Customer 03520",11,13536.41,1230.58,0,0.00
3521,"Customer 03521",9,5678.96,631.00,2,22.22
3522,"Customer 03522",10,12438.35,1243.84,0,0.00
3523,"Customer 03523",8,9199.29,1149.91,0,0.00
3524,"Customer 03524",6,10517.07,1752.85,1,16.67
3525,"Customer 03525",9,19363.40,2151.49,1,11.11
3526,"Customer 03526",10,9634.03,963.40,1,10.00
3527,"Customer 03527",14,23945.46,1710.39,0,0.00
3528,"Customer 03528",13,11999.97,923.07,0,0.00
3529,"Customer 03529",10,7322.53,732.25,0,0.00
3530,"Customer 03530",13,7105.78,546.60,0,0.00
3531,"Customer 03531",10,7561.26,756.13,2,20.00
3532,"Customer 03532",8,10952.17,1369.02,0,0.00
3533,"Customer 03533",8,7597.28,949.66,1,12.50
3534,"Customer 03534",9,12250.86,1361.21,0,0.00
3535,"Customer 03535",5,8471.99,1694.40,0,0.00
3536,"Customer 03536",8,6121.98,765.25,0,0.00
3537,"Customer 03537",17,15315.52,900.91,2,11.76
3538,"Customer 03538",11,11251.27,1022.84,1,9.09
3539,"Customer 03539",14,21771.30,1555.09,1,7.14
3540,"Customer 03540",9,4793.97,532.66,1,11.11
3541,"Customer 03541",5,4378.94,875.79,0,0.00
3542,"Customer 03542",11,8322.43,756.58,0,0.00
3543,"Customer 03543",5,7103.89,1420.78,0,0.00
3544,"Customer 03544",13,16824.05,1294.16,2,15.38
3545,"Customer 03545",7,5246.02,749.43,1,14.29
3546,"Customer 03546",13,17899.68,1376.90,2,15.38
3547,"Customer 03547",6,4121.16,686.86,0,0.00
3548,"Customer 03548",15,17413.94,1160.93,1,6.67
3549,"Customer 03549",16,11957.22,747.33,0,0.00
3550,"Customer 03550",14,25429.82,1816.42,1,7.14
3551,"Customer 03551",8,3854.94,481.87,1,12.50
3552,"Customer 03552",17,19379.28,1139.96,1,5.88
3553,"Customer 03553",5,3984.49,796.90,0,0.00
3554,"Customer 03554",8,6322.74,790.34,0,0.00
3555,"Customer 03555",15,19703.66,1313.58,1,6.67
3556,"Customer 03556",10,15747.03,1574.70,1,10.00
3557,"Customer 03557",6,1843.48,307.25,0,0.00
3558,"Customer 03558",5,2532.29,506.46,0,0.00
3559,"Customer 03559",8,11963.06,1495.38,0,0.00
3560,"Customer 03560",15,17682.51,1178.83,0,0.00
3561,"Customer 03561",12,21346.31,1778.86,0,0.00
3562,"Customer 03562",15,16060.68,1070.71,0,0.00
3563,"Customer 03563",11,9299.38,845.40,0,0.00
3564,"Customer 03564",9,17411.67,1934.63,0,0.00
3565,"Customer 03565",11,23999.55,2181.78,0,0.00
3566,"Customer 03566",20,19207.22,960.36,0,0.00
3567,"Customer 03567",11,17418.61,1583.51,0,0.00
3568,"Customer 03568",9,4512.10,501.34,0,0.00
3569,"Customer 03569",9,6285.13,698.35,2,22.22
3570,"Customer 03570",8,10155.63,1269.45,0,0.00
3571,"Customer 03571",10,9553.82,955.38,1,10.00
3572,"Customer 03572",9,15248.17,1694.24,1,11.11
3573,"Customer 03573",12,5856.13,488.01,0,0.00
3574,"Customer 03574",8,11063.56,1382.95,0,0.00
3575,"Customer 03575",14,19272.12,1376.58,0,0.00
3576,"Customer 03576",7,16943.82,2420.55,0,0.00
3577,"Customer 03577",9,8840.05,982.23,1,11.11
3578,"Customer 03578",7,15335.56,2190.79,0,0.00
3579,"Customer 03579",11,15542.45,1412.95,0,0.00
3580,"Customer 03580",15,14469.86,964.66,1,6.67
3581,"Customer 03581",11,13251.85,1204.71,1,9.09
3582,"Customer 03582",16,21375.79,1335.99,2,12.50
3583,"Customer 03583",10,10297.75,1029.78,0,0.00
3584,"Customer 03584",14,17978.00,1284.14,2,14.29
3585,"Customer 03585",6,9481.60,1580.27,0,0.00
3586,"Customer 03586",7,4133.71,590.53,0,0.00
3587,"Customer 03587",12,12816.93,1068.08,1,8.33
3588,"Customer 03588",5,6365.56,1273.11,0,0.00
3589,"Customer 03589",7,8450.63,1207.23,0,0.00
3590,"Customer 03590",12,10020.16,835.01,1,8.33
3591,"Customer 03591",10,9249.96,925.00,0,0.00
3592,"Customer 03592",14,15954.51,1139.61,0,0.00
3593,"Customer 03593",5,2484.28,496.86,0,0.00
3594,"Customer 03594",5,5456.29,1091.26,0,0.00
3595,"Customer 03595",4,6548.57,1637.14,1,25.00
3596,"Customer 03596",13,16829.74,1294.60,2,15.38
3597,"Customer 03597",8,6734.07,841.76,1,12.50
3598,"Customer 03598",3,2518.04,839.35,0,0.00
3599,"Customer 03599",5,4267.89,853.58,0,0.00
3600,"Customer 03600",8,12281.82,1535.23,1,12.50
3601,"Customer 03601",16,19275.45,1204.72,1,6.25
3602,"Customer 03602",11,16543.98,1504.00,0,0.00
3603,"Customer 03603",16,14244.69,890.29,3,18.75
3604,"Customer 03604",5,4852.85,970.57,2,40.00
3605,"Customer 03605",19,17850.70,939.51,1,5.26
3606,"Customer 03606",8,13001.26,1625.16,0,0.00
3607,"Customer 03607",12,11210.95,934.25,1,8.33
3608,"Customer 03608",5,6165.34,1233.07,1,20.00
3609,"Customer 03609",7,6883.77,983.40,0,0.00
3610,"Customer 03610",9,10959.93,1217.77,0,0.00
3611,"Customer 03611",8,8007.53,1000.94,0,0.00
3612,"Customer 03612",12,18368.47,1530.71,1,8.33
3613,"Customer 03613",9,6259.20,695.47,0,0.00
3614,"Customer 03614",7,5780.49,825.78,1,14.29
3615,"Customer 03615",8,5617.93,702.24,1,12.50
3616,"Customer 03616",6,4939.61,823.27,1,16.67
3617,"Customer 03617",9,9038.53,1004.28,0,0.00
3618,"Customer 03618",13,8409.92,646.92,1,7.69
3619,"Customer 03619",9,9656.70,1072.97,0,0.00
3620,"Customer 03620",12,13526.87,1127.24,1,8.33
3621,"Customer 03621",18,17212.47,956.25,2,11.11
3622,"Customer 03622",7,6682.98,954.71,0,0.00
3623,"Customer 03623",4,10151.60,2537.90,0,0.00
3624,"Customer 03624",7,7946.40,1135.20,1,14.29
3625,"Customer 03625",10,9187.44,918.74,0,0.00
3626,"Customer 03626",12,9266.80,772.23,1,8.33
3627,"Customer 03627",8,14300.67,1787.58,0,0.00
3628,"Customer 03628",12,9884.96,823.75,1,8.33
3629,"Customer 03629",11,16390.77,1490.07,0,0.00
3630,"Customer 03630",9,7404.51,822.72,0,0.00
3631,"Customer 03631",11,10866.76,987.89,0,0.00
3632,"Customer 03632",12,17189.01,1432.42,0,0.00
3633,"Customer 03633",13,22146.81,1703.60,1,7.69
3634,"Customer 03634",8,11760.72,1470.09,0,0.00
3635,"Customer 03635",13,8915.72,685.82,0,0.00
3636,"Customer 03636",12,12637.86,1053.16,1,8.33
3637,"Customer 03637",9,10049.08,1116.56,2,22.22
3638,"Customer 03638",7,11185.37,1597.91,0,0.00
3639,"Customer 03639",13,21753.71,1673.36,1,7.69
3640,"Customer 03640",9,13537.53,1504.17,0,0.00
3641,"Customer 03641",14,18139.47,1295.68,1,7.14
3642,"Customer 03642",9,10566.24,1174.03,0,0.00
3643,"Customer 03643",17,29579.77,1739.99,1,5.88
3644,"Customer 03644",9,20923.92,2324.88,0,0.00
3645,"Customer 03645",8,11248.37,1406.05,0,0.00
3646,"Customer 03646",10,20398.48,2039.85,0,0.00
3647,"Customer 03647",21,24272.59,1155.84,1,4.76
3648,"Customer 03648",10,8898.60,889.86,0,0.00
3649,"Customer 03649",7,5604.33,800.62,1,14.29
3650,"Customer 03650",11,9791.81,890.16,0,0.00
3651,"Customer 03651",8,9755.05,1219.38,1,12.50
3652,"Customer 03652",11,9838.27,894.39,0,0.00
3653,"Customer 03653",13,15766.22,1212.79,1,7.69
3654,"Customer 03654",18,21339.86,1185.55,1,5.56
3655,"Customer 03655",11,14419.53,1310.87,0,0.00
3656,"Customer 03656",4,5480.77,1370.19,0,0.00
3657,"Customer 03657",14,18446.12,1317.58,0,0.00
3658,"Customer 03658",10,12416.41,1241.64,0,0.00
3659,"Customer 03659",16,18370.94,1148.18,0,0.00
3660,"Customer 03660",8,6747.56,843.45,1,12.50
3661,"Customer 03661",9,9306.47,1034.05,0,0.00
3662,"Customer 03662",12,7608.66,634.06,1,8.33
3663,"Customer 03663",17,22151.16,1303.01,2,11.76
3664,"Customer 03664",12,17821.47,1485.12,1,8.33
3665,"Customer 03665",9,10900.03,1211.11,1,11.11
3666,"Customer 03666",10,10617.06,1061.71,0,0.00
3667,"Customer 03667",8,6834.28,854.29,1,12.50
3668,"Customer 03668",13,11349.33,873.03,0,0.00
3669,"Customer 03669",11,15218.47,1383.50,0,0.00
3670,"Customer 03670",11,11402.81,1036.62,1,9.09
3671,"Customer 03671",9,5111.31,567.92,0,0.00
3672,"Customer 03672",10,7359.30,735.93,1,10.00
3673,"Customer 03673",10,15370.87,1537.09,0,0.00
3674,"Customer 03674",13,6978.52,536.81,0,0.00
3675,"Customer 03675",16,17916.20,1119.76,0,0.00
3676,"Customer 03676",9,13717.79,1524.20,1,11.11
3677,"Customer 03677",11,6449.91,586.36,0,0.00
3678,"Customer 03678",11,10614.95,965.00,0,0.00
3679,"Customer 03679",12,9732.09,811.01,0,0.00
3680,"Customer 03680",12,20231.37,1685.95,1,8.33
3681,"Customer 03681",5,10443.81,2088.76,0,0.00
3682,"Customer 03682",8,7657.07,957.13,0,0.00
3683,"Customer 03683",18,30258.79,1681.04,1,5.56
3684,"Customer 03684",11,14823.35,1347.58,0,0.00
3685,"Customer 03685",8,9108.85,1138.61,2,25.00
3686,"Customer 03686",13,12656.28,973.56,2,15.38
3687,"Customer 03687",10,7752.96,775.30,1,10.00
3688,"Customer 03688",15,14996.40,999.76,0,0.00
3689,"Customer 03689",7,6149.00,878.43,0,0.00
3690,"Customer 03690",12,15216.54,1268.05,3,25.00
3691,"Customer 03691",13,16985.32,1306.56,0,0.00
3692,"Customer 03692",14,18694.50,1335.32,1,7.14
3693,"Customer 03693",13,11073.95,851.84,0,0.00
3694,"Customer 03694",13,12467.04,959.00,2,15.38
3695,"Customer 03695",10,6530.30,653.03,1,10.00
3696,"Customer 03696",11,22463.06,2042.10,0,0.00
3697,"Customer 03697",13,10192.81,784.06,1,7.69
3698,"Customer 03698",11,13146.50,1195.14,0,0.00
3699,"Customer 03699",11,8456.34,768.76,2,18.18
3700,"Customer 03700",7,8014.06,1144.87,0,0.00
3701,"Customer 03701",12,17011.88,1417.66,0,0.00
3702,"Customer 03702",11,20406.92,1855.17,0,0.00
3703,"Customer 03703",9,9477.08,1053.01,1,11.11
3704,"Customer 03704",6,2148.39,358.07,1,16.67
3705,"Customer 03705",9,5361.48,595.72,0,0.00
3706,"Customer 03706",12,20099.02,1674.92,1,8.33
3707,"Customer 03707",14,23856.19,1704.01,1,7.14
3708,"Customer 03708",10,9668.72,966.87,1,10.00
3709,"Customer 03709",8,7868.20,983.53,0,0.00
3710,"Customer 03710",11,12463.17,1133.02,0,0.00
3711,"Customer 03711",6,4153.45,692.24,0,0.00
3712,"Customer 03712",9,12428.91,1380.99,0,0.00
3713,"Customer 03713",17,11350.29,667.66,1,5.88
3714,"Customer 03714",10,12696.49,1269.65,1,10.00
3715,"Customer 03715",11,12092.27,1099.30,0,0.00
3716,"Customer 03716",13,15512.31,1193.25,1,7.69
3717,"Customer 03717",9,7631.47,847.94,1,11.11
3718,"Customer 03718",10,12428.96,1242.90,0,0.00
3719,"Customer 03719",8,12596.92,1574.62,0,0.00
3720,"Customer 03720",11,8963.40,814.85,0,0.00
3721,"Customer 03721",6,7403.64,1233.94,0,0.00
3722,"Customer 03722",10,16338.07,1633.81,0,0.00
3723,"Customer 03723",6,7431.26,1238.54,0,0.00
3724,"Customer 03724",12,14890.36,1240.86,2,16.67
3725,"Customer 03725",7,8662.47,1237.50,0,0.00
3726,"Customer 03726",9,7063.58,784.84,0,0.00
3727,"Customer 03727",11,11183.69,1016.70,0,0.00
3728,"Customer 03728",13,18142.20,1395.55,0,0.00
3729,"Customer 03729",9,8576.60,952.96,2,22.22
3730,"Customer 03730",12,15588.45,1299.04,0,0.00
3731,"Customer 03731",6,10885.39,1814.23,1,16.67
3732,"Customer 03732",9,6388.18,709.80,1,11.11
3733,"Customer 03733",11,10739.67,976.33,0,0.00
3734,"Customer 03734",6,4413.85,735.64,0,0.00
3735,"Customer 03735",16,17024.90,1064.06,1,6.25
3736,"Customer 03736",13,17095.85,1315.07,0,0.00
3737,"Customer 03737",8,8462.23,1057.78,0,0.00
3738,"Customer 03738",9,11238.38,1248.71,1,11.11
3739,"Customer 03739",11,7776.50,706.95,1,9.09
3740,"Customer 03740",7,17350.55,2478.65,1,14.29
3741,"Customer 03741",13,12313.09,947.16,2,15.38
3742,"Customer 03742",15,17613.83,1174.26,2,13.33
3743,"Customer 03743",10,11312.23,1131.22,0,0.00
3744,"Customer 03744",11,12484.93,1134.99,0,0.00
3745,"Customer 03745",8,11939.89,1492.49,1,12.50
3746,"Customer 03746",12,16164.62,1347.05,0,0.00
3747,"Customer 03747",9,7710.81,856.76,0,0.00
3748,"Customer 03748",9,11230.84,1247.87,2,22.22
3749,"Customer 03749",15,19493.95,1299.60,0,0.00
3750,"Customer 03750",13,18150.15,1396.17,0,0.00
3751,"Customer 03751",8,9169.74,1146.22,0,0.00
3752,"Customer 03752",10,13502.51,1350.25,1,10.00
3753,"Customer 03753",7,13057.18,1865.31,0,0.00
3754,"Customer 03754",4,4732.20,1183.05,0,0.00
3755,"Customer 03755",12,14826.62,1235.55,1,8.33
3756,"Customer 03756",10,12191.28,1219.13,0,0.00
3757,"Customer 03757",7,6556.11,936.59,0,0.00
3758,"Customer 03758",17,22667.54,1333.38,3,17.65
3759,"Customer 03759",4,5082.57,1270.64,0,0.00
3760,"Customer 03760",7,8455.79,1207.97,0,0.00
3761,"Customer 03761",12,8004.30,667.03,0,0.00
3762,"Customer 03762",6,10301.65,1716.94,0,0.00
3763,"Customer 03763",6,8251.61,1375.27,0,0.00
3764,"Customer 03764",9,4461.71,495.75,0,0.00
3765,"Customer 03765",12,18620.10,1551.68,1,8.33
3766,"Customer 03766",14,11194.73,799.62,0,0.00
3767,"Customer 03767",11,7970.09,724.55,0,0.00
3768,"Customer 03768",9,7359.43,817.71,0,0.00
3769,"Customer 03769",6,11317.51,1886.25,0,0.00
3770,"Customer 03770",9,8145.98,905.11,1,11.11
3771,"Customer 03771",10,7010.19,701.02,0,0.00
3772,"Customer 03772",12,14849.96,1237.50,0,0.00
3773,"Customer 03773",8,3425.59,428.20,0,0.00
3774,"Customer 03774",12,21382.26,1781.86,2,16.67
3775,"Customer 03775",12,18734.93,1561.24,0,0.00
3776,"Customer 03776",10,14804.71,1480.47,1,10.00
3777,"Customer 03777",13,19118.38,1470.64,1,7.69
3778,"Customer 03778",8,10919.33,1364.92,0,0.00
3779,"Customer 03779",8,11671.64,1458.96,0,0.00
3780,"Customer 03780",11,10625.48,965.95,1,9.09
3781,"Customer 03781",15,15760.49,1050.70,0,0.00
3782,"Customer 03782",6,5232.19,872.03,0,0.00
3783,"Customer 03783",6,6957.10,1159.52,0,0.00
3784,"Customer 03784",11,8895.38,808.67,2,18.18
3785,"Customer 03785",16,20476.83,1279.80,0,0.00
3786,"Customer 03786",11,8794.95,799.54,0,0.00
3787,"Customer 03787",12,18332.61,1527.72,1,8.33
3788,"Customer 03788",8,7120.97,890.12,0,0.00
3789,"Customer 03789",12,9862.81,821.90,0,0.00
3790,"Customer 03790",14,18733.17,1338.08,0,0.00
3791,"Customer 03791",13,13839.10,1064.55,1,7.69
3792,"Customer 03792",6,6146.44,1024.41,0,0.00
3793,"Customer 03793",6,2379.75,396.63,0,0.00
3794,"Customer 03794",6,4508.88,751.48,2,33.33
3795,"Customer 03795",8,12942.55,1617.82,2,25.00
3796,"Customer 03796",9,7723.21,858.13,1,11.11
3797,"Customer 03797",16,29250.18,1828.14,1,6.25
3798,"Customer 03798",10,14030.19,1403.02,0,0.00
3799,"Customer 03799",7,5238.84,748.41,0,0.00
3800,"Customer 03800",8,9124.06,1140.51,0,0.00
3801,"Customer 03801",9,11159.48,1239.94,0,0.00
3802,"Customer 03802",5,3582.71,716.54,0,0.00
3803,"Customer 03803",6,10068.65,1678.11,0,0.00
3804,"Customer 03804",10,9256.91,925.69,1,10.00
3805,"Customer 03805",10,19101.05,1910.11,0,0.00
3806,"Customer 03806",14,13636.89,974.06,0,0.00
3807,"Customer 03807",12,10814.82,901.24,1,8.33
3808,"Customer 03808",9,5382.44,598.05,0,0.00
3809,"Customer 03809",15,14360.72,957.38,1,6.67
3810,"Customer 03810",5,4018.37,803.67,1,20.00
3811,"Customer 03811",7,4098.37,585.48,0,0.00
3812,"Customer 03812",9,9054.74,1006.08,1,11.11
3813,"Customer 03813",12,8169.05,680.75,0,0.00
3814,"Customer 03814",12,16011.57,1334.30,0,0.00
3815,"Customer 03815",8,7413.56,926.70,0,0.00
3816,"Customer 03816",9,9063.50,1007.06,1,11.11
3817,"Customer 03817",8,9645.63,1205.70,0,0.00
3818,"Customer 03818",11,12133.59,1103.05,1,9.09
3819,"Customer 03819",10,13050.22,1305.02,0,0.00
3820,"Customer 03820",7,4955.82,707.97,0,0.00
3821,"Customer 03821",10,8772.58,877.26,0,0.00
3822,"Customer 03822",8,10215.89,1276.99,0,0.00
3823,"Customer 03823",9,7450.11,827.79,0,0.00
3824,"Customer 03824",7,6076.15,868.02,0,0.00
3825,"Customer 03825",12,8370.28,697.52,2,16.67
3826,"Customer 03826",13,16848.59,1296.05,2,15.38
3827,"Customer 03827",7,11213.58,1601.94,0,0.00
3828,"Customer 03828",10,6850.68,685.07,1,10.00
3829,"Customer 03829",11,12368.99,1124.45,1,9.09
3830,"Customer 03830",7,9921.06,1417.29,2,28.57
3831,"Customer 03831",7,7418.89,1059.84,0,0.00
3832,"Customer 03832",5,8870.93,1774.19,0,0.00
3833,"Customer 03833",12,16688.06,1390.67,0,0.00
3834,"Customer 03834",14,14927.18,1066.23,0,0.00
3835,"Customer 03835",13,22417.44,1724.42,1,7.69
3836,"Customer 03836",14,12640.55,902.90,2,14.29
3837,"Customer 03837",9,9716.42,1079.60,0,0.00
3838,"Customer 03838",6,7630.38,1271.73,0,0.00
3839,"Customer 03839",7,7948.19,1135.46,0,0.00
3840,"Customer 03840",16,20772.44,1298.28,1,6.25
3841,"Customer 03841",13,11002.00,846.31,0,0.00
3842,"Customer 03842",9,13069.57,1452.17,0,0.00
3843,"Customer 03843",11,21510.63,1955.51,0,0.00
3844,"Customer 03844",10,16129.67,1612.97,0,0.00
3845,"Customer 03845",9,7713.92,857.10,0,0.00
3846,"Customer 03846",13,10158.69,781.44,1,7.69
3847,"Customer 03847",10,11274.09,1127.41,0,0.00
3848,"Customer 03848",9,18618.11,2068.68,0,0.00
3849,"Customer 03849",8,6379.82,797.48,0,0.00
3850,"Customer 03850",7,5326.35,760.91,0,0.00
3851,"Customer 03851",10,5266.78,526.68,1,10.00
3852,"Customer 03852",7,5836.88,833.84,0,0.00
3853,"Customer 03853",6,8724.74,1454.12,1,16.67
3854,"Customer 03854",9,14162.79,1573.64,0,0.00
3855,"Customer 03855",15,16787.59,1119.17,1,6.67
3856,"Customer 03856",10,13468.32,1346.83,0,0.00
3857,"Customer 03857",9,8002.32,889.15,1,11.11
3858,"Customer 03858",9,7770.79,863.42,0,0.00
3859,"Customer 03859",7,5523.48,789.07,0,0.00
3860,"Customer 03860",8,5135.77,641.97,0,0.00
3861,"Customer 03861",12,13015.91,1084.66,0,0.00
3862,"Customer 03862",10,16132.45,1613.25,0,0.00
3863,"Customer 03863",16,11839.15,739.95,1,6.25
3864,"Customer 03864",11,7953.00,723.00,0,0.00
3865,"Customer 03865",10,9698.19,969.82,0,0.00
3866,"Customer 03866",5,3565.84,713.17,0,0.00
3867,"Customer 03867",10,6997.13,699.71,1,10.00
3868,"Customer 03868",10,6581.65,658.17,1,10.00
3869,"Customer 03869",7,6734.80,962.11,0,0.00
3870,"Customer 03870",8,7334.03,916.75,0,0.00
3871,"Customer 03871",7,5709.36,815.62,0,0.00
3872,"Customer 03872",15,18215.60,1214.37,2,13.33
3873,"Customer 03873",5,10360.17,2072.03,4,80.00
3874,"Customer 03874",10,11077.43,1107.74,0,0.00
3875,"Customer 03875",8,12120.78,1515.10,0,0.00
3876,"Customer 03876",11,15690.43,1426.40,0,0.00
3877,"Customer 03877",7,15267.07,2181.01,1,14.29
3878,"Customer 03878",12,19603.94,1633.66,0,0.00
3879,"Customer 03879",11,9228.23,838.93,1,9.09
3880,"Customer 03880",8,7266.63,908.33,0,0.00
3881,"Customer 03881",7,7273.27,1039.04,1,14.29
3882,"Customer 03882",7,10780.75,1540.11,1,14.29
3883,"Customer 03883",8,14652.86,1831.61,1,12.50
3884,"Customer 03884",10,4062.54,406.25,0,0.00
3885,"Customer 03885",3,1623.98,541.33,0,0.00
3886,"Customer 03886",11,10583.55,962.14,1,9.09
3887,"Customer 03887",15,14039.78,935.99,1,6.67
3888,"Customer 03888",8,6726.06,840.76,1,12.50
3889,"Customer 03889",11,10567.36,960.67,0,0.00
3890,"Customer 03890",6,3407.17,567.86,0,0.00
3891,"Customer 03891",9,9565.60,1062.84,1,11.11
3892,"Customer 03892",9,15285.22,1698.36,1,11.11
3893,"Customer 03893",14,19847.02,1417.64,3,21.43
3894,"Customer 03894",16,21694.47,1355.90,0,0.00
3895,"Customer 03895",7,5913.15,844.74,0,0.00
3896,"Customer 03896",12,12899.03,1074.92,0,0.00
3897,"Customer 03897",9,7741.67,860.19,1,11.11
3898,"Customer 03898",15,22977.45,1531.83,0,0.00
3899,"Customer 03899",12,7030.81,585.90,0,0.00
3900,"Customer 03900",11,10562.18,960.20,0,0.00
3901,"Customer 03901",13,12310.36,946.95,0,0.00
3902,"Customer 03902",9,13833.06,1537.01,1,11.11
3903,"Customer 03903",9,12171.11,1352.35,0,0.00
3904,"Customer 03904",13,11965.23,920.40,0,0.00
3905,"Customer 03905",9,7179.43,797.71,1,11.11
3906,"Customer 03906",9,11411.28,1267.92,1,11.11
3907,"Customer 03907",16,21767.07,1360.44,0,0.00
3908,"Customer 03908",10,11860.99,1186.10,1,10.00
3909,"Customer 03909",9,10045.79,1116.20,0,0.00
3910,"Customer 03910",13,9747.23,749.79,0,0.00
3911,"Customer 03911",13,13369.67,1028.44,0,0.00
3912,"Customer 03912",7,4991.50,713.07,1,14.29
3913,"Customer 03913",10,14444.26,1444.43,1,10.00
3914,"Customer 03914",7,3132.15,447.45,0,0.00
3915,"Customer 03915",12,16702.87,1391.91,0,0.00
3916,"Customer 03916",14,12406.92,886.21,1,7.14
3917,"Customer 03917",9,7941.89,882.43,1,11.11
3918,"Customer 03918",16,22246.72,1390.42,2,12.50
3919,"Customer 03919",12,14971.64,1247.64,1,8.33
3920,"Customer 03920",14,19936.03,1424.00,1,7.14
3921,"Customer 03921",11,13298.41,1208.95,1,9.09
3922,"Customer 03922",9,13259.31,1473.26,0,0.00
3923,"Customer 03923",11,13379.51,1216.32,0,0.00
3924,"Customer 03924",12,12710.09,1059.17,0,0.00
3925,"Customer 03925",11,10854.82,986.80,0,0.00
3926,"Customer 03926",15,16319.56,1087.97,0,0.00
3927,"Customer 03927",11,12889.50,1171.77,0,0.00
3928,"Customer 03928",9,17571.05,1952.34,0,0.00
3929,"Customer 03929",10,2785.61,278.56,2,20.00
3930,"Customer 03930",7,11472.79,1638.97,1,14.29
3931,"Customer 03931",11,10874.98,988.63,0,0.00
3932,"Customer 03932",10,20362.48,2036.25,0,0.00
3933,"Customer 03933",5,4719.15,943.83,0,0.00
3934,"Customer 03934",11,12596.75,1145.16,0,0.00
3935,"Customer 03935",8,8613.58,1076.70,1,12.50
3936,"Customer 03936",12,17718.65,1476.55,0,0.00
3937,"Customer 03937",12,16793.92,1399.49,0,0.00
3938,"Customer 03938",9,11021.34,1224.59,1,11.11
3939,"Customer 03939",4,4876.71,1219.18,0,0.00
3940,"Customer 03940",12,20950.96,1745.91,1,8.33
3941,"Customer 03941",15,12044.00,802.93,1,6.67
3942,"Customer 03942",5,7795.50,1559.10,0,0.00
3943,"Customer 03943",8,9042.76,1130.35,1,12.50
3944,"Customer 03944",9,7776.06,864.01,0,0.00
3945,"Customer 03945",10,10746.43,1074.64,1,10.00
3946,"Customer 03946",11,18554.12,1686.74,0,0.00
3947,"Customer 03947",9,13118.45,1457.61,2,22.22
3948,"Customer 03948",16,18764.71,1172.79,0,0.00
3949,"Customer 03949",12,16816.79,1401.40,0,0.00
3950,"Customer 03950",9,7155.71,795.08,1,11.11
3951,"Customer 03951",12,10073.82,839.49,1,8.33
3952,"Customer 03952",5,7673.10,1534.62,1,20.00
3953,"Customer 03953",13,20855.76,1604.29,0,0.00
3954,"Customer 03954",9,7184.50,798.28,1,11.11
3955,"Customer 03955",13,14013.01,1077.92,0,0.00
3956,"Customer 03956",13,10918.72,839.90,0,0.00
3957,"Customer 03957",13,17000.37,1307.72,1,7.69
3958,"Customer 03958",13,13285.97,1022.00,0,0.00
3959,"Customer 03959",7,16080.62,2297.23,1,14.29
3960,"Customer 03960",9,16049.09,1783.23,0,0.00
3961,"Customer 03961",6,7725.25,1287.54,1,16.67
3962,"Customer 03962",3,3031.63,1010.54,0,0.00
3963,"Customer 03963",19,24260.07,1276.85,2,10.53
3964,"Customer 03964",8,7679.81,959.98,0,0.00
3965,"Customer 03965",15,9147.96,609.86,0,0.00
3966,"Customer 03966",11,9450.66,859.15,1,9.09
3967,"Customer 03967",18,16776.04,932.00,3,16.67
3968,"Customer 03968",13,15552.07,1196.31,0,0.00
3969,"Customer 03969",11,12598.64,1145.33,0,0.00
3970,"Customer 03970",9,9487.63,1054.18,0,0.00
3971,"Customer 03971",8,9466.69,1183.34,0,0.00
3972,"Customer 03972",11,11427.95,1038.90,0,0.00
3973,"Customer 03973",17,29705.97,1747.41,0,0.00
3974,"Customer 03974",14,17996.51,1285.47,1,7.14
3975,"Customer 03975",7,7944.14,1134.88,0,0.00
3976,"Customer 03976",13,14654.93,1127.30,2,15.38
3977,"Customer 03977",8,3401.17,425.15,0,0.00
3978,"Customer 03978",9,10505.87,1167.32,0,0.00
3979,"Customer 03979",7,10181.73,1454.53,0,0.00
3980,"Customer 03980",7,6514.39,930.63,0,0.00
3981,"Customer 03981",11,13302.15,1209.29,0,0.00
3982,"Customer 03982",9,11667.67,1296.41,0,0.00
3983,"Customer 03983",10,6360.58,636.06,0,0.00
3984,"Customer 03984",10,11425.50,1142.55,1,10.00
3985,"Customer 03985",14,14778.21,1055.59,1,7.14
3986,"Customer 03986",10,10932.13,1093.21,1,10.00
3987,"Customer 03987",10,9787.59,978.76,0,0.00
3988,"Customer 03988",5,4903.99,980.80,1,20.00
3989,"Customer 03989",9,10695.88,1188.43,0,0.00
3990,"Customer 03990",9,8794.33,977.15,0,0.00
3991,"Customer 03991",10,11301.61,1130.16,0,0.00
3992,"Customer 03992",11,24875.46,2261.41,0,0.00
3993,"Customer 03993",13,17259.53,1327.66,0,0.00
3994,"Customer 03994",5,4809.83,961.97,1,20.00
3995,"Customer 03995",13,17578.07,1352.16,0,0.00
3996,"Customer 03996",10,5452.05,545.21,0,0.00
3997,"Customer 03997",10,12818.29,1281.83,0,0.00
3998,"Customer 03998",13,13243.52,1018.73,0,0.00
3999,"Customer 03999",11,12362.89,1123.90,1,9.09
4000,"Customer 04000",9,8239.04,915.45,0,0.00
4001,"Customer 04001",6,4561.96,760.33,1,16.67
4002,"Customer 04002",11,10539.73,958.16,0,0.00
4003,"Customer 04003",14,20597.40,1471.24,1,7.14
4004,"Customer 04004",10,8015.33,801.53,0,0.00
4005,"Customer 04005",11,19600.89,1781.90,2,18.18
4006,"Customer 04006",8,4307.31,538.41,0,0.00
4007,"Customer 04007",12,10157.76,846.48,1,8.33
4008,"Customer 04008",15,14005.34,933.69,1,6.67
4009,"Customer 04009",13,15741.26,1210.87,0,0.00
4010,"Customer 04010",9,8214.83,912.76,0,0.00
4011,"Customer 04011",9,13489.81,1498.87,1,11.11
4012,"Customer 04012",10,12248.74,1224.87,1,10.00
4013,"Customer 04013",9,7000.22,777.80,1,11.11
4014,"Customer 04014",10,13866.27,1386.63,0,0.00
4015,"Customer 04015",21,37089.51,1766.17,1,4.76
4016,"Customer 04016",6,6109.02,1018.17,0,0.00
4017,"Customer 04017",10,11441.90,1144.19,1,10.00
4018,"Customer 04018",14,18500.78,1321.48,0,0.00
4019,"Customer 04019",14,6840.65,488.62,1,7.14
4020,"Customer 04020",12,15651.03,1304.25,1,8.33
4021,"Customer 04021",6,4142.31,690.39,0,0.00
4022,"Customer 04022",6,4036.06,672.68,0,0.00
4023,"Customer 04023",17,17477.84,1028.11,0,0.00
4024,"Customer 04024",5,3821.58,764.32,1,20.00
4025,"Customer 04025",6,7332.24,1222.04,0,0.00
4026,"Customer 04026",14,25462.41,1818.74,0,0.00
4027,"Customer 04027",8,6775.60,846.95,2,25.00
4028,"Customer 04028",12,12877.77,1073.15,0,0.00
4029,"Customer 04029",11,23662.61,2151.15,0,0.00
4030,"Customer 04030",8,6656.56,832.07,1,12.50
4031,"Customer 04031",10,15929.24,1592.92,0,0.00
4032,"Customer 04032",11,13374.43,1215.86,0,0.00
4033,"Customer 04033",9,5963.92,662.66,0,0.00
4034,"Customer 04034",11,11683.09,1062.10,1,9.09
4035,"Customer 04035",11,8874.68,806.79,0,0.00
4036,"Customer 04036",12,15671.24,1305.94,1,8.33
4037,"Customer 04037",13,11553.27,888.71,0,0.00
4038,"Customer 04038",7,7958.84,1136.98,0,0.00
4039,"Customer 04039",10,12742.26,1274.23,0,0.00
4040,"Customer 04040",11,9051.36,822.85,1,9.09
4041,"Customer 04041",6,9285.91,1547.65,0,0.00
4042,"Customer 04042",13,8847.70,680.59,0,0.00
4043,"Customer 04043",12,17040.34,1420.03,0,0.00
4044,"Customer 04044",15,20972.55,1398.17,1,6.67
4045,"Customer 04045",6,7163.75,1193.96,0,0.00
4046,"Customer 04046",9,6013.35,668.15,1,11.11
4047,"Customer 04047",16,19444.58,1215.29,1,6.25
4048,"Customer 04048",12,27149.14,2262.43,1,8.33
4049,"Customer 04049",13,16522.66,1270.97,0,0.00
4050,"Customer 04050",7,8460.35,1208.62,0,0.00
4051,"Customer 04051",15,14792.32,986.15,0,0.00
4052,"Customer 04052",9,15178.47,1686.50,0,0.00
4053,"Customer 04053",11,13774.42,1252.22,1,9.09
4054,"Customer 04054",7,8198.05,1171.15,0,0.00
4055,"Customer 04055",19,32378.65,1704.14,0,0.00
4056,"Customer 04056",9,13263.42,1473.71,1,11.11
4057,"Customer 04057",8,12904.58,1613.07,0,0.00
4058,"Customer 04058",8,13066.83,1633.35,0,0.00
4059,"Customer 04059",13,21058.36,1619.87,2,15.38
4060,"Customer 04060",13,9428.96,725.30,1,7.69
4061,"Customer 04061",11,18512.02,1682.91,1,9.09
4062,"Customer 04062",15,20595.51,1373.03,0,0.00
4063,"Customer 04063",12,17244.28,1437.02,0,0.00
4064,"Customer 04064",6,5697.08,949.51,1,16.67
4065,"Customer 04065",4,4268.79,1067.20,0,0.00
4066,"Customer 04066",5,4711.92,942.38,0,0.00
4067,"Customer 04067",11,15315.26,1392.30,2,18.18
4068,"Customer 04068",9,7131.22,792.36,1,11.11
4069,"Customer 04069",14,9189.71,656.41,0,0.00
4070,"Customer 04070",9,7880.11,875.57,0,0.00
4071,"Customer 04071",10,10785.15,1078.52,1,10.00
4072,"Customer 04072",6,13729.05,2288.18,0,0.00
4073,"Customer 04073",7,8325.74,1189.39,0,0.00
4074,"Customer 04074",4,2187.77,546.94,0,0.00
4075,"Customer 04075",12,13203.38,1100.28,0,0.00
4076,"Customer 04076",10,9864.05,986.41,0,0.00
4077,"Customer 04077",11,17855.66,1623.24,1,9.09
4078,"Customer 04078",6,8368.95,1394.83,0,0.00
4079,"Customer 04079",10,16778.48,1677.85,1,10.00
4080,"Customer 04080",13,10294.65,791.90,0,0.00
4081,"Customer 04081",14,20974.04,1498.15,1,7.14
4082,"Customer 04082",8,6837.03,854.63,0,0.00
4083,"Customer 04083",12,17983.46,1498.62,1,8.33
4084,"Customer 04084",10,9823.29,982.33,0,0.00
4085,"Customer 04085",9,14816.94,1646.33,0,0.00
4086,"Customer 04086",8,6976.66,872.08,0,0.00
4087,"Customer 04087",8,3545.10,443.14,0,0.00
4088,"Customer 04088",7,5056.24,722.32,0,0.00
4089,"Customer 04089",6,5927.10,987.85,0,0.00
4090,"Customer 04090",8,11361.27,1420.16,2,25.00
4091,"Customer 04091",7,7766.68,1109.53,0,0.00
4092,"Customer 04092",3,2107.28,702.43,0,0.00
4093,"Customer 04093",13,16880.44,1298.50,0,0.00
4094,"Customer 04094",10,14133.86,1413.39,1,10.00
4095,"Customer 04095",9,7262.34,806.93,0,0.00
4096,"Customer 04096",12,17668.25,1472.35,2,16.67
4097,"Customer 04097",8,6404.43,800.55,0,0.00
4098,"Customer 04098",11,13308.03,1209.82,0,0.00
4099,"Customer 04099",8,7968.29,996.04,0,0.00
4100,"Customer 04100",7,8022.92,1146.13,1,14.29
4101,"Customer 04101",11,10257.14,932.47,0,0.00
4102,"Customer 04102",14,15277.40,1091.24,0,0.00
4103,"Customer 04103",6,5317.19,886.20,1,16.67
4104,"Customer 04104",7,5863.79,837.68,0,0.00
4105,"Customer 04105",8,10229.82,1278.73,0,0.00
4106,"Customer 04106",5,3275.33,655.07,0,0.00
4107,"Customer 04107",13,17426.23,1340.48,0,0.00
4108,"Customer 04108",10,13219.05,1321.91,0,0.00
4109,"Customer 04109",15,15964.35,1064.29,1,6.67
4110,"Customer 04110",9,20497.61,2277.51,0,0.00
4111,"Customer 04111",4,2774.41,693.60,0,0.00
4112,"Customer 04112",6,10148.14,1691.36,0,0.00
4113,"Customer 04113",9,11871.30,1319.03,0,0.00
4114,"Customer 04114",8,14517.62,1814.70,1,12.50
4115,"Customer 04115",9,15606.87,1734.10,0,0.00
4116,"Customer 04116",13,16074.56,1236.50,0,0.00
4117,"Customer 04117",8,16597.65,2074.71,0,0.00
4118,"Customer 04118",14,17080.05,1220.00,0,0.00
4119,"Customer 04119",5,6499.41,1299.88,0,0.00
4120,"Customer 04120",10,10125.95,1012.60,1,10.00
4121,"Customer 04121",7,6443.31,920.47,0,0.00
4122,"Customer 04122",10,9682.69,968.27,0,0.00
4123,"Customer 04123",13,11260.90,866.22,3,23.08
4124,"Customer 04124",11,7354.04,668.55,0,0.00
4125,"Customer 04125",10,9494.89,949.49,1,10.00
4126,"Customer 04126",12,18727.00,1560.58,0,0.00
4127,"Customer 04127",12,12163.54,1013.63,0,0.00
4128,"Customer 04128",13,8830.78,679.29,1,7.69
4129,"Customer 04129",6,9503.80,1583.97,0,0.00
4130,"Customer 04130",4,5419.15,1354.79,0,0.00
4131,"Customer 04131",14,14196.05,1014.00,0,0.00
4132,"Customer 04132",8,10933.47,1366.68,0,0.00
4133,"Customer 04133",14,20572.84,1469.49,0,0.00
4134,"Customer 04134",9,9688.06,1076.45,0,0.00
4135,"Customer 04135",16,18027.25,1126.70,0,0.00
4136,"Customer 04136",7,7215.63,1030.80,0,0.00
4137,"Customer 04137",13,17523.02,1347.92,0,0.00
4138,"Customer 04138",7,7926.04,1132.29,0,0.00
4139,"Customer 04139",13,23261.80,1789.37,1,7.69
4140,"Customer 04140",18,11766.12,653.67,0,0.00
4141,"Customer 04141",8,18435.58,2304.45,0,0.00
4142,"Customer 04142",8,13657.47,1707.18,1,12.50
4143,"Customer 04143",10,11053.97,1105.40,0,0.00
4144,"Customer 04144",6,2378.11,396.35,0,0.00
4145,"Customer 04145",9,21260.75,2362.31,0,0.00
4146,"Customer 04146",9,9300.33,1033.37,1,11.11
4147,"Customer 04147",7,18050.05,2578.58,0,0.00
4148,"Customer 04148",14,21156.61,1511.19,1,7.14
4149,"Customer 04149",10,13558.82,1355.88,0,0.00
4150,"Customer 04150",11,11258.93,1023.54,0,0.00
4151,"Customer 04151",3,6109.57,2036.52,0,0.00
4152,"Customer 04152",12,11713.03,976.09,0,0.00
4153,"Customer 04153",5,8226.41,1645.28,0,0.00
4154,"Customer 04154",11,8160.18,741.83,0,0.00
4155,"Customer 04155",9,11681.90,1297.99,0,0.00
4156,"Customer 04156",10,11773.53,1177.35,0,0.00
4157,"Customer 04157",12,16845.75,1403.81,0,0.00
4158,"Customer 04158",13,8638.37,664.49,1,7.69
4159,"Customer 04159",7,6413.20,916.17,0,0.00
4160,"Customer 04160",9,7490.97,832.33,3,33.33
4161,"Customer 04161",9,9862.02,1095.78,1,11.11
4162,"Customer 04162",14,15525.09,1108.94,1,7.14
4163,"Customer 04163",9,19951.41,2216.82,0,0.00
4164,"Customer 04164",7,6391.56,913.08,0,0.00
4165,"Customer 04165",10,15374.05,1537.41,1,10.00
4166,"Customer 04166",10,6232.24,623.22,0,0.00
4167,"Customer 04167",11,19237.57,1748.87,2,18.18
4168,"Customer 04168",6,8392.67,1398.78,1,16.67
4169,"Customer 04169",13,14923.40,1147.95,0,0.00
4170,"Customer 04170",9,14218.87,1579.87,1,11.11
4171,"Customer 04171",6,9103.54,1517.26,1,16.67
4172,"Customer 04172",9,9221.17,1024.57,1,11.11
4173,"Customer 04173",7,10373.07,1481.87,0,0.00
4174,"Customer 04174",12,15695.60,1307.97,0,0.00
4175,"Customer 04175",9,5745.85,638.43,0,0.00
4176,"Customer 04176",11,12554.84,1141.35,0,0.00
4177,"Customer 04177",12,14549.55,1212.46,1,8.33
4178,"Customer 04178",7,5214.04,744.86,1,14.29
4179,"Customer 04179",11,27898.15,2536.20,0,0.00
4180,"Customer 04180",11,15353.99,1395.82,1,9.09
4181,"Customer 04181",6,6923.64,1153.94,0,0.00
4182,"Customer 04182",4,4589.92,1147.48,0,0.00
4183,"Customer 04183",10,9149.65,914.97,0,0.00
4184,"Customer 04184",16,14814.57,925.91,0,0.00
4185,"Customer 04185",14,12466.68,890.48,2,14.29
4186,"Customer 04186",7,4615.53,659.36,1,14.29
4187,"Customer 04187",11,10077.41,916.13,0,0.00
4188,"Customer 04188",10,7179.88,717.99,0,0.00
4189,"Customer 04189",14,10143.57,724.54,0,0.00
4190,"Customer 04190",17,19505.95,1147.41,1,5.88
4191,"Customer 04191",5,8120.84,1624.17,0,0.00
4192,"Customer 04192",9,9184.89,1020.54,0,0.00
4193,"Customer 04193",14,14253.56,1018.11,0,0.00
4194,"Customer 04194",9,15292.69,1699.19,0,0.00
4195,"Customer 04195",7,8066.67,1152.38,0,0.00
4196,"Customer 04196",6,3068.01,511.34,1,16.67
4197,"Customer 04197",12,17115.45,1426.29,1,8.33
4198,"Customer 04198",12,7186.46,598.87,1,8.33
4199,"Customer 04199",8,9982.31,1247.79,0,0.00
4200,"Customer 04200",10,18750.84,1875.08,0,0.00
4201,"Customer 04201",8,11725.00,1465.63,1,12.50
4202,"Customer 04202",5,2422.71,484.54,3,60.00
4203,"Customer 04203",7,11428.53,1632.65,0,0.00
4204,"Customer 04204",10,14060.20,1406.02,1,10.00
4205,"Customer 04205",10,14385.73,1438.57,0,0.00
4206,"Customer 04206",13,13528.01,1040.62,2,15.38
4207,"Customer 04207",9,12103.14,1344.79,1,11.11
4208,"Customer 04208",6,2750.13,458.36,0,0.00
4209,"Customer 04209",14,10975.00,783.93,0,0.00
4210,"Customer 04210",7,3332.88,476.13,0,0.00
4211,"Customer 04211",7,4855.34,693.62,0,0.00
4212,"Customer 04212",5,7529.97,1505.99,2,40.00
4213,"Customer 04213",10,9333.42,933.34,0,0.00
4214,"Customer 04214",15,18502.96,1233.53,1,6.67
4215,"Customer 04215",6,6131.07,1021.85,0,0.00
4216,"Customer 04216",13,15117.38,1162.88,0,0.00
4217,"Customer 04217",7,4972.51,710.36,1,14.29
4218,"Customer 04218",8,9509.37,1188.67,1,12.50
4219,"Customer 04219",14,13815.12,986.79,0,0.00
4220,"Customer 04220",14,15961.73,1140.12,0,0.00
4221,"Customer 04221",13,15734.22,1210.32,1,7.69
4222,"Customer 04222",16,11885.61,742.85,1,6.25
4223,"Customer 04223",14,17747.58,1267.68,2,14.29
4224,"Customer 04224",11,10460.80,950.98,0,0.00
4225,"Customer 04225",12,18860.85,1571.74,0,0.00
4226,"Customer 04226",7,7425.75,1060.82,0,0.00
4227,"Customer 04227",10,11228.84,1122.88,0,0.00
4228,"Customer 04228",13,21554.65,1658.05,0,0.00
4229,"Customer 04229",11,10253.98,932.18,0,0.00
4230,"Customer 04230",8,10646.08,1330.76,0,0.00
4231,"Customer 04231",10,9646.67,964.67,0,0.00
4232,"Customer 04232",6,3605.85,600.98,0,0.00
4233,"Customer 04233",9,8438.94,937.66,2,22.22
4234,"Customer 04234",9,14098.17,1566.46,3,33.33
4235,"Customer 04235",15,17790.76,1186.05,0,0.00
4236,"Customer 04236",7,8727.38,1246.77,0,0.00
4237,"Customer 04237",9,11034.65,1226.07,2,22.22
4238,"Customer 04238",9,14611.37,1623.49,0,0.00
4239,"Customer 04239",13,17515.78,1347.37,1,7.69
4240,"Customer 04240",10,13733.79,1373.38,1,10.00
4241,"Customer 04241",10,9759.39,975.94,1,10.00
4242,"Customer 04242",5,12334.46,2466.89,1,20.00
4243,"Customer 04243",9,7293.99,810.44,0,0.00
4244,"Customer 04244",9,7288.07,809.79,2,22.22
4245,"Customer 04245",12,19451.08,1620.92,0,0.00
4246,"Customer 04246",12,11715.81,976.32,1,8.33
4247,"Customer 04247",9,5892.17,654.69,1,11.11
4248,"Customer 04248",5,7070.59,1414.12,0,0.00
4249,"Customer 04249",8,10497.88,1312.24,0,0.00
4250,"Customer 04250",14,12751.28,910.81,2,14.29
4251,"Customer 04251",14,13143.03,938.79,1,7.14
4252,"Customer 04252",18,22883.91,1271.33,4,22.22
4253,"Customer 04253",8,7590.48,948.81,1,12.50
4254,"Customer 04254",11,22890.98,2081.00,0,0.00
4255,"Customer 04255",8,10685.60,1335.70,1,12.50
4256,"Customer 04256",11,8102.11,736.56,0,0.00
4257,"Customer 04257",15,15215.73,1014.38,1,6.67
4258,"Customer 04258",15,9022.48,601.50,0,0.00
4259,"Customer 04259",8,10904.60,1363.08,0,0.00
4260,"Customer 04260",9,6694.18,743.80,0,0.00
4261,"Customer 04261",8,16361.40,2045.18,1,12.50
4262,"Customer 04262",8,12091.88,1511.49,0,0.00
4263,"Customer 04263",11,5372.64,488.42,0,0.00
4264,"Customer 04264",14,11112.54,793.75,0,0.00
4265,"Customer 04265",5,4161.79,832.36,0,0.00
4266,"Customer 04266",12,12912.86,1076.07,0,0.00
4267,"Customer 04267",8,9347.47,1168.43,1,12.50
4268,"Customer 04268",8,6450.85,806.36,1,12.50
4269,"Customer 04269",8,6936.85,867.11,1,12.50
4270,"Customer 04270",9,7098.36,788.71,0,0.00
4271,"Customer 04271",15,14236.83,949.12,0,0.00
4272,"Customer 04272",9,7344.65,816.07,1,11.11
4273,"Customer 04273",5,8306.02,1661.20,0,0.00
4274,"Customer 04274",10,9922.57,992.26,2,20.00
4275,"Customer 04275",13,26093.83,2007.22,0,0.00
4276,"Customer 04276",5,6382.03,1276.41,0,0.00
4277,"Customer 04277",10,14322.40,1432.24,0,0.00
4278,"Customer 04278",8,9723.46,1215.43,1,12.50
4279,"Customer 04279",7,7193.50,1027.64,0,0.00
4280,"Customer 04280",7,13023.28,1860.47,0,0.00
4281,"Customer 04281",9,8106.90,900.77,1,11.11
4282,"Customer 04282",13,15907.89,1223.68,0,0.00
4283,"Customer 04283",13,16118.51,1239.89,3,23.08
4284,"Customer 04284",3,4209.75,1403.25,0,0.00
4285,"Customer 04285",10,12299.83,1229.98,1,10.00
4286,"Customer 04286",12,12533.59,1044.47,0,0.00
4287,"Customer 04287",8,8410.07,1051.26,0,0.00
4288,"Customer 04288",4,3815.95,953.99,1,25.00
4289,"Customer 04289",9,7916.12,879.57,0,0.00
4290,"Customer 04290",7,10353.24,1479.03,0,0.00
4291,"Customer 04291",14,16206.76,1157.63,1,7.14
4292,"Customer 04292",17,24556.59,1444.51,1,5.88
4293,"Customer 04293",11,13745.70,1249.61,1,9.09
4294,"Customer 04294",6,3835.57,639.26,0,0.00
4295,"Customer 04295",9,10004.64,1111.63,0,0.00
4296,"Customer 04296",7,8600.41,1228.63,0,0.00
4297,"Customer 04297",9,16834.21,1870.47,0,0.00
4298,"Customer 04298",17,22256.78,1309.22,2,11.76
4299,"Customer 04299",9,14969.83,1663.31,1,11.11
4300,"Customer 04300",10,6873.01,687.30,1,10.00
4301,"Customer 04301",12,15889.13,1324.09,1,8.33
4302,"Customer 04302",14,20787.80,1484.84,0,0.00
4303,"Customer 04303",14,24733.30,1766.66,0,0.00
4304,"Customer 04304",12,7894.82,657.90,0,0.00
4305,"Customer 04305",6,5548.55,924.76,0,0.00
4306,"Customer 04306",14,17332.98,1238.07,1,7.14
4307,"Customer 04307",8,6884.29,860.54,2,25.00
4308,"Customer 04308",11,14468.97,1315.36,0,0.00
4309,"Customer 04309",12,12624.13,1052.01,2,16.67
4310,"Customer 04310",8,8049.66,1006.21,0,0.00
4311,"Customer 04311",8,4776.04,597.01,0,0.00
4312,"Customer 04312",15,15722.25,1048.15,1,6.67
4313,"Customer 04313",10,15801.92,1580.19,2,20.00
4314,"Customer 04314",9,9886.67,1098.52,1,11.11
4315,"Customer 04315",6,6832.77,1138.80,0,0.00
4316,"Customer 04316",10,21696.15,2169.62,1,10.00
4317,"Customer 04317",6,4675.58,779.26,0,0.00
4318,"Customer 04318",11,9708.65,882.60,1,9.09
4319,"Customer 04319",16,21765.89,1360.37,0,0.00
4320,"Customer 04320",7,5558.48,794.07,0,0.00
4321,"Customer 04321",12,5358.29,446.52,1,8.33
4322,"Customer 04322",10,11307.36,1130.74,1,10.00
4323,"Customer 04323",7,11945.60,1706.51,1,14.29
4324,"Customer 04324",4,4975.20,1243.80,0,0.00
4325,"Customer 04325",14,15851.17,1132.23,2,14.29
4326,"Customer 04326",5,4899.37,979.87,1,20.00
4327,"Customer 04327",12,14627.62,1218.97,0,0.00
4328,"Customer 04328",13,11864.09,912.62,0,0.00
4329,"Customer 04329",12,15464.10,1288.68,0,0.00
4330,"Customer 04330",12,18810.11,1567.51,0,0.00
4331,"Customer 04331",9,12209.11,1356.57,0,0.00
4332,"Customer 04332",16,15834.54,989.66,0,0.00
4333,"Customer 04333",8,7023.56,877.95,0,0.00
4334,"Customer 04334",9,15837.83,1759.76,1,11.11
4335,"Customer 04335",15,21197.65,1413.18,0,0.00
4336,"Customer 04336",9,15042.66,1671.41,0,0.00
4337,"Customer 04337",6,6844.58,1140.76,0,0.00
4338,"Customer 04338",13,13724.67,1055.74,0,0.00
4339,"Customer 04339",14,13808.28,986.31,0,0.00
4340,"Customer 04340",6,6385.12,1064.19,0,0.00
4341,"Customer 04341",10,6708.35,670.84,1,10.00
4342,"Customer 04342",12,9777.31,814.78,0,0.00
4343,"Customer 04343",8,9042.07,1130.26,0,0.00
4344,"Customer 04344",10,10800.24,1080.02,1,10.00
4345,"Customer 04345",8,4631.76,578.97,0,0.00
4346,"Customer 04346",6,4533.21,755.54,0,0.00
4347,"Customer 04347",10,10289.52,1028.95,4,40.00
4348,"Customer 04348",10,14800.61,1480.06,0,0.00
4349,"Customer 04349",12,11870.53,989.21,1,8.33
4350,"Customer 04350",12,14898.03,1241.50,0,0.00
4351,"Customer 04351",14,14072.71,1005.19,1,7.14
4352,"Customer 04352",15,16756.89,1117.13,1,6.67
4353,"Customer 04353",11,7125.36,647.76,1,9.09
4354,"Customer 04354",8,9028.62,1128.58,1,12.50
4355,"Customer 04355",11,13003.78,1182.16,0,0.00
4356,"Customer 04356",6,5035.44,839.24,0,0.00
4357,"Customer 04357",13,20697.26,1592.10,1,7.69
4358,"Customer 04358",11,11774.02,1070.37,0,0.00
4359,"Customer 04359",14,11876.75,848.34,2,14.29
4360,"Customer 04360",9,6597.61,733.07,0,0.00
4361,"Customer 04361",13,13000.93,1000.07,2,15.38
4362,"Customer 04362",4,3291.35,822.84,0,0.00
4363,"Customer 04363",5,4442.23,888.45,1,20.00
4364,"Customer 04364",8,7781.30,972.66,0,0.00
4365,"Customer 04365",9,12851.81,1427.98,0,0.00
4366,"Customer 04366",11,8143.59,740.33,1,9.09
4367,"Customer 04367",7,6823.94,974.85,0,0.00
4368,"Customer 04368",7,9442.46,1348.92,0,0.00
4369,"Customer 04369",2,5557.33,2778.67,0,0.00
4370,"Customer 04370",18,11242.75,624.60,1,5.56
4371,"Customer 04371",9,7975.57,886.17,0,0.00
4372,"Customer 04372",7,10937.99,1562.57,0,0.00
4373,"Customer 04373",12,11545.84,962.15,1,8.33
4374,"Customer 04374",6,4176.64,696.11,1,16.67
4375,"Customer 04375",14,10575.80,755.41,0,0.00
4376,"Customer 04376",12,16845.81,1403.82,1,8.33
4377,"Customer 04377",13,17475.71,1344.29,0,0.00
4378,"Customer 04378",4,2898.86,724.72,0,0.00
4379,"Customer 04379",12,7693.72,641.14,1,8.33
4380,"Customer 04380",11,17321.88,1574.72,1,9.09
4381,"Customer 04381",10,14134.17,1413.42,1,10.00
4382,"Customer 04382",12,11935.06,994.59,1,8.33
4383,"Customer 04383",10,10095.64,1009.56,1,10.00
4384,"Customer 04384",9,8709.60,967.73,0,0.00
4385,"Customer 04385",12,18759.68,1563.31,0,0.00
4386,"Customer 04386",5,5622.77,1124.55,1,20.00
4387,"Customer 04387",6,5436.09,906.02,1,16.67
4388,"Customer 04388",8,8556.55,1069.57,0,0.00
4389,"Customer 04389",19,14893.61,783.87,0,0.00
4390,"Customer 04390",12,13641.41,1136.78,2,16.67
4391,"Customer 04391",8,6526.57,815.82,0,0.00
4392,"Customer 04392",9,5232.60,581.40,1,11.11
4393,"Customer 04393",11,12433.10,1130.28,0,0.00
4394,"Customer 04394",13,9532.59,733.28,0,0.00
4395,"Customer 04395",8,9226.78,1153.35,0,0.00
4396,"Customer 04396",8,9635.21,1204.40,1,12.50
4397,"Customer 04397",11,16691.12,1517.37,1,9.09
4398,"Customer 04398",11,19195.15,1745.01,2,18.18
4399,"Customer 04399",14,18073.53,1290.97,1,7.14
4400,"Customer 04400",12,11637.97,969.83,0,0.00
4401,"Customer 04401",7,10457.79,1493.97,1,14.29
4402,"Customer 04402",13,12961.34,997.03,0,0.00
4403,"Customer 04403",11,14524.56,1320.41,1,9.09
4404,"Customer 04404",11,9665.42,878.67,0,0.00
4405,"Customer 04405",12,19617.73,1634.81,1,8.33
4406,"Customer 04406",7,8595.29,1227.90,0,0.00
4407,"Customer 04407",10,9471.89,947.19,1,10.00
4408,"Customer 04408",10,12822.69,1282.27,0,0.00
4409,"Customer 04409",13,16014.09,1231.85,1,7.69
4410,"Customer 04410",13,12241.25,941.63,0,0.00
4411,"Customer 04411",15,22876.56,1525.10,1,6.67
4412,"Customer 04412",12,15295.52,1274.63,1,8.33
4413,"Customer 04413",10,11279.43,1127.94,1,10.00
4414,"Customer 04414",15,15469.63,1031.31,2,13.33
4415,"Customer 04415",10,9620.94,962.09,1,10.00
4416,"Customer 04416",6,4210.86,701.81,0,0.00
4417,"Customer 04417",12,9638.73,803.23,1,8.33
4418,"Customer 04418",12,8621.72,718.48,0,0.00
4419,"Customer 04419",6,9561.07,1593.51,0,0.00
4420,"Customer 04420",6,3181.45,530.24,0,0.00
4421,"Customer 04421",9,12500.19,1388.91,1,11.11
4422,"Customer 04422",8,13088.99,1636.12,2,25.00
4423,"Customer 04423",14,22716.12,1622.58,1,7.14
4424,"Customer 04424",6,8745.42,1457.57,1,16.67
4425,"Customer 04425",14,17517.13,1251.22,0,0.00
4426,"Customer 04426",13,14487.97,1114.46,0,0.00
4427,"Customer 04427",6,8279.92,1379.99,1,16.67
4428,"Customer 04428",11,19380.72,1761.88,1,9.09
4429,"Customer 04429",6,11939.24,1989.87,0,0.00
4430,"Customer 04430",12,10673.51,889.46,0,0.00
4431,"Customer 04431",7,10649.73,1521.39,0,0.00
4432,"Customer 04432",16,11678.81,729.93,1,6.25
4433,"Customer 04433",12,11166.96,930.58,0,0.00
4434,"Customer 04434",7,17796.52,2542.36,0,0.00
4435,"Customer 04435",7,3818.19,545.46,1,14.29
4436,"Customer 04436",11,20557.52,1868.87,1,9.09
4437,"Customer 04437",11,7969.81,724.53,0,0.00
4438,"Customer 04438",7,7847.65,1121.09,0,0.00
4439,"Customer 04439",11,9222.11,838.37,1,9.09
4440,"Customer 04440",11,6733.22,612.11,0,0.00
4441,"Customer 04441",4,2071.31,517.83,1,25.00
4442,"Customer 04442",10,12126.52,1212.65,1,10.00
4443,"Customer 04443",7,5006.92,715.27,0,0.00
4444,"Customer 04444",12,15369.67,1280.81,0,0.00
4445,"Customer 04445",14,13970.52,997.89,1,7.14
4446,"Customer 04446",10,10231.40,1023.14,0,0.00
4447,"Customer 04447",9,13018.23,1446.47,0,0.00
4448,"Customer 04448",8,5237.77,654.72,0,0.00
4449,"Customer 04449",6,8715.37,1452.56,0,0.00
4450,"Customer 04450",7,13699.59,1957.08,0,0.00
4451,"Customer 04451",11,16727.93,1520.72,0,0.00
4452,"Customer 04452",12,15550.47,1295.87,2,16.67
4453,"Customer 04453",8,8466.87,1058.36,1,12.50
4454,"Customer 04454",9,4628.50,514.28,0,0.00
4455,"Customer 04455",5,8031.89,1606.38,0,0.00
4456,"Customer 04456",9,6734.47,748.27,0,0.00
4457,"Customer 04457",13,8980.82,690.83,1,7.69
4458,"Customer 04458",11,10368.90,942.63,0,0.00
4459,"Customer 04459",8,8600.95,1075.12,2,25.00
4460,"Customer 04460",12,26015.25,2167.94,1,8.33
4461,"Customer 04461",15,20930.46,1395.36,0,0.00
4462,"Customer 04462",7,5419.37,774.20,1,14.29
4463,"Customer 04463",14,10666.91,761.92,2,14.29
4464,"Customer 04464",13,7806.68,600.51,0,0.00
4465,"Customer 04465",6,7181.95,1196.99,1,16.67
4466,"Customer 04466",12,20699.23,1724.94,0,0.00
4467,"Customer 04467",7,6830.18,975.74,0,0.00
4468,"Customer 04468",6,5711.05,951.84,0,0.00
4469,"Customer 04469",10,8689.03,868.90,0,0.00
4470,"Customer 04470",11,16525.24,1502.29,0,0.00
4471,"Customer 04471",18,28665.31,1592.52,2,11.11
4472,"Customer 04472",9,6949.62,772.18,0,0.00
4473,"Customer 04473",7,7347.19,1049.60,0,0.00
4474,"Customer 04474",11,8015.92,728.72,2,18.18
4475,"Customer 04475",10,15253.38,1525.34,1,10.00
4476,"Customer 04476",10,12136.83,1213.68,1,10.00
4477,"Customer 04477",9,8549.16,949.91,0,0.00
4478,"Customer 04478",11,9860.68,896.43,1,9.09
4479,"Customer 04479",10,10694.22,1069.42,0,0.00
4480,"Customer 04480",10,16706.89,1670.69,0,0.00
4481,"Customer 04481",9,8853.10,983.68,1,11.11
4482,"Customer 04482",18,22632.66,1257.37,0,0.00
4483,"Customer 04483",10,16091.53,1609.15,0,0.00
4484,"Customer 04484",10,5681.20,568.12,1,10.00
4485,"Customer 04485",17,24445.72,1437.98,1,5.88
4486,"Customer 04486",12,10186.08,848.84,0,0.00
4487,"Customer 04487",10,15593.53,1559.35,1,10.00
4488,"Customer 04488",7,3730.61,532.94,0,0.00
4489,"Customer 04489",6,9861.54,1643.59,0,0.00
4490,"Customer 04490",9,11452.20,1272.47,1,11.11
4491,"Customer 04491",6,10345.18,1724.20,1,16.67
4492,"Customer 04492",13,8753.12,673.32,0,0.00
4493,"Customer 04493",15,11624.83,774.99,2,13.33
4494,"Customer 04494",8,4913.89,614.24,1,12.50
4495,"Customer 04495",12,13003.49,1083.62,1,8.33
4496,"Customer 04496",5,4231.33,846.27,0,0.00
4497,"Customer 04497",9,12923.12,1435.90,0,0.00
4498,"Customer 04498",13,8292.41,637.88,1,7.69
4499,"Customer 04499",10,14094.33,1409.43,2,20.00
4500,"Customer 04500",7,12584.13,1797.73,1,14.29
4501,"Customer 04501",8,18932.09,2366.51,2,25.00
4502,"Customer 04502",6,8327.12,1387.85,0,0.00
4503,"Customer 04503",7,4063.00,580.43,0,0.00
4504,"Customer 04504",11,13514.92,1228.63,2,18.18
4505,"Customer 04505",12,18122.49,1510.21,1,8.33
4506,"Customer 04506",19,30208.60,1589.93,1,5.26
4507,"Customer 04507",8,6081.02,760.13,0,0.00
4508,"Customer 04508",10,7659.99,766.00,3,30.00
4509,"Customer 04509",5,4877.67,975.53,0,0.00
4510,"Customer 04510",14,17033.69,1216.69,1,7.14
4511,"Customer 04511",13,15775.91,1213.53,1,7.69
4512,"Customer 04512",18,14111.21,783.96,0,0.00
4513,"Customer 04513",10,18823.67,1882.37,0,0.00
4514,"Customer 04514",6,10318.89,1719.82,0,0.00
4515,"Customer 04515",8,9486.44,1185.81,0,0.00
4516,"Customer 04516",10,9997.24,999.72,0,0.00
4517,"Customer 04517",10,11217.77,1121.78,0,0.00
4518,"Customer 04518",13,11100.23,853.86,1,7.69
4519,"Customer 04519",8,10828.22,1353.53,0,0.00
4520,"Customer 04520",9,11321.44,1257.94,1,11.11
4521,"Customer 04521",12,11764.22,980.35,0,0.00
4522,"Customer 04522",12,12607.18,1050.60,2,16.67
4523,"Customer 04523",11,13839.20,1258.11,0,0.00
4524,"Customer 04524",5,4680.33,936.07,0,0.00
4525,"Customer 04525",5,5745.98,1149.20,0,0.00
4526,"Customer 04526",14,21363.97,1526.00,0,0.00
4527,"Customer 04527",13,20755.16,1596.55,1,7.69
4528,"Customer 04528",12,16910.12,1409.18,0,0.00
4529,"Customer 04529",8,11417.01,1427.13,0,0.00
4530,"Customer 04530",10,8287.98,828.80,1,10.00
4531,"Customer 04531",12,8757.49,729.79,0,0.00
4532,"Customer 04532",15,15167.21,1011.15,3,20.00
4533,"Customer 04533",6,7067.35,1177.89,0,0.00
4534,"Customer 04534",12,7951.41,662.62,0,0.00
4535,"Customer 04535",14,13089.12,934.94,0,0.00
4536,"Customer 04536",9,9945.75,1105.08,1,11.11
4537,"Customer 04537",6,9463.90,1577.32,1,16.67
4538,"Customer 04538",11,16667.60,1515.24,0,0.00
4539,"Customer 04539",13,20833.35,1602.57,0,0.00
4540,"Customer 04540",14,10746.07,767.58,1,7.14
4541,"Customer 04541",14,19641.77,1402.98,0,0.00
4542,"Customer 04542",9,9551.99,1061.33,0,0.00
4543,"Customer 04543",10,9356.22,935.62,0,0.00
4544,"Customer 04544",6,5631.60,938.60,0,0.00
4545,"Customer 04545",7,7284.53,1040.65,0,0.00
4546,"Customer 04546",12,10311.72,859.31,1,8.33
4547,"Customer 04547",12,16696.52,1391.38,0,0.00
4548,"Customer 04548",16,15703.79,981.49,0,0.00
4549,"Customer 04549",7,13130.68,1875.81,1,14.29
4550,"Customer 04550",11,8808.34,800.76,1,9.09
4551,"Customer 04551",5,11003.23,2200.65,0,0.00
4552,"Customer 04552",9,11361.65,1262.41,0,0.00
4553,"Customer 04553",11,19855.46,1805.04,0,0.00
4554,"Customer 04554",8,11609.69,1451.21,0,0.00
4555,"Customer 04555",9,8389.26,932.14,0,0.00
4556,"Customer 04556",11,8214.55,746.78,1,9.09
4557,"Customer 04557",5,2896.41,579.28,0,0.00
4558,"Customer 04558",12,10298.28,858.19,2,16.67
4559,"Customer 04559",12,12875.56,1072.96,1,8.33
4560,"Customer 04560",14,15267.32,1090.52,1,7.14
4561,"Customer 04561",8,11821.08,1477.64,0,0.00
4562,"Customer 04562",11,15512.31,1410.21,0,0.00
4563,"Customer 04563",10,10011.04,1001.10,1,10.00
4564,"Customer 04564",10,4745.01,474.50,0,0.00
4565,"Customer 04565",6,8086.81,1347.80,1,16.67
4566,"Customer 04566",7,12740.54,1820.08,0,0.00
4567,"Customer 04567",10,8942.26,894.23,0,0.00
4568,"Customer 04568",11,13972.87,1270.26,0,0.00
4569,"Customer 04569",7,5655.76,807.97,0,0.00
4570,"Customer 04570",14,22127.10,1580.51,1,7.14
4571,"Customer 04571",5,8198.71,1639.74,0,0.00
4572,"Customer 04572",14,22561.22,1611.52,1,7.14
4573,"Customer 04573",15,10315.69,687.71,2,13.33
4574,"Customer 04574",6,4760.83,793.47,0,0.00
4575,"Customer 04575",10,9675.06,967.51,0,0.00
4576,"Customer 04576",12,12488.37,1040.70,1,8.33
4577,"Customer 04577",5,6274.33,1254.87,0,0.00
4578,"Customer 04578",7,7558.13,1079.73,0,0.00
4579,"Customer 04579",6,2397.16,399.53,2,33.33
4580,"Customer 04580",11,10353.42,941.22,1,9.09
4581,"Customer 04581",8,13253.81,1656.73,0,0.00
4582,"Customer 04582",7,9402.80,1343.26,0,0.00
4583,"Customer 04583",11,14367.98,1306.18,2,18.18
4584,"Customer 04584",9,7816.12,868.46,0,0.00
4585,"Customer 04585",5,2994.53,598.91,0,0.00
4586,"Customer 04586",13,10129.73,779.21,1,7.69
4587,"Customer 04587",7,5300.64,757.23,0,0.00
4588,"Customer 04588",6,10061.36,1676.89,0,0.00
4589,"Customer 04589",12,7247.26,603.94,2,16.67
4590,"Customer 04590",8,6085.21,760.65,0,0.00
4591,"Customer 04591",17,16973.60,998.45,1,5.88
4592,"Customer 04592",13,20039.25,1541.48,1,7.69
4593,"Customer 04593",8,9222.81,1152.85,0,0.00
4594,"Customer 04594",18,23112.87,1284.05,1,5.56
4595,"Customer 04595",12,12475.63,1039.64,0,0.00
4596,"Customer 04596",13,14294.12,1099.55,1,7.69
4597,"Customer 04597",6,6768.30,1128.05,0,0.00
4598,"Customer 04598",11,5975.95,543.27,0,0.00
4599,"Customer 04599",7,8494.34,1213.48,0,0.00
4600,"Customer 04600",13,14011.23,1077.79,3,23.08
4601,"Customer 04601",11,15909.46,1446.31,0,0.00
4602,"Customer 04602",9,22314.95,2479.44,1,11.11
4603,"Customer 04603",10,14243.62,1424.36,2,20.00
4604,"Customer 04604",6,3740.85,623.48,0,0.00
4605,"Customer 04605",14,19615.89,1401.14,2,14.29
4606,"Customer 04606",14,19436.89,1388.35,0,0.00
4607,"Customer 04607",6,7263.74,1210.62,1,16.67
4608,"Customer 04608",7,9759.45,1394.21,0,0.00
4609,"Customer 04609",8,10487.98,1311.00,0,0.00
4610,"Customer 04610",7,3964.84,566.41,0,0.00
4611,"Customer 04611",5,3351.19,670.24,1,20.00
4612,"Customer 04612",9,4899.21,544.36,1,11.11
4613,"Customer 04613",5,2822.85,564.57,0,0.00
4614,"Customer 04614",8,6102.30,762.79,0,0.00
4615,"Customer 04615",12,11761.52,980.13,0,0.00
4616,"Customer 04616",11,12373.38,1124.85,0,0.00
4617,"Customer 04617",15,16714.69,1114.31,1,6.67
4618,"Customer 04618",15,10425.53,695.04,2,13.33
4619,"Customer 04619",7,10676.06,1525.15,0,0.00
4620,"Customer 04620",11,8856.62,805.15,1,9.09
4621,"Customer 04621",11,6785.28,616.84,0,0.00
4622,"Customer 04622",11,10767.63,978.88,1,9.09
4623,"Customer 04623",9,7176.52,797.39,0,0.00
4624,"Customer 04624",13,13906.85,1069.76,0,0.00
4625,"Customer 04625",11,10078.72,916.25,1,9.09
4626,"Customer 04626",7,21454.40,3064.91,0,0.00
4627,"Customer 04627",15,16275.87,1085.06,2,13.33
4628,"Customer 04628",19,23085.01,1215.00,1,5.26
4629,"Customer 04629",9,12468.16,1385.35,0,0.00
4630,"Customer 04630",4,4116.93,1029.23,1,25.00
4631,"Customer 04631",15,14990.78,999.39,1,6.67
4632,"Customer 04632",7,11818.18,1688.31,0,0.00
4633,"Customer 04633",7,4894.82,699.26,0,0.00
4634,"Customer 04634",14,18978.33,1355.60,0,0.00
4635,"Customer 04635",10,11224.87,1122.49,0,0.00
4636,"Customer 04636",8,11256.08,1407.01,0,0.00
4637,"Customer 04637",10,10201.87,1020.19,0,0.00
4638,"Customer 04638",9,8431.74,936.86,1,11.11
4639,"Customer 04639",8,7836.91,979.61,0,0.00
4640,"Customer 04640",12,15160.05,1263.34,0,0.00
4641,"Customer 04641",19,18339.34,965.23,0,0.00
4642,"Customer 04642",5,4111.91,822.38,0,0.00
4643,"Customer 04643",12,16514.34,1376.20,0,0.00
4644,"Customer 04644",7,4512.97,644.71,1,14.29
4645,"Customer 04645",7,6905.76,986.54,1,14.29
4646,"Customer 04646",14,9731.72,695.12,2,14.29
4647,"Customer 04647",17,13852.65,814.86,1,5.88
4648,"Customer 04648",19,25828.25,1359.38,1,5.26
4649,"Customer 04649",6,9958.52,1659.75,1,16.67
4650,"Customer 04650",11,6442.14,585.65,1,9.09
4651,"Customer 04651",9,6660.00,740.00,1,11.11
4652,"Customer 04652",6,3937.86,656.31,1,16.67
4653,"Customer 04653",5,5598.74,1119.75,1,20.00
4654,"Customer 04654",11,12894.42,1172.22,2,18.18
4655,"Customer 04655",9,10284.89,1142.77,1,11.11
4656,"Customer 04656",10,18269.23,1826.92,0,0.00
4657,"Customer 04657",8,9402.74,1175.34,0,0.00
4658,"Customer 04658",9,8312.58,923.62,0,0.00
4659,"Customer 04659",7,10335.83,1476.55,0,0.00
4660,"Customer 04660",14,18594.83,1328.20,1,7.14
4661,"Customer 04661",7,4837.34,691.05,0,0.00
4662,"Customer 04662",16,16778.02,1048.63,0,0.00
4663,"Customer 04663",7,9152.00,1307.43,1,14.29
4664,"Customer 04664",9,11332.59,1259.18,0,0.00
4665,"Customer 04665",8,10178.46,1272.31,0,0.00
4666,"Customer 04666",10,9907.53,990.75,0,0.00
4667,"Customer 04667",8,8556.85,1069.61,0,0.00
4668,"Customer 04668",5,3465.45,693.09,0,0.00
4669,"Customer 04669",8,8335.88,1041.99,1,12.50
4670,"Customer 04670",12,12451.12,1037.59,1,8.33
4671,"Customer 04671",11,12077.74,1097.98,1,9.09
4672,"Customer 04672",11,11478.09,1043.46,1,9.09
4673,"Customer 04673",6,5621.99,937.00,0,0.00
4674,"Customer 04674",14,22141.36,1581.53,0,0.00
4675,"Customer 04675",12,11431.88,952.66,1,8.33
4676,"Customer 04676",16,14405.64,900.35,0,0.00
4677,"Customer 04677",9,6980.34,775.59,0,0.00
4678,"Customer 04678",12,15991.88,1332.66,1,8.33
4679,"Customer 04679",5,10131.72,2026.34,1,20.00
4680,"Customer 04680",11,16714.33,1519.48,0,0.00
4681,"Customer 04681",12,22387.30,1865.61,1,8.33
4682,"Customer 04682",14,9424.91,673.21,1,7.14
4683,"Customer 04683",8,10318.71,1289.84,1,12.50
4684,"Customer 04684",8,9374.60,1171.83,1,12.50
4685,"Customer 04685",10,7807.89,780.79,0,0.00
4686,"Customer 04686",11,11688.96,1062.63,1,9.09
4687,"Customer 04687",14,9101.73,650.12,0,0.00
4688,"Customer 04688",14,19027.66,1359.12,1,7.14
4689,"Customer 04689",11,13315.15,1210.47,1,9.09
4690,"Customer 04690",9,9438.96,1048.77,1,11.11
4691,"Customer 04691",4,6645.93,1661.48,1,25.00
4692,"Customer 04692",9,9225.96,1025.11,0,0.00
4693,"Customer 04693",6,3751.54,625.26,0,0.00
4694,"Customer 04694",8,6674.50,834.31,0,0.00
4695,"Customer 04695",10,7032.15,703.22,0,0.00
4696,"Customer 04696",11,10715.92,974.17,0,0.00
4697,"Customer 04697",9,7832.68,870.30,0,0.00
4698,"Customer 04698",6,5280.06,880.01,1,16.67
4699,"Customer 04699",10,9271.47,927.15,0,0.00
4700,"Customer 04700",12,16251.30,1354.28,1,8.33
4701,"Customer 04701",5,3586.26,717.25,0,0.00
4702,"Customer 04702",8,9014.24,1126.78,0,0.00
4703,"Customer 04703",13,16320.35,1255.41,0,0.00
4704,"Customer 04704",8,7961.48,995.19,0,0.00
4705,"Customer 04705",12,17642.21,1470.18,0,0.00
4706,"Customer 04706",10,15704.14,1570.41,1,10.00
4707,"Customer 04707",12,11110.79,925.90,0,0.00
4708,"Customer 04708",13,7324.14,563.40,0,0.00
4709,"Customer 04709",9,11502.64,1278.07,0,0.00
4710,"Customer 04710",10,14885.19,1488.52,0,0.00
4711,"Customer 04711",8,4399.49,549.94,1,12.50
4712,"Customer 04712",13,15897.42,1222.88,0,0.00
4713,"Customer 04713",8,5921.84,740.23,1,12.50
4714,"Customer 04714",10,16788.79,1678.88,1,10.00
4715,"Customer 04715",11,16117.37,1465.22,1,9.09
4716,"Customer 04716",12,18135.75,1511.31,1,8.33
4717,"Customer 04717",11,21701.89,1972.90,0,0.00
4718,"Customer 04718",6,9774.50,1629.08,0,0.00
4719,"Customer 04719",14,14257.12,1018.37,1,7.14
4720,"Customer 04720",10,9106.60,910.66,1,10.00
4721,"Customer 04721",17,21770.28,1280.60,0,0.00
4722,"Customer 04722",8,9204.55,1150.57,0,0.00
4723,"Customer 04723",12,12187.41,1015.62,2,16.67
4724,"Customer 04724",8,11586.23,1448.28,1,12.50
4725,"Customer 04725",10,8854.70,885.47,1,10.00
4726,"Customer 04726",6,8601.84,1433.64,0,0.00
4727,"Customer 04727",17,28852.47,1697.20,1,5.88
4728,"Customer 04728",6,9148.53,1524.76,1,16.67
4729,"Customer 04729",17,12855.53,756.21,2,11.76
4730,"Customer 04730",12,9339.20,778.27,1,8.33
4731,"Customer 04731",9,7640.78,848.98,1,11.11
4732,"Customer 04732",11,18669.34,1697.21,1,9.09
4733,"Customer 04733",12,10857.47,904.79,0,0.00
4734,"Customer 04734",9,7782.07,864.67,1,11.11
4735,"Customer 04735",11,12985.32,1180.48,1,9.09
4736,"Customer 04736",4,2195.23,548.81,0,0.00
4737,"Customer 04737",11,10951.61,995.60,0,0.00
4738,"Customer 04738",7,6974.28,996.33,1,14.29
4739,"Customer 04739",9,11789.66,1309.96,2,22.22
4740,"Customer 04740",10,14221.98,1422.20,0,0.00
4741,"Customer 04741",10,15174.01,1517.40,1,10.00
4742,"Customer 04742",9,10937.18,1215.24,1,11.11
4743,"Customer 04743",7,8887.53,1269.65,0,0.00
4744,"Customer 04744",9,5677.88,630.88,0,0.00
4745,"Customer 04745",6,3409.28,568.21,0,0.00
4746,"Customer 04746",9,7684.99,853.89,0,0.00
4747,"Customer 04747",9,10275.05,1141.67,1,11.11
4748,"Customer 04748",18,20445.11,1135.84,2,11.11
4749,"Customer 04749",8,12347.21,1543.40,0,0.00
4750,"Customer 04750",9,7122.97,791.44,0,0.00
4751,"Customer 04751",7,5289.61,755.66,0,0.00
4752,"Customer 04752",8,8364.33,1045.54,0,0.00
4753,"Customer 04753",13,25253.67,1942.59,0,0.00
4754,"Customer 04754",10,10679.13,1067.91,0,0.00
4755,"Customer 04755",6,3996.03,666.01,0,0.00
4756,"Customer 04756",4,6556.16,1639.04,1,25.00
4757,"Customer 04757",14,11471.52,819.39,2,14.29
4758,"Customer 04758",11,8933.74,812.16,0,0.00
4759,"Customer 04759",10,14394.05,1439.41,2,20.00
4760,"Customer 04760",8,11866.18,1483.27,0,0.00
4761,"Customer 04761",8,8043.68,1005.46,0,0.00
4762,"Customer 04762",6,8600.18,1433.36,0,0.00
4763,"Customer 04763",10,15013.48,1501.35,1,10.00
4764,"Customer 04764",7,4781.57,683.08,0,0.00
4765,"Customer 04765",9,10103.88,1122.65,1,11.11
4766,"Customer 04766",10,12133.59,1213.36,1,10.00
4767,"Customer 04767",4,7335.62,1833.91,1,25.00
4768,"Customer 04768",10,9553.91,955.39,0,0.00
4769,"Customer 04769",9,15301.52,1700.17,2,22.22
4770,"Customer 04770",14,22177.55,1584.11,2,14.29
4771,"Customer 04771",10,12404.44,1240.44,1,10.00
4772,"Customer 04772",10,6657.85,665.79,0,0.00
4773,"Customer 04773",14,28447.66,2031.98,0,0.00
4774,"Customer 04774",14,13112.89,936.64,0,0.00
4775,"Customer 04775",6,3137.66,522.94,0,0.00
4776,"Customer 04776",10,3598.00,359.80,0,0.00
4777,"Customer 04777",8,8049.11,1006.14,0,0.00
4778,"Customer 04778",10,10279.39,1027.94,1,10.00
4779,"Customer 04779",6,12215.37,2035.90,1,16.67
4780,"Customer 04780",12,22643.60,1886.97,0,0.00
4781,"Customer 04781",7,5128.02,732.57,0,0.00
4782,"Customer 04782",6,15324.53,2554.09,0,0.00
4783,"Customer 04783",16,15842.72,990.17,3,18.75
4784,"Customer 04784",5,3157.75,631.55,1,20.00
4785,"Customer 04785",8,10749.74,1343.72,1,12.50
4786,"Customer 04786",10,8650.34,865.03,0,0.00
4787,"Customer 04787",12,13577.37,1131.45,1,8.33
4788,"Customer 04788",7,5344.77,763.54,0,0.00
4789,"Customer 04789",12,18765.12,1563.76,0,0.00
4790,"Customer 04790",5,3288.40,657.68,0,0.00
4791,"Customer 04791",10,8098.54,809.85,1,10.00
4792,"Customer 04792",8,7340.08,917.51,0,0.00
4793,"Customer 04793",12,15946.74,1328.90,0,0.00
4794,"Customer 04794",9,6298.77,699.86,1,11.11
4795,"Customer 04795",8,10404.20,1300.53,0,0.00
4796,"Customer 04796",15,10321.27,688.08,0,0.00
4797,"Customer 04797",15,16714.66,1114.31,1,6.67
4798,"Customer 04798",14,20324.08,1451.72,1,7.14
4799,"Customer 04799",8,7362.34,920.29,1,12.50
4800,"Customer 04800",10,7568.64,756.86,0,0.00
4801,"Customer 04801",9,6217.05,690.78,2,22.22
4802,"Customer 04802",10,8940.63,894.06,0,0.00
4803,"Customer 04803",13,17594.46,1353.42,1,7.69
4804,"Customer 04804",11,9204.16,836.74,0,0.00
4805,"Customer 04805",10,10568.43,1056.84,0,0.00
4806,"Customer 04806",7,13836.43,1976.63,0,0.00
4807,"Customer 04807",8,7534.43,941.80,0,0.00
4808,"Customer 04808",9,10687.75,1187.53,1,11.11
4809,"Customer 04809",17,25658.34,1509.31,1,5.88
4810,"Customer 04810",11,10141.97,922.00,1,9.09
4811,"Customer 04811",13,14717.25,1132.10,0,0.00
4812,"Customer 04812",12,20949.56,1745.80,1,8.33
4813,"Customer 04813",9,17874.41,1986.05,0,0.00
4814,"Customer 04814",12,13746.18,1145.52,1,8.33
4815,"Customer 04815",12,13285.41,1107.12,0,0.00
4816,"Customer 04816",7,6831.18,975.88,0,0.00
4817,"Customer 04817",7,9257.20,1322.46,0,0.00
4818,"Customer 04818",11,14987.64,1362.51,0,0.00
4819,"Customer 04819",13,10900.92,838.53,0,0.00
4820,"Customer 04820",13,14111.06,1085.47,0,0.00
4821,"Customer 04821",9,10614.13,1179.35,0,0.00
4822,"Customer 04822",15,12468.74,831.25,1,6.67
4823,"Customer 04823",12,10323.10,860.26,0,0.00
4824,"Customer 04824",8,9656.69,1207.09,0,0.00
4825,"Customer 04825",6,6034.23,1005.71,1,16.67
4826,"Customer 04826",11,9327.00,847.91,0,0.00
4827,"Customer 04827",13,14206.20,1092.78,1,7.69
4828,"Customer 04828",12,11434.84,952.90,0,0.00
4829,"Customer 04829",12,13850.85,1154.24,0,0.00
4830,"Customer 04830",5,5126.56,1025.31,0,0.00
4831,"Customer 04831",8,14612.36,1826.55,0,0.00
4832,"Customer 04832",8,9208.28,1151.04,0,0.00
4833,"Customer 04833",16,19752.92,1234.56,0,0.00
4834,"Customer 04834",4,4412.73,1103.18,1,25.00
4835,"Customer 04835",12,11445.33,953.78,1,8.33
4836,"Customer 04836",11,11180.77,1016.43,2,18.18
4837,"Customer 04837",10,10444.90,1044.49,0,0.00
4838,"Customer 04838",12,15012.91,1251.08,1,8.33
4839,"Customer 04839",4,6539.80,1634.95,0,0.00
4840,"Customer 04840",15,16359.49,1090.63,1,6.67
4841,"Customer 04841",9,16480.10,1831.12,0,0.00
4842,"Customer 04842",7,6352.63,907.52,0,0.00
4843,"Customer 04843",11,17384.94,1580.45,0,0.00
4844,"Customer 04844",13,12822.71,986.36,1,7.69
4845,"Customer 04845",8,13265.24,1658.16,0,0.00
4846,"Customer 04846",9,9907.69,1100.85,0,0.00
4847,"Customer 04847",7,7366.56,1052.37,1,14.29
4848,"Customer 04848",9,12846.27,1427.36,0,0.00
4849,"Customer 04849",8,6991.35,873.92,0,0.00
4850,"Customer 04850",13,19612.30,1508.64,1,7.69
4851,"Customer 04851",12,13853.05,1154.42,2,16.67
4852,"Customer 04852",8,10191.03,1273.88,0,0.00
4853,"Customer 04853",11,12305.45,1118.68,1,9.09
4854,"Customer 04854",13,15858.82,1219.91,0,0.00
4855,"Customer 04855",11,8828.85,802.62,0,0.00
4856,"Customer 04856",4,3369.45,842.36,0,0.00
4857,"Customer 04857",15,13478.64,898.58,2,13.33
4858,"Customer 04858",13,13275.07,1021.16,1,7.69
4859,"Customer 04859",7,6495.56,927.94,1,14.29
4860,"Customer 04860",10,6386.40,638.64,1,10.00
4861,"Customer 04861",11,12520.69,1138.24,0,0.00
4862,"Customer 04862",19,23622.64,1243.30,0,0.00
4863,"Customer 04863",8,14359.79,1794.97,1,12.50
4864,"Customer 04864",9,12844.86,1427.21,0,0.00
4865,"Customer 04865",11,15363.18,1396.65,1,9.09
4866,"Customer 04866",7,10510.31,1501.47,0,0.00
4867,"Customer 04867",8,12427.41,1553.43,0,0.00
4868,"Customer 04868",6,13050.41,2175.07,1,16.67
4869,"Customer 04869",9,14423.40,1602.60,0,0.00
4870,"Customer 04870",12,8116.59,676.38,0,0.00
4871,"Customer 04871",11,13077.37,1188.85,0,0.00
4872,"Customer 04872",7,19239.45,2748.49,0,0.00
4873,"Customer 04873",18,17891.43,993.97,0,0.00
4874,"Customer 04874",11,13415.09,1219.55,0,0.00
4875,"Customer 04875",9,12246.90,1360.77,0,0.00
4876,"Customer 04876",9,9859.07,1095.45,1,11.11
4877,"Customer 04877",10,16153.46,1615.35,0,0.00
4878,"Customer 04878",9,11883.53,1320.39,0,0.00
4879,"Customer 04879",5,5449.49,1089.90,0,0.00
4880,"Customer 04880",7,7895.30,1127.90,0,0.00
4881,"Customer 04881",10,5698.49,569.85,2,20.00
4882,"Customer 04882",11,5598.44,508.95,0,0.00
4883,"Customer 04883",8,7941.10,992.64,0,0.00
4884,"Customer 04884",8,5231.03,653.88,0,0.00
4885,"Customer 04885",8,8689.49,1086.19,1,12.50
4886,"Customer 04886",9,8782.32,975.81,1,11.11
4887,"Customer 04887",7,10868.91,1552.70,0,0.00
4888,"Customer 04888",11,9989.84,908.17,0,0.00
4889,"Customer 04889",7,7713.01,1101.86,0,0.00
4890,"Customer 04890",13,10155.06,781.16,0,0.00
4891,"Customer 04891",10,10437.63,1043.76,0,0.00
4892,"Customer 04892",12,15410.33,1284.19,0,0.00
4893,"Customer 04893",10,10482.40,1048.24,0,0.00
4894,"Customer 04894",7,8740.23,1248.60,0,0.00
4895,"Customer 04895",13,13397.18,1030.55,0,0.00
4896,"Customer 04896",10,9263.79,926.38,0,0.00
4897,"Customer 04897",8,14364.83,1795.60,0,0.00
4898,"Customer 04898",7,8851.95,1264.56,0,0.00
4899,"Customer 04899",5,5450.27,1090.05,0,0.00
4900,"Customer 04900",9,11251.49,1250.17,0,0.00
4901,"Customer 04901",11,7810.63,710.06,1,9.09
4902,"Customer 04902",9,9012.19,1001.35,0,0.00
4903,"Customer 04903",7,3411.23,487.32,0,0.00
4904,"Customer 04904",9,9244.43,1027.16,0,0.00
4905,"Customer 04905",8,12695.02,1586.88,0,0.00
4906,"Customer 04906",9,10079.39,1119.93,0,0.00
4907,"Customer 04907",12,12292.07,1024.34,0,0.00
4908,"Customer 04908",11,6762.45,614.77,2,18.18
4909,"Customer 04909",3,3983.09,1327.70,0,0.00
4910,"Customer 04910",8,9072.61,1134.08,0,0.00
4911,"Customer 04911",13,9266.27,712.79,0,0.00
4912,"Customer 04912",9,17072.44,1896.94,0,0.00
4913,"Customer 04913",13,18241.72,1403.21,1,7.69
4914,"Customer 04914",12,8565.53,713.79,3,25.00
4915,"Customer 04915",9,9187.97,1020.89,0,0.00
4916,"Customer 04916",17,16399.79,964.69,1,5.88
4917,"Customer 04917",10,12537.35,1253.74,1,10.00
4918,"Customer 04918",12,18482.75,1540.23,1,8.33
4919,"Customer 04919",15,20365.28,1357.69,0,0.00
4920,"Customer 04920",11,14732.86,1339.35,0,0.00
4921,"Customer 04921",11,12245.30,1113.21,1,9.09
4922,"Customer 04922",5,6153.35,1230.67,0,0.00
4923,"Customer 04923",9,6345.92,705.10,0,0.00
4924,"Customer 04924",9,8347.34,927.48,0,0.00
4925,"Customer 04925",10,7714.91,771.49,0,0.00
4926,"Customer 04926",11,13006.57,1182.42,0,0.00
4927,"Customer 04927",8,7130.29,891.29,0,0.00
4928,"Customer 04928",8,6911.37,863.92,1,12.50
4929,"Customer 04929",12,8454.40,704.53,0,0.00
4930,"Customer 04930",9,7942.34,882.48,0,0.00
4931,"Customer 04931",12,10147.46,845.62,1,8.33
4932,"Customer 04932",8,6637.84,829.73,0,0.00
4933,"Customer 04933",13,13097.05,1007.47,1,7.69
4934,"Customer 04934",13,20407.42,1569.80,1,7.69
4935,"Customer 04935",11,8731.26,793.75,1,9.09
4936,"Customer 04936",14,14064.03,1004.57,2,14.29
4937,"Customer 04937",11,11660.92,1060.08,1,9.09
4938,"Customer 04938",19,14028.79,738.36,0,0.00
4939,"Customer 04939",12,13443.57,1120.30,1,8.33
4940,"Customer 04940",7,8138.02,1162.57,0,0.00
4941,"Customer 04941",10,9944.87,994.49,0,0.00
4942,"Customer 04942",16,23613.44,1475.84,1,6.25
4943,"Customer 04943",5,9141.43,1828.29,0,0.00
4944,"Customer 04944",19,25224.91,1327.63,1,5.26
4945,"Customer 04945",5,8249.49,1649.90,0,0.00
4946,"Customer 04946",12,11225.72,935.48,0,0.00
4947,"Customer 04947",9,9944.16,1104.91,1,11.11
4948,"Customer 04948",12,13927.89,1160.66,1,8.33
4949,"Customer 04949",8,8111.46,1013.93,0,0.00
4950,"Customer 04950",11,12116.28,1101.48,1,9.09
4951,"Customer 04951",7,7761.43,1108.78,0,0.00
4952,"Customer 04952",5,6108.71,1221.74,0,0.00
4953,"Customer 04953",11,12440.43,1130.95,2,18.18
4954,"Customer 04954",11,14865.83,1351.44,2,18.18
4955,"Customer 04955",11,19969.91,1815.45,1,9.09
4956,"Customer 04956",12,16365.39,1363.78,0,0.00
4957,"Customer 04957",8,8841.62,1105.20,0,0.00
4958,"Customer 04958",12,13476.84,1123.07,1,8.33
4959,"Customer 04959",7,12569.80,1795.69,0,0.00
4960,"Customer 04960",11,10872.84,988.44,0,0.00
4961,"Customer 04961",15,18699.22,1246.61,0,0.00
4962,"Customer 04962",11,11710.87,1064.62,2,18.18
4963,"Customer 04963",3,864.88,288.29,2,66.67
4964,"Customer 04964",10,12470.83,1247.08,0,0.00
4965,"Customer 04965",7,10095.74,1442.25,0,0.00
4966,"Customer 04966",9,6786.56,754.06,0,0.00
4967,"Customer 04967",6,6057.13,1009.52,1,16.67
4968,"Customer 04968",13,6174.82,474.99,0,0.00
4969,"Customer 04969",8,8443.48,1055.44,0,0.00
4970,"Customer 04970",9,12339.27,1371.03,0,0.00
4971,"Customer 04971",7,8272.00,1181.71,1,14.29
4972,"Customer 04972",11,12142.07,1103.82,0,0.00
4973,"Customer 04973",8,6606.79,825.85,0,0.00
4974,"Customer 04974",12,10885.81,907.15,0,0.00
4975,"Customer 04975",11,8664.94,787.72,1,9.09
4976,"Customer 04976",8,11764.71,1470.59,0,0.00
4977,"Customer 04977",13,20635.40,1587.34,0,0.00
4978,"Customer 04978",8,11731.20,1466.40,1,12.50
4979,"Customer 04979",9,16151.95,1794.66,0,0.00
4980,"Customer 04980",10,6756.12,675.61,1,10.00
4981,"Customer 04981",10,7696.94,769.69,1,10.00
4982,"Customer 04982",7,9056.38,1293.77,1,14.29
4983,"Customer 04983",12,7110.84,592.57,0,0.00
4984,"Customer 04984",7,8312.31,1187.47,1,14.29
4985,"Customer 04985",7,4249.91,607.13,2,28.57
4986,"Customer 04986",10,8444.11,844.41,0,0.00
4987,"Customer 04987",12,22824.66,1902.06,0,0.00
4988,"Customer 04988",11,12708.86,1155.35,5,45.45
4989,"Customer 04989",17,19215.68,1130.33,0,0.00
4990,"Customer 04990",5,3689.36,737.87,0,0.00
4991,"Customer 04991",12,10981.86,915.16,2,16.67
4992,"Customer 04992",9,8627.05,958.56,0,0.00
4993,"Customer 04993",14,24095.30,1721.09,0,0.00
4994,"Customer 04994",11,5902.08,536.55,0,0.00
4995,"Customer 04995",9,10004.34,1111.59,0,0.00
4996,"Customer 04996",9,8979.31,997.70,1,11.11
4997,"Customer 04997",10,13150.30,1315.03,0,0.00
4998,"Customer 04998",6,13993.11,2332.19,0,0.00
4999,"Customer 04999",4,2364.94,591.24,0,0.00
5000,"Customer 05000",10,14778.44,1477.84,0,0.00
